offer_id,family_en,source_file,source_row,reason,decided_by,decided_on
MIX_DIA_1,Mix Diamond,source/internet_offers_data_v4.csv,33,Ali confirmed on 2026-09-22 that the Mix families are no longer sold; he had removed them from his own catalogue on 2026-09-18 in commit 62040af,Ali Marghem,2026-09-22
MIX_DIA_2,Mix Diamond,source/internet_offers_data_v4.csv,34,Ali confirmed on 2026-09-22 that the Mix families are no longer sold; he had removed them from his own catalogue on 2026-09-18 in commit 62040af,Ali Marghem,2026-09-22
MIX_DIA_3,Mix Diamond,source/internet_offers_data_v4.csv,35,Ali confirmed on 2026-09-22 that the Mix families are no longer sold; he had removed them from his own catalogue on 2026-09-18 in commit 62040af,Ali Marghem,2026-09-22
MIX_DIA_4,Mix Diamond,source/internet_offers_data_v4.csv,36,Ali confirmed on 2026-09-22 that the Mix families are no longer sold; he had removed them from his own catalogue on 2026-09-18 in commit 62040af,Ali Marghem,2026-09-22
MIX_PLT_1,Mix Platinum,source/internet_offers_data_v4.csv,37,Ali confirmed on 2026-09-22 that the Mix families are no longer sold; he had removed them from his own catalogue on 2026-09-18 in commit 62040af,Ali Marghem,2026-09-22
MIX_PLT_2,Mix Platinum,source/internet_offers_data_v4.csv,38,Ali confirmed on 2026-09-22 that the Mix families are no longer sold; he had removed them from his own catalogue on 2026-09-18 in commit 62040af,Ali Marghem,2026-09-22
MIX_PLT_3,Mix Platinum,source/internet_offers_data_v4.csv,39,Ali confirmed on 2026-09-22 that the Mix families are no longer sold; he had removed them from his own catalogue on 2026-09-18 in commit 62040af,Ali Marghem,2026-09-22
MIX_PLT_4,Mix Platinum,source/internet_offers_data_v4.csv,40,Ali confirmed on 2026-09-22 that the Mix families are no longer sold; he had removed them from his own catalogue on 2026-09-18 in commit 62040af,Ali Marghem,2026-09-22
MIX_BRZ_1,Mix Bronze,source/internet_offers_data_v4.csv,41,Ali confirmed on 2026-09-22 that the Mix families are no longer sold; he had removed them from his own catalogue on 2026-09-18 in commit 62040af,Ali Marghem,2026-09-22
MIX_BRZ_2,Mix Bronze,source/internet_offers_data_v4.csv,42,Ali confirmed on 2026-09-22 that the Mix families are no longer sold; he had removed them from his own catalogue on 2026-09-18 in commit 62040af,Ali Marghem,2026-09-22
MIX_BRZ_3,Mix Bronze,source/internet_offers_data_v4.csv,43,Ali confirmed on 2026-09-22 that the Mix families are no longer sold; he had removed them from his own catalogue on 2026-09-18 in commit 62040af,Ali Marghem,2026-09-22
MIX_BRZ_4,Mix Bronze,source/internet_offers_data_v4.csv,44,Ali confirmed on 2026-09-22 that the Mix families are no longer sold; he had removed them from his own catalogue on 2026-09-18 in commit 62040af,Ali Marghem,2026-09-22
MIX_SLV_1,Mix Silver,source/internet_offers_data_v4.csv,45,Ali confirmed on 2026-09-22 that the Mix families are no longer sold; he had removed them from his own catalogue on 2026-09-18 in commit 62040af,Ali Marghem,2026-09-22
MIX_SLV_2,Mix Silver,source/internet_offers_data_v4.csv,46,Ali confirmed on 2026-09-22 that the Mix families are no longer sold; he had removed them from his own catalogue on 2026-09-18 in commit 62040af,Ali Marghem,2026-09-22
MIX_SLV_3,Mix Silver,source/internet_offers_data_v4.csv,47,Ali confirmed on 2026-09-22 that the Mix families are no longer sold; he had removed them from his own catalogue on 2026-09-18 in commit 62040af,Ali Marghem,2026-09-22
MIX_SLV_4,Mix Silver,source/internet_offers_data_v4.csv,48,Ali confirmed on 2026-09-22 that the Mix families are no longer sold; he had removed them from his own catalogue on 2026-09-18 in commit 62040af,Ali Marghem,2026-09-22
MIX_GLD_1,Mix Gold,source/internet_offers_data_v4.csv,49,Ali confirmed on 2026-09-22 that the Mix families are no longer sold; he had removed them from his own catalogue on 2026-09-18 in commit 62040af,Ali Marghem,2026-09-22
MIX_GLD_2,Mix Gold,source/internet_offers_data_v4.csv,50,Ali confirmed on 2026-09-22 that the Mix families are no longer sold; he had removed them from his own catalogue on 2026-09-18 in commit 62040af,Ali Marghem,2026-09-22
MIX_GLD_3,Mix Gold,source/internet_offers_data_v4.csv,51,Ali confirmed on 2026-09-22 that the Mix families are no longer sold; he had removed them from his own catalogue on 2026-09-18 in commit 62040af,Ali Marghem,2026-09-22
MIX_GLD_4,Mix Gold,source/internet_offers_data_v4.csv,52,Ali confirmed on 2026-09-22 that the Mix families are no longer sold; he had removed them from his own catalogue on 2026-09-18 in commit 62040af,Ali Marghem,2026-09-22
