offer_id,operator,family_ar,family_en,name_ar,name_en,price_lyd,validity_ar,validity_hours,data_gb,data_unlimited,volume_source,voice_minutes,voice_unlimited,members,max_download_mbps,max_upload_mbps,network,valid_from_hour,valid_to_hour,source_file,source_row,collected,notes
HR5G_1,Almadar Aljadid,باقات الساعة,Hourly 5G,نت ساعة 1_5G,Net 1 hour 5G,5,ساعة,1,,1,reported,,0,,,,5G,,,source/internet_offers_data_v4.csv,1,2026-09-18,"Unlimited within the hour, as reported in Ali_Branch."
HR5G_2,Almadar Aljadid,باقات الساعة,Hourly 5G,نت ساعتين 2_5G,Net 2 hours 5G,10,ساعتين,2,,1,reported,,0,,,,5G,,,source/internet_offers_data_v4.csv,2,2026-09-18,"Unlimited within the two hours, as reported in Ali_Branch."
M5G_100,Almadar Aljadid,الباقات الشهرية,Monthly 5G,نت 100_5G,Net 100 5G,120,30 يوم,720,100,0,name,,0,,,,5G,,,source/internet_offers_data_v4.csv,3,2026-09-18,
M5G_200,Almadar Aljadid,الباقات الشهرية,Monthly 5G,نت 200_5G,Net 200 5G,180,30 يوم,720,200,0,name,,0,,,,5G,,,source/internet_offers_data_v4.csv,4,2026-09-18,
M5G_600,Almadar Aljadid,الباقات الشهرية,Monthly 5G,نت 600_5G,Net 600 5G,400,30 يوم,720,600,0,name,,0,,,,5G,,,source/internet_offers_data_v4.csv,5,2026-09-18,
ELT_120,Almadar Aljadid,عروض إيليت,Elite offers,نت 120,Net 120,100,شهر,720,120,0,name,,0,,,,,,,source/internet_offers_data_v4.csv,6,2026-09-18,Validity 'one month' read as 30 days.
ELT_200,Almadar Aljadid,عروض إيليت,Elite offers,نت 200,Net 200,150,شهران,1440,200,0,name,,0,,,,,,,source/internet_offers_data_v4.csv,7,2026-09-18,Validity 'two months' read as 60 days.
ELT_300,Almadar Aljadid,عروض إيليت,Elite offers,نت 300,Net 300,200,شهران,1440,300,0,name,,0,,,,,,,source/internet_offers_data_v4.csv,8,2026-09-18,Validity 'two months' read as 60 days.
MO_6,Almadar Aljadid,عروض شهرية,Monthly offers,نت 6,Net 6,20,30 يوم,720,6,0,name,,0,,,,,,,source/internet_offers_data_v4.csv,9,2026-09-18,
MO_10,Almadar Aljadid,عروض شهرية,Monthly offers,نت 10,Net 10,30,30 يوم,720,10,0,name,,0,,,,,,,source/internet_offers_data_v4.csv,10,2026-09-18,
MO_20,Almadar Aljadid,عروض شهرية,Monthly offers,نت 20,Net 20,35,30 يوم,720,20,0,name,,0,,,,,,,source/internet_offers_data_v4.csv,11,2026-09-18,
MO_40,Almadar Aljadid,عروض شهرية,Monthly offers,نت 40,Net 40,50,30 يوم,720,40,0,name,,0,,,,,,,source/internet_offers_data_v4.csv,12,2026-09-18,
MO_80,Almadar Aljadid,عروض شهرية,Monthly offers,نت 80,Net 80,80,30 يوم,720,80,0,name,,0,,,,,,,source/internet_offers_data_v4.csv,13,2026-09-18,
DAY_50MB,Almadar Aljadid,عروض يومية,Daily offers,نت 50MB,Net 50MB,0.5,يوم,24,0.05,0,name,,0,,,,,,,source/internet_offers_data_v4.csv,14,2026-09-18,
DAY_100MB,Almadar Aljadid,عروض يومية,Daily offers,نت 100MB,Net 100MB,1,يوم,24,0.1,0,name,,0,,,,,,,source/internet_offers_data_v4.csv,15,2026-09-18,
DAY_QTR,Almadar Aljadid,عروض يومية,Daily offers,نت 1/4,Net 1/4,2,3 أيام,72,0.25,0,name,,0,,,,,,,source/internet_offers_data_v4.csv,16,2026-09-18,
DAY_HALF,Almadar Aljadid,عروض يومية,Daily offers,نت 1/2,Net 1/2,3,3 أيام,72,0.5,0,name,,0,,,,,,,source/internet_offers_data_v4.csv,17,2026-09-18,
GOLD_1,Almadar Aljadid,الباقات الذهبية,Golden unlimited,ذهبي 1,Golden 1,10,1 يوم,24,,1,stated,,0,,,,,,,source/internet_offers_data_v4.csv,18,2026-09-18,
GOLD_3,Almadar Aljadid,الباقات الذهبية,Golden unlimited,ذهبي 3,Golden 3,25,3 يوم,72,,1,stated,,0,,,,,,,source/internet_offers_data_v4.csv,19,2026-09-18,
GOLD_7,Almadar Aljadid,الباقات الذهبية,Golden unlimited,ذهبي 7,Golden 7,50,7 يوم,168,,1,stated,,0,,,,,,,source/internet_offers_data_v4.csv,20,2026-09-18,
GOLD_30,Almadar Aljadid,الباقات الذهبية,Golden unlimited,ذهبي 30,Golden 30,160,30 يوم,720,,1,stated,,0,,,,,,,source/internet_offers_data_v4.csv,21,2026-09-18,
SLVR_1,Almadar Aljadid,الباقات الفضية,Silver unlimited,فضي 1,Silver 1,8,1 يوم,24,,1,reported,,0,,8,,,,,source/internet_offers_data_v4.csv,22,2026-09-18,The file states only an 8 Mbps download cap; unlimited as reported in Ali_Branch.
SLVR_3,Almadar Aljadid,الباقات الفضية,Silver unlimited,فضي 3,Silver 3,20,3 يوم,72,,1,reported,,0,,8,,,,,source/internet_offers_data_v4.csv,23,2026-09-18,The file states only an 8 Mbps download cap; unlimited as reported in Ali_Branch.
SLVR_7,Almadar Aljadid,الباقات الفضية,Silver unlimited,فضي 7,Silver 7,40,7 يوم,168,,1,reported,,0,,8,,,,,source/internet_offers_data_v4.csv,24,2026-09-18,The file states only an 8 Mbps download cap; unlimited as reported in Ali_Branch.
SLVR_30,Almadar Aljadid,الباقات الفضية,Silver unlimited,فضي 30,Silver 30,130,30 يوم,720,,1,reported,,0,,8,,,,,source/internet_offers_data_v4.csv,25,2026-09-18,The file states only an 8 Mbps download cap; unlimited as reported in Ali_Branch.
SOC_D,Almadar Aljadid,عروض Social,Social offers,سوشيال يومي,Social daily,1,يومي,24,,0,none,,0,,,,,,,source/internet_offers_data_v4.csv,26,2026-09-18,Volume and covered apps not stated.
SOC_W,Almadar Aljadid,عروض Social,Social offers,سوشيال اسبوعي,Social weekly,5,اسبوعي,168,,0,none,,0,,,,,,,source/internet_offers_data_v4.csv,27,2026-09-18,Volume and covered apps not stated.
SOC_M,Almadar Aljadid,عروض Social,Social offers,سوشيال شهري,Social monthly,20,شهري,720,,0,none,,0,,,,,,,source/internet_offers_data_v4.csv,28,2026-09-18,Volume and covered apps not stated.
MACC_1,Almadar Aljadid,عروض باقات الساعة,Macchiato hourly,ميكياتو ساعة,Macchiato 1 hour,2,ساعة,1,,1,stated,,0,,,,,,,source/internet_offers_data_v4.csv,29,2026-09-18,
MACC_2,Almadar Aljadid,عروض باقات الساعة,Macchiato hourly,ميكياتو ساعتين,Macchiato 2 hours,3,ساعتين,2,,1,stated,,0,,,,,,,source/internet_offers_data_v4.csv,30,2026-09-18,
WK_1,Almadar Aljadid,عروض اسبوعية,Weekly offers,نت 1,Net 1,5,أسبوع,168,1,0,name,,0,,,,,,,source/internet_offers_data_v4.csv,31,2026-09-18,
WK_2,Almadar Aljadid,عروض اسبوعية,Weekly offers,نت 2,Net 2,8,أسبوع,168,2,0,name,,0,,,,,,,source/internet_offers_data_v4.csv,32,2026-09-18,
MIX_DIA_1,Almadar Aljadid,باقة مكس الماسية,Mix Diamond,مكس 1,Mix 1,3,1 يوم,24,3,0,stated,40,0,,16,8,,,,source/internet_offers_data_v4.csv,33,2026-09-18,"Not in Ali_Branch's 37-package catalogue (removed 2026-09-18, reason not recorded)."
MIX_DIA_2,Almadar Aljadid,باقة مكس الماسية,Mix Diamond,مكس 2,Mix 2,7,3 ايام,72,7,0,stated,100,0,,16,8,,,,source/internet_offers_data_v4.csv,34,2026-09-18,"Not in Ali_Branch's 37-package catalogue (removed 2026-09-18, reason not recorded)."
MIX_DIA_3,Almadar Aljadid,باقة مكس الماسية,Mix Diamond,مكس 3,Mix 3,20,7 ايام,168,20,0,stated,500,0,,16,8,,,,source/internet_offers_data_v4.csv,35,2026-09-18,"Not in Ali_Branch's 37-package catalogue (removed 2026-09-18, reason not recorded)."
MIX_DIA_4,Almadar Aljadid,باقة مكس الماسية,Mix Diamond,مكس 4,Mix 4,75,30 يوم,720,80,0,stated,1500,0,,16,8,,,,source/internet_offers_data_v4.csv,36,2026-09-18,"Not in Ali_Branch's 37-package catalogue (removed 2026-09-18, reason not recorded)."
MIX_PLT_1,Almadar Aljadid,باقة مكس البلاتينية,Mix Platinum,مكس 1,Mix 1,2,1 يوم,24,2,0,stated,30,0,,16,8,,,,source/internet_offers_data_v4.csv,37,2026-09-18,"Not in Ali_Branch's 37-package catalogue (removed 2026-09-18, reason not recorded)."
MIX_PLT_2,Almadar Aljadid,باقة مكس البلاتينية,Mix Platinum,مكس 2,Mix 2,6,3 ايام,72,6,0,stated,80,0,,16,8,,,,source/internet_offers_data_v4.csv,38,2026-09-18,"Not in Ali_Branch's 37-package catalogue (removed 2026-09-18, reason not recorded)."
MIX_PLT_3,Almadar Aljadid,باقة مكس البلاتينية,Mix Platinum,مكس 3,Mix 3,15,7 ايام,168,15,0,stated,300,0,,16,8,,,,source/internet_offers_data_v4.csv,39,2026-09-18,"Not in Ali_Branch's 37-package catalogue (removed 2026-09-18, reason not recorded)."
MIX_PLT_4,Almadar Aljadid,باقة مكس البلاتينية,Mix Platinum,مكس 4,Mix 4,55,30 يوم,720,60,0,stated,900,0,,16,8,,,,source/internet_offers_data_v4.csv,40,2026-09-18,"Not in Ali_Branch's 37-package catalogue (removed 2026-09-18, reason not recorded)."
MIX_BRZ_1,Almadar Aljadid,باقة مكس البرونزية,Mix Bronze,مكس 1,Mix 1,1,1 يوم,24,1,0,stated,10,0,,16,8,,,,source/internet_offers_data_v4.csv,41,2026-09-18,"Not in Ali_Branch's 37-package catalogue (removed 2026-09-18, reason not recorded)."
MIX_BRZ_2,Almadar Aljadid,باقة مكس البرونزية,Mix Bronze,مكس 2,Mix 2,2,3 ايام,72,3,0,stated,30,0,,16,8,,,,source/internet_offers_data_v4.csv,42,2026-09-18,"Not in Ali_Branch's 37-package catalogue (removed 2026-09-18, reason not recorded)."
MIX_BRZ_3,Almadar Aljadid,باقة مكس البرونزية,Mix Bronze,مكس 3,Mix 3,5,7 ايام,168,5,0,stated,100,0,,16,8,,,,source/internet_offers_data_v4.csv,43,2026-09-18,"Not in Ali_Branch's 37-package catalogue (removed 2026-09-18, reason not recorded)."
MIX_BRZ_4,Almadar Aljadid,باقة مكس البرونزية,Mix Bronze,مكس 4,Mix 4,20,30 يوم,720,20,0,stated,200,0,,16,8,,,,source/internet_offers_data_v4.csv,44,2026-09-18,"Not in Ali_Branch's 37-package catalogue (removed 2026-09-18, reason not recorded)."
MIX_SLV_1,Almadar Aljadid,باقة مكس الفضية,Mix Silver,مكس 1,Mix 1,1,1 يوم,24,1,0,stated,10,0,,16,8,,,,source/internet_offers_data_v4.csv,45,2026-09-18,"Not in Ali_Branch's 37-package catalogue (removed 2026-09-18, reason not recorded)."
MIX_SLV_2,Almadar Aljadid,باقة مكس الفضية,Mix Silver,مكس 2,Mix 2,3,3 ايام,72,4,0,stated,40,0,,16,8,,,,source/internet_offers_data_v4.csv,46,2026-09-18,"Not in Ali_Branch's 37-package catalogue (removed 2026-09-18, reason not recorded)."
MIX_SLV_3,Almadar Aljadid,باقة مكس الفضية,Mix Silver,مكس 3,Mix 3,7,7 ايام,168,8,0,stated,200,0,,16,8,,,,source/internet_offers_data_v4.csv,47,2026-09-18,"Not in Ali_Branch's 37-package catalogue (removed 2026-09-18, reason not recorded)."
MIX_SLV_4,Almadar Aljadid,باقة مكس الفضية,Mix Silver,مكس 4,Mix 4,30,30 يوم,720,30,0,stated,500,0,,16,8,,,,source/internet_offers_data_v4.csv,48,2026-09-18,"Not in Ali_Branch's 37-package catalogue (removed 2026-09-18, reason not recorded)."
MIX_GLD_1,Almadar Aljadid,باقة مكس الذهبية,Mix Gold,مكس 1,Mix 1,2,1 يوم,24,2,0,stated,20,0,,16,8,,,,source/internet_offers_data_v4.csv,49,2026-09-18,"Not in Ali_Branch's 37-package catalogue (removed 2026-09-18, reason not recorded)."
MIX_GLD_2,Almadar Aljadid,باقة مكس الذهبية,Mix Gold,مكس 2,Mix 2,5,3 ايام,72,5,0,stated,60,0,,16,8,,,,source/internet_offers_data_v4.csv,50,2026-09-18,"Not in Ali_Branch's 37-package catalogue (removed 2026-09-18, reason not recorded)."
MIX_GLD_3,Almadar Aljadid,باقة مكس الذهبية,Mix Gold,مكس 3,Mix 3,10,7 ايام,168,10,0,stated,250,0,,16,8,,,,source/internet_offers_data_v4.csv,51,2026-09-18,"Not in Ali_Branch's 37-package catalogue (removed 2026-09-18, reason not recorded)."
MIX_GLD_4,Almadar Aljadid,باقة مكس الذهبية,Mix Gold,مكس 4,Mix 4,35,30 يوم,720,40,0,stated,800,0,,16,8,,,,source/internet_offers_data_v4.csv,52,2026-09-18,"Not in Ali_Branch's 37-package catalogue (removed 2026-09-18, reason not recorded)."
FAM_70,Almadar Aljadid,باقات حصتي معاك,Family share,فاميلي 70,Family 70,90,30 يوم,720,70,0,stated,300,0,3,,,,,,source/internet_offers_data_v4.csv,53,2026-09-18,
FAM_100,Almadar Aljadid,باقات حصتي معاك,Family share,فاميلي 100,Family 100,120,30 يوم,720,100,0,stated,400,0,4,,,,,,source/internet_offers_data_v4.csv,54,2026-09-18,
FAM_140,Almadar Aljadid,باقات حصتي معاك,Family share,فاميلي 140,Family 140,160,30 يوم,720,140,0,stated,600,0,5,,,,,,source/internet_offers_data_v4.csv,55,2026-09-18,
FAM_250,Almadar Aljadid,باقات حصتي معاك,Family share,فاميلي 250,Family 250,250,30 يوم,720,250,0,stated,1000,0,5,,,,,,source/internet_offers_data_v4.csv,56,2026-09-18,
SABAH_1,Almadar Aljadid,عروض الصبح,Morning offers,الصبح,Morning,1,صلاحية 1 يوم,24,,1,stated,,1,,,,,6,11,source/internet_offers_data_v4.csv,57,2026-09-18,Unlimited data and voice from 06:00 to 11:00 only.
