Cluster,Total_Towers,Avg_Users_Per_Tower,Peak_Tower_Users,Avg_Speed_Mbps,Avg_Congestion_Risk,Total_Cluster_Headroom
BTWRM,1,6.52,10.16,16.05,26.58,923.95
CTWRM,1,3.25,6.62,27.19,11.33,1280.61
DAS,9,5.2,16.36,20.21,22.07,9896.59
DOT,12,2.18,12.77,35.13,7.98,15440.99
DTWRM,1,4.85,9.49,22.97,17.05,1105.86
MTWRM,1,2.97,8.05,27.45,10.59,1179.04
NSB,46,19.19,70.28,8.81,45.51,91741.37
NSU,36,17.23,59.02,9.69,53.25,28582.05
NT,666,15.58,64.32,9.21,57.71,279136.52
NZW,72,14.07,62.6,11.47,44.34,71001.66
PH,12,20.06,66.11,8.32,53.31,14845.42
RP,1,6.53,8.11,9.09,41.25,923.12
SBR,1,24.58,39.25,7.08,63.7,480.9
SUR,3,23.38,50.92,8.25,61.97,1195.97
T,29,17.27,59.04,8.49,60.12,10651.54
TI,23,22.32,64.82,6.32,65.11,11869.51
TLILM,1,17.95,48.86,12.39,32.4,2648.59
TR,61,16.54,45.54,8.29,59.41,24355.0
TS,1,13.7,20.94,5.75,65.85,344.89
TTWRM,1,10.06,15.28,17.05,42.09,538.75
VIP,1,3.65,5.93,20.46,13.67,1237.5
WTWRM,1,11.46,15.66,7.45,60.04,386.17
ZAW,65,15.6,56.09,11.1,53.11,25173.1
ZW,7,13.55,38.19,9.56,46.6,5731.87
ZWY,8,22.79,47.2,9.5,61.77,1790.51
