feature,importance,kpi
connected_users_roll_mean_7,0.3773553967475891,connected_users
connected_users_lag_1,0.3175908625125885,connected_users
connected_users_roll_mean_14,0.200936958193779,connected_users
connected_users_lag_7,0.043255630880594254,connected_users
connected_users_lag_2,0.01982288435101509,connected_users
connected_users_lag_14,0.012102984823286533,connected_users
connected_users_roll_mean_28,0.010542117059230804,connected_users
connected_users_lag_21,0.004388989880681038,connected_users
connected_users_lag_28,0.002687997417524457,connected_users
connected_users_tower_mean,0.0012553345877677202,connected_users
is_libya_weekend,0.0012077558785676956,connected_users
connected_users_diff_1_7,0.0011401280062273145,connected_users
connected_users_lag_3,0.0009954762645065784,connected_users
cos_dow,0.0008432468748651445,connected_users
connected_users_tower_std,0.0007536601624451578,connected_users
connected_users_roll_std_7,0.0007345010526478291,connected_users
cos_month,0.0007237815880216658,connected_users
sin_dow,0.0006926995702087879,connected_users
dow,0.0006637615151703358,connected_users
month,0.0006455738330259919,connected_users
sin_month,0.000605397392064333,connected_users
day,0.0005300964694470167,connected_users
tower_num,0.0005247017834335566,connected_users
dl_throughput_roll_mean_7,0.5325683355331421,dl_throughput
dl_throughput_roll_mean_14,0.19326472282409668,dl_throughput
dl_throughput_lag_1,0.1518765687942505,dl_throughput
dl_throughput_roll_mean_28,0.027621151879429817,dl_throughput
dl_throughput_tower_mean,0.019677188247442245,dl_throughput
dl_throughput_lag_7,0.011913210153579712,dl_throughput
is_libya_weekend,0.006622183136641979,dl_throughput
dl_throughput_tower_std,0.00594913586974144,dl_throughput
dl_throughput_lag_28,0.005104865878820419,dl_throughput
dl_throughput_lag_14,0.00496620824560523,dl_throughput
dl_throughput_lag_21,0.0049075111746788025,dl_throughput
cos_dow,0.0045877438969910145,dl_throughput
sin_month,0.003562662983313203,dl_throughput
tower_num,0.003450181568041444,dl_throughput
dl_throughput_roll_std_7,0.0031818123534321785,dl_throughput
dl_throughput_lag_2,0.002912812400609255,dl_throughput
dl_throughput_lag_3,0.0028007596265524626,dl_throughput
day,0.002711696783080697,dl_throughput
cos_month,0.002605948830023408,dl_throughput
sin_dow,0.0025960200000554323,dl_throughput
dl_throughput_diff_1_7,0.002569319447502494,dl_throughput
month,0.0023017670027911663,dl_throughput
dow,0.0022482923232018948,dl_throughput
cell_availability_roll_mean_7,0.6271628737449646,cell_availability
cell_availability_roll_mean_14,0.20506158471107483,cell_availability
cell_availability_roll_mean_28,0.06344210356473923,cell_availability
cell_availability_lag_1,0.03710237145423889,cell_availability
cell_availability_lag_2,0.01029537245631218,cell_availability
cos_dow,0.006219825707376003,cell_availability
sin_month,0.005372932646423578,cell_availability
cell_availability_diff_1_7,0.004869136959314346,cell_availability
cell_availability_lag_3,0.003988452255725861,cell_availability
cell_availability_lag_7,0.0038811583071947098,cell_availability
cell_availability_tower_std,0.003611417254433036,cell_availability
month,0.0035667442716658115,cell_availability
cell_availability_tower_mean,0.0034347481559962034,cell_availability
cos_month,0.0026970633771270514,cell_availability
cell_availability_roll_std_7,0.0026507372967898846,cell_availability
cell_availability_lag_21,0.002369277412071824,cell_availability
sin_dow,0.0023178537376224995,cell_availability
day,0.002300525549799204,cell_availability
dow,0.0021317293867468834,cell_availability
tower_num,0.002064165659248829,cell_availability
is_libya_weekend,0.0020250920206308365,cell_availability
cell_availability_lag_28,0.0018549308879300952,cell_availability
cell_availability_lag_14,0.001579894800670445,cell_availability
drop_rate_roll_mean_7,0.13590040802955627,drop_rate
drop_rate_roll_mean_14,0.1270638406276703,drop_rate
drop_rate_lag_1,0.11953411251306534,drop_rate
cos_dow,0.050377652049064636,drop_rate
day,0.048454008996486664,drop_rate
is_libya_weekend,0.04369119927287102,drop_rate
sin_month,0.041629113256931305,drop_rate
drop_rate_lag_2,0.03821679577231407,drop_rate
drop_rate_roll_mean_28,0.03663216531276703,drop_rate
drop_rate_tower_std,0.032398901879787445,drop_rate
drop_rate_tower_mean,0.03153671324253082,drop_rate
drop_rate_roll_std_7,0.029009224846959114,drop_rate
sin_dow,0.028297316282987595,drop_rate
tower_num,0.028142239898443222,drop_rate
drop_rate_lag_3,0.028049902990460396,drop_rate
month,0.027598392218351364,drop_rate
drop_rate_diff_1_7,0.025269702076911926,drop_rate
cos_month,0.024942662566900253,drop_rate
drop_rate_lag_7,0.02381705678999424,drop_rate
drop_rate_lag_14,0.022491969168186188,drop_rate
dow,0.01923898234963417,drop_rate
drop_rate_lag_28,0.019086314365267754,drop_rate
drop_rate_lag_21,0.018621353432536125,drop_rate
