mcc,mnc,net_type,h3_r8,sample_count,day_count,device_count,cell_count,spatial_bins_r9,median_dbm,p10_dbm,p90_dbm,median_lte_rsrp_dbm
606,0,GSM,88384b299dfffff,3,1,1,1,1,-71.0,-71.0,-71.0,
606,0,GSM,88384b29bdfffff,8,1,1,2,2,-78.0,-80.4,-75.6,
606,0,GSM,88384b29cbfffff,5,1,1,2,2,-79.0,-80.6,-77.4,
606,0,GSM,88384b2dc1fffff,10,1,1,1,2,-74.0,-76.4,-71.6,
606,0,GSM,88384b2dc5fffff,7,1,1,1,1,-71.0,-71.0,-71.0,
606,0,GSM,88384b2f27fffff,6,1,1,1,1,-81.0,-81.0,-81.0,
606,0,LTE,88384b2983fffff,3,1,1,2,1,-111.0,-111.0,-111.0,-123.0
606,0,LTE,88384b2987fffff,3,1,1,1,1,-107.0,-107.0,-107.0,-118.0
606,0,LTE,88384b298bfffff,3,1,1,3,1,-111.0,-111.0,-111.0,-116.0
606,0,LTE,88384b29abfffff,3,1,1,1,1,-109.0,-109.0,-109.0,-124.0
606,0,LTE,88384b29b5fffff,3,1,1,1,1,-113.0,-113.0,-113.0,-44.0
606,0,LTE,88384b29c3fffff,1,1,1,1,1,-113.0,-113.0,-113.0,-44.0
606,0,LTE,88384b2d01fffff,2,1,1,1,1,-113.0,-113.0,-113.0,-44.0
606,0,LTE,88384b2d0dfffff,2,1,1,1,2,-113.0,-113.0,-113.0,-44.0
606,0,LTE,88384b2d63fffff,8,1,1,1,2,-113.0,-113.0,-113.0,-44.0
606,0,UMTS,88384b2807fffff,6,1,1,2,1,-69.0,-69.0,-69.0,
606,0,UMTS,88384b2813fffff,25,1,1,6,3,-71.0,-78.2,-69.4,
606,0,UMTS,88384b2815fffff,17,1,1,2,2,-71.0,-71.0,-71.0,
606,0,UMTS,88384b2817fffff,23,1,1,4,3,-68.0,-75.2,-66.4,
606,0,UMTS,88384b2823fffff,31,1,1,8,4,-71.0,-78.6,-66.2,
606,0,UMTS,88384b282bfffff,16,1,1,4,2,-72.0,-72.8,-71.2,
606,0,UMTS,88384b2839fffff,22,1,1,3,3,-67.0,-67.0,-63.8,
606,0,UMTS,88384b283dfffff,7,1,1,1,1,-59.0,-59.0,-59.0,
606,0,UMTS,88384b289bfffff,4,1,1,1,1,-97.0,-97.0,-97.0,
606,0,UMTS,88384b28a1fffff,25,1,1,4,3,-83.0,-84.6,-82.2,
606,0,UMTS,88384b28a3fffff,20,1,1,4,4,-74.0,-83.9,-69.0,
606,0,UMTS,88384b28a5fffff,12,1,1,2,2,-78.0,-83.6,-72.4,
606,0,UMTS,88384b28adfffff,3,1,1,2,2,-74.0,-76.4,-71.6,
606,0,UMTS,88384b28b1fffff,17,1,1,4,2,-76.5,-79.3,-73.7,
606,0,UMTS,88384b28b3fffff,27,1,1,6,4,-75.5,-77.0,-69.1,
606,0,UMTS,88384b28b5fffff,17,1,1,2,2,-77.0,-80.2,-73.8,
606,0,UMTS,88384b28bdfffff,3,1,1,3,1,-73.0,-73.0,-73.0,
606,0,UMTS,88384b28c1fffff,5,1,1,2,1,-63.0,-63.0,-63.0,
606,0,UMTS,88384b28c3fffff,16,1,1,3,2,-78.0,-78.8,-77.2,
606,0,UMTS,88384b28c5fffff,18,1,1,3,3,-75.0,-79.8,-65.4,
606,0,UMTS,88384b28c7fffff,15,1,1,3,2,-70.0,-72.4,-67.6,
606,0,UMTS,88384b28d3fffff,18,1,1,2,2,-91.0,-92.6,-89.4,
606,0,UMTS,88384b28d5fffff,31,1,1,5,3,-73.0,-76.2,-72.2,
606,0,UMTS,88384b28d7fffff,25,1,1,3,2,-89.5,-90.7,-88.3,
606,0,UMTS,88384b2983fffff,108,1,1,12,3,-79.0,-85.4,-71.0,
606,0,UMTS,88384b2985fffff,7,1,1,3,1,-81.0,-81.0,-81.0,
606,0,UMTS,88384b2987fffff,38,1,1,10,5,-74.0,-76.8,-73.0,
606,0,UMTS,88384b2989fffff,32,1,1,9,2,-82.5,-86.9,-78.1,
606,0,UMTS,88384b298bfffff,152,1,1,9,2,-77.0,-78.6,-75.4,
606,0,UMTS,88384b2999fffff,6,1,1,3,1,-67.0,-67.0,-67.0,
606,0,UMTS,88384b299dfffff,25,1,1,9,3,-70.0,-88.4,-69.2,
606,0,UMTS,88384b29a3fffff,31,1,1,3,2,-78.0,-82.0,-74.0,
606,0,UMTS,88384b29abfffff,20,1,1,4,2,-76.0,-76.8,-75.2,
606,0,UMTS,88384b29b5fffff,25,1,1,9,1,-85.0,-85.0,-85.0,
606,0,UMTS,88384b29b9fffff,29,1,1,6,2,-74.0,-74.8,-73.2,
606,0,UMTS,88384b29bdfffff,99,1,1,9,6,-79.0,-84.0,-73.0,
606,0,UMTS,88384b29c3fffff,30,1,1,6,5,-71.0,-76.4,-67.8,
606,0,UMTS,88384b29c9fffff,15,1,1,3,2,-80.0,-82.4,-77.6,
606,0,UMTS,88384b29cbfffff,14,1,1,2,2,-78.0,-78.8,-77.2,
606,0,UMTS,88384b29d1fffff,9,1,1,2,1,-61.0,-61.0,-61.0,
606,0,UMTS,88384b29d3fffff,27,1,1,4,3,-75.0,-76.6,-71.8,
606,0,UMTS,88384b29d5fffff,4,1,1,2,1,-79.0,-79.0,-79.0,
606,0,UMTS,88384b29d7fffff,45,1,1,11,4,-75.0,-77.8,-72.2,
606,0,UMTS,88384b2c21fffff,15,1,1,2,2,-78.0,-78.8,-77.2,
606,0,UMTS,88384b2c23fffff,23,1,1,4,3,-63.0,-75.8,-63.0,
606,0,UMTS,88384b2c25fffff,17,1,1,2,2,-61.5,-65.1,-57.9,
606,0,UMTS,88384b2d01fffff,147,3,1,14,4,-81.0,-91.0,-71.7,
606,0,UMTS,88384b2d03fffff,55,2,1,6,3,-66.0,-71.0,-57.0,
606,0,UMTS,88384b2d07fffff,24,1,1,5,1,-79.0,-79.0,-79.0,
606,0,UMTS,88384b2d0dfffff,12,1,1,1,3,-73.0,-74.6,-73.0,
606,0,UMTS,88384b2d11fffff,37,2,1,5,2,-73.5,-77.5,-72.3,
606,0,UMTS,88384b2d13fffff,45,2,1,4,4,-77.0,-82.2,-73.0,
606,0,UMTS,88384b2d15fffff,32,2,1,6,2,-70.0,-79.4,-64.8,
606,0,UMTS,88384b2d41fffff,27,1,1,5,3,-81.0,-82.6,-77.8,
606,0,UMTS,88384b2d43fffff,25,1,1,5,2,-76.0,-76.8,-75.2,
606,0,UMTS,88384b2d49fffff,3,1,1,1,1,-81.0,-81.0,-81.0,
606,0,UMTS,88384b2d4dfffff,1,1,1,1,1,-81.0,-81.0,-81.0,
606,0,UMTS,88384b2d51fffff,15,1,1,2,2,-72.0,-72.8,-71.2,
606,0,UMTS,88384b2d53fffff,25,1,1,3,3,-67.0,-70.2,-67.0,
606,0,UMTS,88384b2d55fffff,6,1,1,2,1,-71.0,-71.0,-71.0,
606,0,UMTS,88384b2d5dfffff,15,1,1,2,2,-75.0,-79.8,-70.2,
606,0,UMTS,88384b2d61fffff,22,1,1,4,3,-69.0,-73.8,-67.4,
606,0,UMTS,88384b2d63fffff,9,1,1,2,2,-65.0,-66.6,-63.4,
606,0,UMTS,88384b2d65fffff,15,1,1,2,2,-69.0,-70.6,-67.4,
606,0,UMTS,88384b2dc1fffff,79,2,1,8,4,-85.0,-89.8,-74.2,
606,0,UMTS,88384b2dc5fffff,48,2,1,4,3,-72.0,-75.0,-70.0,
606,0,UMTS,88384b2dc9fffff,45,2,1,8,3,-73.0,-78.6,-64.2,
606,0,UMTS,88384b2dcbfffff,17,2,1,4,1,-78.5,-79.7,-77.3,
606,0,UMTS,88384b2f25fffff,17,1,1,2,3,-77.0,-86.6,-77.0,
606,0,UMTS,88384b2f27fffff,1,1,1,1,1,-97.0,-97.0,-97.0,
606,1,LTE,88384b2807fffff,6,1,1,1,1,-69.0,-69.0,-69.0,-79.0
606,1,LTE,88384b2813fffff,32,2,2,3,3,-70.0,-79.0,-57.0,-91.0
606,1,LTE,88384b2815fffff,17,1,1,3,2,-83.0,-83.0,-83.0,-101.0
606,1,LTE,88384b2817fffff,23,1,1,3,3,-69.0,-73.8,-67.4,-82.0
606,1,LTE,88384b2823fffff,31,1,1,6,4,-64.0,-70.6,-61.6,-82.0
606,1,LTE,88384b2829fffff,11,1,1,1,2,-61.0,-69.0,-53.0,-89.0
606,1,LTE,88384b282bfffff,16,1,1,4,2,-68.0,-68.8,-67.2,-81.0
606,1,LTE,88384b282dfffff,10,1,1,2,2,-55.0,-55.0,-55.0,-87.0
606,1,LTE,88384b2839fffff,22,1,1,3,3,-73.0,-74.6,-69.8,-90.0
606,1,LTE,88384b283dfffff,7,1,1,2,1,-63.0,-63.0,-63.0,-75.0
606,1,LTE,88384b2863fffff,2,1,1,1,1,-71.0,-71.0,-71.0,-80.0
606,1,LTE,88384b2867fffff,6,1,1,2,2,-70.0,-70.8,-69.2,-96.0
606,1,LTE,88384b289bfffff,9,2,2,2,1,-84.0,-107.2,-60.8,-77.0
606,1,LTE,88384b28a1fffff,17,1,1,3,3,-65.0,-69.8,-65.0,-76.0
606,1,LTE,88384b28a3fffff,20,1,1,4,4,-72.0,-77.2,-71.0,-88.0
606,1,LTE,88384b28a5fffff,12,1,1,2,2,-64.5,-67.3,-61.7,-77.25
606,1,LTE,88384b28adfffff,3,1,1,1,2,-88.0,-108.0,-68.0,-60.0
606,1,LTE,88384b28b1fffff,17,1,1,4,2,-68.5,-68.9,-68.1,-86.25
606,1,LTE,88384b28b3fffff,26,1,1,4,4,-80.5,-84.1,-79.0,-95.0
606,1,LTE,88384b28b5fffff,14,1,1,2,2,-64.0,-64.8,-63.2,-78.0
606,1,LTE,88384b28bdfffff,2,1,1,2,1,-71.0,-71.0,-71.0,-84.0
606,1,LTE,88384b28c1fffff,5,1,1,2,1,-75.0,-75.0,-75.0,-102.0
606,1,LTE,88384b28c3fffff,20,2,2,3,2,-67.0,-68.6,-63.8,-83.0
606,1,LTE,88384b28c5fffff,18,1,1,4,3,-75.0,-79.8,-75.0,-95.0
606,1,LTE,88384b28c7fffff,15,1,1,2,2,-74.5,-74.9,-74.1,-92.5
606,1,LTE,88384b28d3fffff,28,2,2,4,2,-81.0,-89.0,-63.199999999999996,-107.0
606,1,LTE,88384b28d5fffff,40,2,2,5,3,-73.0,-76.2,-63.8,-91.0
606,1,LTE,88384b28d7fffff,27,2,2,2,2,-80.0,-83.8,-79.0,-98.5
606,1,LTE,88384b295bfffff,6,1,1,3,1,-69.0,-69.0,-69.0,-99.0
606,1,LTE,88384b2983fffff,90,1,1,11,3,-69.0,-78.6,-64.2,-84.5
606,1,LTE,88384b2985fffff,6,1,1,1,1,-59.0,-59.0,-59.0,-73.5
606,1,LTE,88384b2987fffff,41,1,1,5,5,-73.0,-73.6,-65.4,-84.0
606,1,LTE,88384b2989fffff,28,1,1,7,2,-69.0,-72.2,-65.8,-91.0
606,1,LTE,88384b298bfffff,140,1,1,16,2,-75.0,-75.8,-74.2,-92.25
606,1,LTE,88384b2999fffff,6,1,1,3,1,-66.0,-66.0,-66.0,-83.0
606,1,LTE,88384b299dfffff,28,1,1,8,3,-74.0,-86.0,-68.4,-93.0
606,1,LTE,88384b29a3fffff,30,1,1,5,2,-70.5,-78.9,-62.1,-87.75
606,1,LTE,88384b29abfffff,19,1,1,3,2,-61.0,-62.6,-59.4,-80.5
606,1,LTE,88384b29b5fffff,20,1,1,7,1,-67.0,-67.0,-67.0,-83.0
606,1,LTE,88384b29b9fffff,25,1,1,5,2,-76.0,-78.4,-73.6,-93.5
606,1,LTE,88384b29bdfffff,93,1,1,14,6,-68.5,-71.0,-63.0,-86.75
606,1,LTE,88384b29c3fffff,32,1,1,7,5,-69.0,-72.6,-65.4,-89.0
606,1,LTE,88384b29c9fffff,15,1,1,2,2,-69.0,-70.6,-67.4,-88.0
606,1,LTE,88384b29cbfffff,19,1,1,4,2,-66.0,-66.8,-65.2,-85.5
606,1,LTE,88384b29d1fffff,6,1,1,2,1,-73.0,-73.0,-73.0,-86.5
606,1,LTE,88384b29d3fffff,27,1,1,5,3,-71.0,-74.2,-71.0,-86.0
606,1,LTE,88384b29d5fffff,4,1,1,1,1,-77.0,-77.0,-77.0,-93.0
606,1,LTE,88384b29d7fffff,52,1,1,11,4,-76.0,-78.4,-73.6,-94.75
606,1,LTE,88384b2c21fffff,15,1,1,2,2,-85.0,-86.6,-83.4,-91.5
606,1,LTE,88384b2c23fffff,23,1,1,3,3,-91.0,-95.8,-89.4,-104.0
606,1,LTE,88384b2c25fffff,17,1,1,3,2,-78.5,-79.7,-77.3,-89.5
606,1,LTE,88384b2d01fffff,125,4,2,16,4,-83.0,-91.8,-71.8,-97.0
606,1,LTE,88384b2d03fffff,48,2,1,7,3,-81.0,-88.0,-70.0,-95.5
606,1,LTE,88384b2d07fffff,21,1,1,7,1,-85.0,-85.0,-85.0,-99.0
606,1,LTE,88384b2d09fffff,25,1,1,3,6,-65.0,-67.0,-61.0,-95.0
606,1,LTE,88384b2d0dfffff,26,2,2,2,4,-58.0,-69.4,-51.0,-83.5
606,1,LTE,88384b2d11fffff,31,2,1,5,2,-84.5,-85.0,-81.9,-96.0
606,1,LTE,88384b2d13fffff,41,2,1,4,4,-75.0,-83.8,-63.4,-92.0
606,1,LTE,88384b2d15fffff,29,2,1,2,2,-85.0,-87.0,-69.0,-99.5
606,1,LTE,88384b2d41fffff,27,1,1,6,3,-74.0,-78.0,-71.6,-92.0
606,1,LTE,88384b2d43fffff,17,1,1,4,2,-71.0,-72.6,-69.4,-86.5
606,1,LTE,88384b2d49fffff,3,1,1,1,1,-87.0,-87.0,-87.0,-103.0
606,1,LTE,88384b2d4dfffff,10,1,1,2,2,-87.0,-87.0,-87.0,-100.0
606,1,LTE,88384b2d51fffff,15,1,1,1,2,-65.0,-69.8,-60.2,-77.5
606,1,LTE,88384b2d53fffff,25,1,1,5,3,-69.0,-77.0,-69.0,-77.0
606,1,LTE,88384b2d55fffff,7,2,2,3,2,-72.0,-80.8,-63.2,-96.5
606,1,LTE,88384b2d5dfffff,15,1,1,2,2,-89.0,-93.8,-84.2,-101.5
606,1,LTE,88384b2d61fffff,22,1,1,4,3,-77.0,-77.0,-73.8,-88.0
606,1,LTE,88384b2d63fffff,17,1,1,2,2,-73.0,-76.2,-69.8,-84.5
606,1,LTE,88384b2d65fffff,15,1,1,2,2,-78.0,-80.4,-75.6,-93.5
606,1,LTE,88384b2dc1fffff,77,2,1,7,4,-71.0,-84.8,-63.0,-84.0
606,1,LTE,88384b2dc5fffff,47,2,1,4,3,-72.0,-76.0,-66.0,-87.5
606,1,LTE,88384b2dc9fffff,40,2,1,5,3,-87.0,-90.2,-73.8,-102.0
606,1,LTE,88384b2dcbfffff,13,2,1,2,1,-85.0,-85.0,-85.0,-95.5
606,1,LTE,88384b2f25fffff,33,2,2,5,3,-75.0,-99.0,-58.0,-110.0
606,1,LTE,88384b2f27fffff,11,2,2,3,2,-87.0,-91.8,-61.4,-110.0
606,1,UMTS,88384b2885fffff,15,1,1,2,1,-75.0,-75.0,-75.0,
606,1,UMTS,88384b288dfffff,6,1,1,1,1,-79.0,-79.0,-79.0,
606,1,UMTS,88384b289bfffff,9,2,1,2,1,-90.0,-95.6,-84.4,
606,1,UMTS,88384b28a1fffff,15,1,1,1,3,-65.0,-69.8,-65.0,
606,1,UMTS,88384b28a3fffff,19,1,1,1,4,-59.0,-68.0,-57.0,
606,1,UMTS,88384b28a5fffff,11,1,1,1,2,-69.5,-73.1,-65.9,
606,1,UMTS,88384b28adfffff,3,1,1,1,2,-67.0,-68.6,-65.4,
606,1,UMTS,88384b28b1fffff,16,1,1,4,2,-73.5,-82.7,-64.3,
606,1,UMTS,88384b28b3fffff,25,1,1,3,3,-73.0,-74.6,-71.4,
606,1,UMTS,88384b28b5fffff,14,1,1,2,2,-74.0,-81.2,-66.8,
606,1,UMTS,88384b28bdfffff,3,1,1,1,1,-65.0,-65.0,-65.0,
606,1,UMTS,88384b28c1fffff,8,1,1,1,1,-73.0,-73.0,-73.0,
606,1,UMTS,88384b28c3fffff,24,2,1,3,2,-78.5,-82.4,-72.5,
606,1,UMTS,88384b28c5fffff,4,1,1,1,1,-77.0,-77.0,-77.0,
606,1,UMTS,88384b28c7fffff,21,1,1,2,3,-75.0,-81.4,-62.2,
606,1,UMTS,88384b28d1fffff,2,1,1,1,2,-83.0,-83.0,-83.0,
606,1,UMTS,88384b28d3fffff,27,2,1,2,2,-89.5,-93.8,-83.1,
606,1,UMTS,88384b28d5fffff,51,3,1,5,3,-87.0,-89.8,-75.2,
606,1,UMTS,88384b28d7fffff,25,2,1,2,2,-79.0,-81.8,-77.6,
606,1,UMTS,88384b28e3fffff,11,1,1,1,2,-76.0,-84.8,-67.2,
606,1,UMTS,88384b28ebfffff,21,1,1,2,3,-65.0,-76.2,-61.8,
606,1,UMTS,88384b298bfffff,28,1,1,5,3,-77.0,-81.8,-69.0,
606,1,UMTS,88384b2999fffff,3,1,1,2,1,-79.0,-79.0,-79.0,
606,1,UMTS,88384b299dfffff,18,1,1,4,2,-79.0,-80.6,-77.4,
606,1,UMTS,88384b29c3fffff,14,1,1,1,3,-65.0,-65.0,-61.8,
606,1,UMTS,88384b29d1fffff,5,1,1,1,1,-93.0,-93.0,-93.0,
606,1,UMTS,88384b29d3fffff,22,1,1,2,3,-81.0,-81.0,-71.4,
606,1,UMTS,88384b29d5fffff,22,1,1,3,4,-83.0,-91.1,-70.0,
606,1,UMTS,88384b29d7fffff,67,1,1,6,4,-86.0,-87.0,-82.2,
606,1,UMTS,88384b2d01fffff,25,3,2,4,3,-98.0,-101.0,-89.4,
606,1,UMTS,88384b2d09fffff,100,3,1,8,6,-75.0,-83.4,-65.8,
606,1,UMTS,88384b2d0bfffff,20,1,1,1,2,-67.0,-68.6,-65.4,
606,1,UMTS,88384b2d0dfffff,54,3,1,4,5,-68.0,-71.0,-64.7,
606,1,UMTS,88384b2d41fffff,43,2,1,3,3,-77.0,-79.0,-70.5,
606,1,UMTS,88384b2d43fffff,37,2,1,8,2,-70.0,-71.0,-64.8,
606,1,UMTS,88384b2d47fffff,6,2,1,2,1,-78.0,-80.4,-75.6,
606,1,UMTS,88384b2d49fffff,8,2,1,2,1,-82.0,-84.4,-79.6,
606,1,UMTS,88384b2d4dfffff,17,2,1,2,2,-87.0,-105.8,-80.8,
606,1,UMTS,88384b2d55fffff,34,2,1,5,4,-75.0,-82.2,-69.2,
606,1,UMTS,88384b2d61fffff,18,1,1,1,4,-83.0,-85.8,-76.0,
606,1,UMTS,88384b2d63fffff,20,2,1,3,2,-69.0,-72.2,-61.0,
606,1,UMTS,88384b2d65fffff,14,1,1,1,2,-78.0,-78.8,-77.2,
606,1,UMTS,88384b2f25fffff,32,2,1,3,3,-99.0,-101.0,-93.0,
606,1,UMTS,88384b2f27fffff,27,3,1,6,2,-97.0,-109.8,-86.6,
606,3,LTE,88384b2983fffff,1,1,1,1,1,-113.0,-113.0,-113.0,-130.0
606,3,LTE,88384b298bfffff,1,1,1,1,1,-111.0,-111.0,-111.0,-124.0
606,3,LTE,88384b29d7fffff,5,1,1,1,1,-83.0,-83.0,-83.0,-94.0
606,3,LTE,88384b2d01fffff,2,1,1,1,1,-65.0,-65.0,-65.0,-75.0
