building_id,source_tile,source_line,footprint_area_m2,building_height_m,building_height_known,height_source,canonical_longitude,canonical_latitude,structural_survey_required,owner_permission_verified,power_verified,backhaul_verified,roof_usable_area_m2,candidate_status,h3_index,area_priority_rank,building_height_status
f934a018dbce28be73b8,libya_122012231.csv.gz,55315,2767.347012487574,,False,unavailable,13.399089783398278,32.80075127082559,True,False,False,False,,preliminary_footprint_review,883fa5976bfffff,1,Unavailable
46f19c9309dce03cb1a5,libya_122012231.csv.gz,176316,2635.8905503514707,,False,unavailable,13.398157963932693,32.800468308043456,True,False,False,False,,preliminary_footprint_review,883fa5976bfffff,1,Unavailable
fe405c36397c0d32bb96,libya_122012231.csv.gz,198769,2093.0535027927704,,False,unavailable,13.397385559622276,32.800476732474934,True,False,False,False,,preliminary_footprint_review,883fa5976bfffff,1,Unavailable
b66d635eaadb11e7f8b7,libya_122012231.csv.gz,6204,1233.764881550334,,False,unavailable,13.399823632379636,32.80124193740238,True,False,False,False,,preliminary_footprint_review,883fa5976bfffff,1,Unavailable
2c12cd5621390b2108cc,libya_122012231.csv.gz,10492,1088.0126930249921,,False,unavailable,13.398942927532971,32.801216714942,True,False,False,False,,preliminary_footprint_review,883fa5976bfffff,1,Unavailable
8bc5273b70243369519b,libya_122012230.csv.gz,610378,2960.3883475187195,,False,unavailable,13.040494190284681,32.73584547787088,True,False,False,False,,preliminary_footprint_review,88384b6543fffff,2,Unavailable
1c6ba5549edb95b6b373,libya_122012230.csv.gz,563346,2536.0629494157474,,False,unavailable,13.046507411975334,32.73398738297957,True,False,False,False,,preliminary_footprint_review,88384b6543fffff,2,Unavailable
d1d19b9660d707af4609,libya_122012230.csv.gz,526103,2524.1676831722575,,False,unavailable,13.04695648252526,32.734978235028684,True,False,False,False,,preliminary_footprint_review,88384b6543fffff,2,Unavailable
95d7412d24a886f2ef98,libya_122012230.csv.gz,309522,2499.4734100157657,,False,unavailable,13.048212541878932,32.734495220972825,True,False,False,False,,preliminary_footprint_review,88384b6543fffff,2,Unavailable
74a2c22fa2be8836507b,libya_122012230.csv.gz,145021,2196.002673343386,,False,unavailable,13.04091211184404,32.738629240728244,True,False,False,False,,preliminary_footprint_review,88384b6543fffff,2,Unavailable
b0799ef7c0da0f54c973,libya_122012230.csv.gz,728762,2563.059149466879,,False,unavailable,13.20252522608341,32.76140398181256,True,False,False,False,,preliminary_footprint_review,883fa59325fffff,3,Unavailable
049f264205d767980023,libya_122012230.csv.gz,634249,2372.7453785161224,,False,unavailable,13.201945821494594,32.76090614030976,True,False,False,False,,preliminary_footprint_review,883fa59325fffff,3,Unavailable
c4a332697a4083d1aca3,libya_122012230.csv.gz,232832,2343.3296894271725,,False,unavailable,13.201532178870568,32.76160040722546,True,False,False,False,,preliminary_footprint_review,883fa59325fffff,3,Unavailable
845ff4f05aacc25dbed1,libya_122012230.csv.gz,702226,1785.813748384937,,False,unavailable,13.209142168926453,32.76274370490729,True,False,False,False,,preliminary_footprint_review,883fa59325fffff,3,Unavailable
498734300409adb5be16,libya_122012230.csv.gz,414171,1141.8442737340092,,False,unavailable,13.208835485641394,32.763094443359506,True,False,False,False,,preliminary_footprint_review,883fa59325fffff,3,Unavailable
ff9563552a0f567bb004,libya_122012230.csv.gz,377268,3261.9919000219343,,False,unavailable,13.079872554324155,32.7299259715725,True,False,False,False,,preliminary_footprint_review,88384b6425fffff,4,Unavailable
2b60f5cf6bc77401a900,libya_122012230.csv.gz,55579,2729.2564460979816,,False,unavailable,13.085236786829677,32.736888370398006,True,False,False,False,,preliminary_footprint_review,88384b6425fffff,4,Unavailable
6b046ac563c5341b5de2,libya_122012230.csv.gz,321429,2262.923910382377,,False,unavailable,13.076856395556568,32.73277860951156,True,False,False,False,,preliminary_footprint_review,88384b6425fffff,4,Unavailable
dc7546675b11142fae49,libya_122012230.csv.gz,362146,2089.0493700626653,,False,unavailable,13.084071162361289,32.73520080333304,True,False,False,False,,preliminary_footprint_review,88384b6425fffff,4,Unavailable
3acb6885a0a7606a853d,libya_122012230.csv.gz,287772,1880.706302119986,,False,unavailable,13.07952486587331,32.7295376375924,True,False,False,False,,preliminary_footprint_review,88384b6425fffff,4,Unavailable
dc58bfad2e65debfe373,libya_122012230.csv.gz,89140,3089.118326006619,,False,unavailable,13.060916424560057,32.71614635672008,True,False,False,False,,preliminary_footprint_review,88384b6503fffff,5,Unavailable
4253a2d74175dfbded7b,libya_122012230.csv.gz,488954,2751.7611568606785,,False,unavailable,13.059177111546166,32.71611563294413,True,False,False,False,,preliminary_footprint_review,88384b6503fffff,5,Unavailable
bde5bd22acf775120df0,libya_122012230.csv.gz,412139,1432.8083065603776,,False,unavailable,13.061389851754958,32.71584900908647,True,False,False,False,,preliminary_footprint_review,88384b6503fffff,5,Unavailable
c18002aed4585c3c9c11,libya_122012230.csv.gz,414392,1246.6216263015522,,False,unavailable,13.058281005657511,32.71788047890592,True,False,False,False,,preliminary_footprint_review,88384b6503fffff,5,Unavailable
3b391907315da3724789,libya_122012230.csv.gz,518549,1202.4911664272367,,False,unavailable,13.05884065889877,32.7161900108061,True,False,False,False,,preliminary_footprint_review,88384b6503fffff,5,Unavailable
b2d264a3b170c0c3f17d,libya_122012230.csv.gz,414178,2966.927769663177,,False,unavailable,13.039625768312362,32.62848344936808,True,False,False,False,,preliminary_footprint_review,88384b6ea5fffff,6,Unavailable
dc754a6e25ad67bf3698,libya_122012230.csv.gz,563264,929.5719855521203,,False,unavailable,13.04047681618983,32.627910368302835,True,False,False,False,,preliminary_footprint_review,88384b6ea5fffff,6,Unavailable
f6de746da1a543e376b0,libya_122012230.csv.gz,481410,860.4095229576668,,False,unavailable,13.047432270416877,32.627631080544276,True,False,False,False,,preliminary_footprint_review,88384b6ea5fffff,6,Unavailable
67296754930ed2993ac0,libya_122012230.csv.gz,366247,811.9401807097327,,False,unavailable,13.04216257260816,32.6330501011566,True,False,False,False,,preliminary_footprint_review,88384b6ea5fffff,6,Unavailable
e97257a7aa9ad9376ba5,libya_122012230.csv.gz,670771,701.1914181213682,,False,unavailable,13.040724771329145,32.62874681601482,True,False,False,False,,preliminary_footprint_review,88384b6ea5fffff,6,Unavailable
10e6a699c1b3cba2b851,libya_122012231.csv.gz,352,427.20866635580967,,False,unavailable,13.629581761003955,32.622781012907225,True,False,False,False,,preliminary_footprint_review,883fa584edfffff,7,Unavailable
890be95dfab4b7caf1e3,libya_122012231.csv.gz,82003,378.3039398948103,,False,unavailable,13.629002468304684,32.62217969289683,True,False,False,False,,preliminary_footprint_review,883fa584edfffff,7,Unavailable
4367e7a8e8a25bd44b42,libya_122012231.csv.gz,43085,351.6648200081126,,False,unavailable,13.629160689784435,32.620450743559374,True,False,False,False,,preliminary_footprint_review,883fa584edfffff,7,Unavailable
a0fa1b41aa4c8bfd0999,libya_122012231.csv.gz,141071,306.38881500944416,,False,unavailable,13.633744954196121,32.620827856410074,True,False,False,False,,preliminary_footprint_review,883fa584edfffff,7,Unavailable
8ac34e1b3068c0d8be29,libya_122012231.csv.gz,151869,304.5810196375957,,False,unavailable,13.631946902536757,32.619609142984814,True,False,False,False,,preliminary_footprint_review,883fa584edfffff,7,Unavailable
9f84bc1b9acce9cf416e,libya_122012231.csv.gz,120379,1673.2681359817657,,False,unavailable,13.367534857386067,32.808463321585265,True,False,False,False,,preliminary_footprint_review,883fa59295fffff,8,Unavailable
3b5cffac8a9f3b29dffc,libya_122012231.csv.gz,43022,1291.8634007078545,,False,unavailable,13.376058460361357,32.81065425894054,True,False,False,False,,preliminary_footprint_review,883fa59295fffff,8,Unavailable
d24a63490257be9160f4,libya_122012231.csv.gz,118286,991.7800242852063,,False,unavailable,13.373704024618595,32.81353412306997,True,False,False,False,,preliminary_footprint_review,883fa59295fffff,8,Unavailable
5fbb5a077222ef4eefd2,libya_122012231.csv.gz,98416,744.1654880971953,,False,unavailable,13.37560012328225,32.81170753367864,True,False,False,False,,preliminary_footprint_review,883fa59295fffff,8,Unavailable
ccc7fcbe136ac1141ff5,libya_122012231.csv.gz,115967,725.7124044615658,,False,unavailable,13.368120003409848,32.80581219899477,True,False,False,False,,preliminary_footprint_review,883fa59295fffff,8,Unavailable
2254649b1dcdb93703f7,libya_122012231.csv.gz,92333,812.1695103568442,,False,unavailable,13.394704178027668,32.779221748327544,True,False,False,False,,preliminary_footprint_review,883fa5972dfffff,9,Unavailable
caacbd8e06db8e2f27f6,libya_122012231.csv.gz,135917,721.57005070785,,False,unavailable,13.396188011900312,32.777336704135394,True,False,False,False,,preliminary_footprint_review,883fa5972dfffff,9,Unavailable
51ee41cadbc623dc14da,libya_122012231.csv.gz,63867,516.5283094545871,,False,unavailable,13.394433501830171,32.77933467796694,True,False,False,False,,preliminary_footprint_review,883fa5972dfffff,9,Unavailable
053fe2582be3c80d33c6,libya_122012231.csv.gz,180120,463.54702718051306,,False,unavailable,13.402524164043133,32.7808793802361,True,False,False,False,,preliminary_footprint_review,883fa5972dfffff,9,Unavailable
bbf6595a844035c8dad2,libya_122012231.csv.gz,134048,457.1093049194298,,False,unavailable,13.394439511800691,32.77894859034916,True,False,False,False,,preliminary_footprint_review,883fa5972dfffff,9,Unavailable
fbe981953220d150fd0f,libya_122012230.csv.gz,129164,3559.428603652397,,False,unavailable,13.060813096030262,32.757250186243326,True,False,False,False,,preliminary_footprint_review,88384b6733fffff,10,Unavailable
5814f283d4dd13f94238,libya_122012230.csv.gz,663325,2398.0662131037075,,False,unavailable,13.053300645211916,32.75436048835401,True,False,False,False,,preliminary_footprint_review,88384b6733fffff,10,Unavailable
64190de5304094852d73,libya_122012230.csv.gz,746745,2397.610348112259,,False,unavailable,13.05982619438126,32.75312348922394,True,False,False,False,,preliminary_footprint_review,88384b6733fffff,10,Unavailable
aee802cf6ebf84a2b96b,libya_122012230.csv.gz,556122,2150.834175412757,,False,unavailable,13.05691732121351,32.757457556407914,True,False,False,False,,preliminary_footprint_review,88384b6733fffff,10,Unavailable
3ff9db55396fbb8999c3,libya_122012230.csv.gz,354774,2034.7260800110987,,False,unavailable,13.058464105944712,32.75665530548112,True,False,False,False,,preliminary_footprint_review,88384b6733fffff,10,Unavailable
e13c6e50bd83ce6ce6a4,libya_122012230.csv.gz,351476,5227.447651949773,,False,unavailable,13.013339880642889,32.729687184290185,True,False,False,False,,preliminary_footprint_review,88384b6093fffff,11,Unavailable
24315f050fd71ef5440b,libya_122012230.csv.gz,151716,5100.374203100378,,False,unavailable,13.014956302183705,32.73240630623532,True,False,False,False,,preliminary_footprint_review,88384b6093fffff,11,Unavailable
bebaac77da0509bc7284,libya_122012230.csv.gz,562980,4455.251970230298,,False,unavailable,13.013616862242449,32.735023286655164,True,False,False,False,,preliminary_footprint_review,88384b6093fffff,11,Unavailable
7277135b2b7c9ec60758,libya_122012230.csv.gz,388503,4063.902238945211,,False,unavailable,13.012755138939884,32.73422431480925,True,False,False,False,,preliminary_footprint_review,88384b6093fffff,11,Unavailable
6698e10d50da81c8f424,libya_122012230.csv.gz,365965,3206.2885498985843,,False,unavailable,13.01786619041252,32.73205073160224,True,False,False,False,,preliminary_footprint_review,88384b6093fffff,11,Unavailable
7c965207fed80739895c,libya_122012230.csv.gz,297930,1180.979958058339,,False,unavailable,13.031955523617789,32.71489815505693,True,False,False,False,,preliminary_footprint_review,88384b6563fffff,12,Unavailable
3e46c246326a1f8f633b,libya_122012230.csv.gz,208203,1169.7340515186065,,False,unavailable,13.027398184719537,32.71224890367948,True,False,False,False,,preliminary_footprint_review,88384b6563fffff,12,Unavailable
fbd6149a519539b19b07,libya_122012230.csv.gz,218177,1137.3023847512256,,False,unavailable,13.031371581589193,32.71320373527541,True,False,False,False,,preliminary_footprint_review,88384b6563fffff,12,Unavailable
fbe19c611bd054d4ed77,libya_122012230.csv.gz,563485,1050.2770431712495,,False,unavailable,13.02886880184401,32.70975806019771,True,False,False,False,,preliminary_footprint_review,88384b6563fffff,12,Unavailable
1b1b9da16ee223e860b3,libya_122012230.csv.gz,648161,628.3268542717595,,False,unavailable,13.027284571071359,32.710553066893866,True,False,False,False,,preliminary_footprint_review,88384b6563fffff,12,Unavailable
20d3a10b08e272304d5e,libya_122012230.csv.gz,746225,501.8219461100017,,False,unavailable,12.953256070612643,32.61625421583736,True,False,False,False,,preliminary_footprint_review,88384b6f39fffff,13,Unavailable
de23058ea7e91391e9ac,libya_122012230.csv.gz,606282,472.0793758803607,,False,unavailable,12.95893782667342,32.61786463411748,True,False,False,False,,preliminary_footprint_review,88384b6f39fffff,13,Unavailable
a79c7cf1dca9c484841f,libya_122012230.csv.gz,218394,452.6711730634331,,False,unavailable,12.952209933887467,32.619749202801,True,False,False,False,,preliminary_footprint_review,88384b6f39fffff,13,Unavailable
e484ebe083e4b2169282,libya_122012230.csv.gz,734733,431.2224665465285,,False,unavailable,12.95189148019372,32.617892128062195,True,False,False,False,,preliminary_footprint_review,88384b6f39fffff,13,Unavailable
546207060d64edde8ab4,libya_122012230.csv.gz,172223,397.91595793611873,,False,unavailable,12.953751846583893,32.617823438092046,True,False,False,False,,preliminary_footprint_review,88384b6f39fffff,13,Unavailable
75d70381ade92277f022,libya_122012230.csv.gz,140694,1743.9079052322945,,False,unavailable,13.024588540756081,32.6404823539562,True,False,False,False,,preliminary_footprint_review,88384b6c59fffff,14,Unavailable
682c2763d1cc022bd1c5,libya_122012230.csv.gz,212053,1084.2248590794375,,False,unavailable,13.023104432813017,32.64181831048907,True,False,False,False,,preliminary_footprint_review,88384b6c59fffff,14,Unavailable
cfcbfebba53b1d7222d4,libya_122012230.csv.gz,43195,1081.2673436521113,,False,unavailable,13.022520340862933,32.6417846843215,True,False,False,False,,preliminary_footprint_review,88384b6c59fffff,14,Unavailable
45f5171b37729f1d084e,libya_122012230.csv.gz,253095,980.8963895810225,,False,unavailable,13.021218476395582,32.642885146641405,True,False,False,False,,preliminary_footprint_review,88384b6c59fffff,14,Unavailable
8a55459868a77a2dbcef,libya_122012230.csv.gz,38574,950.2312628561828,,False,unavailable,13.026502033616701,32.645508622268935,True,False,False,False,,preliminary_footprint_review,88384b6c59fffff,14,Unavailable
3581017d96f4877d32f8,libya_122012230.csv.gz,404513,2022.8347119167263,,False,unavailable,13.065204550001173,32.63819591472283,True,False,False,False,,preliminary_footprint_review,88384b6ebdfffff,15,Unavailable
5fb33e2599fc3cf8db34,libya_122012230.csv.gz,689517,1488.0968726019025,,False,unavailable,13.069831349979033,32.63865905287099,True,False,False,False,,preliminary_footprint_review,88384b6ebdfffff,15,Unavailable
0549b79dde7ae02b264e,libya_122012230.csv.gz,269293,981.0117359464999,,False,unavailable,13.069798764318051,32.6366818916265,True,False,False,False,,preliminary_footprint_review,88384b6ebdfffff,15,Unavailable
853a705c0a0ad930876c,libya_122012230.csv.gz,444524,835.1156473731431,,False,unavailable,13.07085945839759,32.64154251325887,True,False,False,False,,preliminary_footprint_review,88384b6ebdfffff,15,Unavailable
de20dc7ab6cae96989d1,libya_122012230.csv.gz,10081,670.663697254664,,False,unavailable,13.070967283224231,32.64230420928608,True,False,False,False,,preliminary_footprint_review,88384b6ebdfffff,15,Unavailable
4ed6f6f58e93955bf3fb,libya_122012231.csv.gz,92855,1356.4571626308573,,False,unavailable,13.515963944794292,32.64960110461004,True,False,False,False,,preliminary_footprint_review,883fa58705fffff,16,Unavailable
0a6c5e72d4cd3400501e,libya_122012231.csv.gz,77455,755.3146752194019,,False,unavailable,13.515025549538326,32.64978354620861,True,False,False,False,,preliminary_footprint_review,883fa58705fffff,16,Unavailable
4ac270e6424b97d2acc4,libya_122012231.csv.gz,107934,543.2345656560502,,False,unavailable,13.514726986390574,32.64941340244846,True,False,False,False,,preliminary_footprint_review,883fa58705fffff,16,Unavailable
e2da84d98227568e55a7,libya_122012231.csv.gz,32704,530.5024078739085,,False,unavailable,13.515589555077135,32.6500720112341,True,False,False,False,,preliminary_footprint_review,883fa58705fffff,16,Unavailable
19b035d3f85d7c69bac5,libya_122012231.csv.gz,55819,468.67991564107484,,False,unavailable,13.518157676749276,32.6486039896727,True,False,False,False,,preliminary_footprint_review,883fa58705fffff,16,Unavailable
86339d5dd46a0fe476ab,libya_122012230.csv.gz,674327,777.6283420695852,,False,unavailable,13.000090604546607,32.65835084705233,True,False,False,False,,preliminary_footprint_review,88384b6e3dfffff,17,Unavailable
1b3eabb7297bd9a4af2e,libya_122012230.csv.gz,510431,657.2555377259437,,False,unavailable,12.999592901090828,32.65853220595119,True,False,False,False,,preliminary_footprint_review,88384b6e3dfffff,17,Unavailable
1e99d01d0b9653b99daf,libya_122012230.csv.gz,502675,615.9480915268886,,False,unavailable,13.001705471337218,32.66069886137491,True,False,False,False,,preliminary_footprint_review,88384b6e3dfffff,17,Unavailable
8fcf162dc4607afd3857,libya_122012230.csv.gz,510872,610.0190831349037,,False,unavailable,12.998836785457607,32.65450484633633,True,False,False,False,,preliminary_footprint_review,88384b6e3dfffff,17,Unavailable
b120b472b5cb8c021774,libya_122012230.csv.gz,674354,606.1653648695852,,False,unavailable,13.003731539821445,32.65828008601504,True,False,False,False,,preliminary_footprint_review,88384b6e3dfffff,17,Unavailable
06cec65be40d8f61998c,libya_122012230.csv.gz,213121,1130.0276317463813,,False,unavailable,13.086473118667879,32.6755923224757,True,False,False,False,,preliminary_footprint_review,88384b6ed3fffff,18,Unavailable
084fc9cad4a2c0f1f385,libya_122012230.csv.gz,689674,1020.1689829832408,,False,unavailable,13.091741894084434,32.67826833215176,True,False,False,False,,preliminary_footprint_review,88384b6ed3fffff,18,Unavailable
50ec6f9f7975143e89f8,libya_122012230.csv.gz,548982,992.1763235266665,,False,unavailable,13.086711205523196,32.67555808138187,True,False,False,False,,preliminary_footprint_review,88384b6ed3fffff,18,Unavailable
674c07e8a5fcd012554e,libya_122012230.csv.gz,659787,902.1139628761259,,False,unavailable,13.091704385339003,32.67534510777394,True,False,False,False,,preliminary_footprint_review,88384b6ed3fffff,18,Unavailable
f677803815d472d591c5,libya_122012230.csv.gz,603340,737.9780806085743,,False,unavailable,13.092594255904032,32.67821524419797,True,False,False,False,,preliminary_footprint_review,88384b6ed3fffff,18,Unavailable
31eba3f690a5b28bdc66,libya_122012230.csv.gz,107394,874.5386835030788,,False,unavailable,13.066040193410974,32.614229518445,True,False,False,False,,preliminary_footprint_review,88384b6cc1fffff,19,Unavailable
f4f363a079382b59f62a,libya_122012230.csv.gz,231291,829.8088768814969,,False,unavailable,13.068564186353012,32.61502773605491,True,False,False,False,,preliminary_footprint_review,88384b6cc1fffff,19,Unavailable
4428193edb15d7538681,libya_122012230.csv.gz,593198,703.3343704693542,,False,unavailable,13.067048280269674,32.61390956035594,True,False,False,False,,preliminary_footprint_review,88384b6cc1fffff,19,Unavailable
09adf32529dca6ce7331,libya_122012230.csv.gz,218780,643.0221396756632,,False,unavailable,13.068659598028766,32.61160892172389,True,False,False,False,,preliminary_footprint_review,88384b6cc1fffff,19,Unavailable
8d8d660b793e71c3800a,libya_122012230.csv.gz,377106,610.4276854597484,,False,unavailable,13.068102015566419,32.61157453270603,True,False,False,False,,preliminary_footprint_review,88384b6cc1fffff,19,Unavailable
e9d550d11a6a031285b8,libya_122012231.csv.gz,181066,1070.3512473432531,,False,unavailable,13.37209606411901,32.78524302464662,True,False,False,False,,preliminary_footprint_review,883fa592b7fffff,20,Unavailable
0acea698bbcf665847c7,libya_122012231.csv.gz,98679,1016.0345560470047,,False,unavailable,13.371943083030608,32.786365951327625,True,False,False,False,,preliminary_footprint_review,883fa592b7fffff,20,Unavailable
90783ba0bea0d2bd1853,libya_122012231.csv.gz,71686,989.2841151686017,,False,unavailable,13.370003814780706,32.78247969323159,True,False,False,False,,preliminary_footprint_review,883fa592b7fffff,20,Unavailable
2586af631d6bd30eae9e,libya_122012231.csv.gz,26541,836.7975854943658,,False,unavailable,13.366246624645491,32.78244860529753,True,False,False,False,,preliminary_footprint_review,883fa592b7fffff,20,Unavailable
55c8a5c57381492485aa,libya_122012231.csv.gz,208537,797.1473346213866,,False,unavailable,13.37271512031738,32.78463572571984,True,False,False,False,,preliminary_footprint_review,883fa592b7fffff,20,Unavailable
