canonical_longitude,canonical_latitude,feature_version,population_density_1km,dist_to_nearest_road_m,municipality_name,population_sum_3km,population_observed_3km,population_valid_fraction_3km,population_sum_5km,population_observed_5km,population_valid_fraction_5km,elevation_m,elevation_prominence_3km,terrain_slope_deg,dist_to_nearest_site_m,site_density_1km,site_density_3km,site_density_5km,site_density_10km,dist_to_libyana_site_m,dist_to_almadar_site_m,dist_to_nearest_settlement_m,inside_libya,population_data_available,terrain_data_available,population_units,population_radius_m,population_source_units,operator_scope,inventory_version,source_lock_sha256,h3_r7,h3_r6,h3_index,h3_resolution,building_height_m,building_height_status,worldcover_class_code,worldcover_class_name,worldcover_data_available,worldcover_is_water,candidate_source,candidate_id,rejection_reasons,eligible,demand_component,known_site_gap_component,road_access_component,terrain_component,planning_priority_score,score_version,reason_codes,candidate_status,recommendation_rank
13.402122,32.8015868,gis_v2_density_circles_geodesic_20260922,668.2662963867188,31.17631992054745,Tripoli,22506.894728740663,22506.894728740663,1.0,68900.15590262548,68900.15590262548,1.0,94.0,7.050326121561341,0.6859531359775072,3288.420921513954,0,0,8,91,3307.6881528283907,3288.420921513954,10195.738281567956,True,True,True,people,5000,people_per_km2,all,reconciled-geodesic-20260929-v1,325572593217777016d3d5cc89ff0a821cdedfaaaeb490457e1951281cf69b7c,873fa5976ffffff,863fa5977ffffff,883fa5976bfffff,8,,Unavailable,30,Grassland,True,False,h3_r8_centre,candidate-0380ac960cab,,True,0.9676,0.017,0.9922,0.7624,66.6827,explainable-gis-v2-20260923,high_population_catchment;good_road_access,engineering_review,1
13.0436439,32.7348188,gis_v2_density_circles_geodesic_20260922,708.56982421875,164.2513559900823,Aljfara,13382.244361745212,13382.244361745212,0.9999999999999958,41935.80771226312,41935.80771226312,0.9999999999999988,56.0,2.521445343191978,0.4572371030766211,4571.135389490324,0,0,3,100,5027.50106652221,4571.135389490324,3318.2614303705423,True,True,True,people,5000,people_per_km2,all,reconciled-geodesic-20260929-v1,325572593217777016d3d5cc89ff0a821cdedfaaaeb490457e1951281cf69b7c,87384b654ffffff,86384b657ffffff,88384b6543fffff,8,,Unavailable,60,Bare / sparse vegetation,True,False,h3_r8_centre,candidate-64581136f4df,,True,0.9245,0.0924,0.9589,0.7474,66.4057,explainable-gis-v2-20260923,high_population_catchment;good_road_access,engineering_review,2
13.2061793,32.7601974,gis_v2_density_circles_geodesic_20260922,1533.98876953125,412.0282282348508,Aljfara,37449.75951631662,37449.75951631662,1.0,100276.64945889228,100276.64945889228,1.0,50.0,-1.8714842532987677,0.3186117586882932,3553.5673405934267,0,0,19,153,3553.5673405934267,3800.7986838897978,8375.984010075299,True,True,True,people,5000,people_per_km2,all,reconciled-geodesic-20260929-v1,325572593217777016d3d5cc89ff0a821cdedfaaaeb490457e1951281cf69b7c,873fa5932ffffff,863fa5937ffffff,883fa59325fffff,8,,Unavailable,50,Built-up,True,False,h3_r8_centre,candidate-c3950471aa65,,True,1.0,0.0326,0.897,0.73,66.217,explainable-gis-v2-20260923,high_population_catchment;good_road_access,engineering_review,3
13.0816617,32.7337167,gis_v2_density_circles_geodesic_20260922,1048.262451171875,276.7638954063435,Aljfara,21076.240713015453,21076.240713015453,1.0,50376.0383968682,50376.0383968682,1.0,62.0,6.117704754747791,0.5172068499218114,3067.647859381604,0,0,17,105,3067.647859381604,3524.819152900445,2710.66786319082,True,True,True,people,5000,people_per_km2,all,reconciled-geodesic-20260929-v1,325572593217777016d3d5cc89ff0a821cdedfaaaeb490457e1951281cf69b7c,87384b642ffffff,86384b647ffffff,88384b6425fffff,8,,Unavailable,50,Built-up,True,False,h3_r8_centre,candidate-ccfe3893535f,,True,0.9404,0.004,0.9308,0.7633,63.9869,explainable-gis-v2-20260923,high_population_catchment;good_road_access,engineering_review,4
13.0586948,32.7149947,gis_v2_density_circles_geodesic_20260922,639.4896240234375,387.6418831485745,Aljfara,16896.937534904282,16896.937534904282,1.0,39674.27116540927,39674.27116540927,1.0,61.0,0.424179191251973,0.1239949463893907,3317.228103095894,0,0,4,86,3317.228103095894,5197.4836906279115,847.8158252472867,True,True,True,people,5000,people_per_km2,all,reconciled-geodesic-20260929-v1,325572593217777016d3d5cc89ff0a821cdedfaaaeb490457e1951281cf69b7c,87384b650ffffff,86384b657ffffff,88384b6503fffff,8,,Unavailable,40,Cropland,True,False,h3_r8_centre,candidate-6be36134271d,,True,0.9197,0.0187,0.9031,0.748,62.8896,explainable-gis-v2-20260923,high_population_catchment;good_road_access,engineering_review,5
13.0453455,32.6291986,gis_v2_density_circles_geodesic_20260922,356.66278076171875,115.040060334181,Aljfara,6616.685144026544,6616.685144026544,1.0,16641.508427758377,16641.508427758377,1.0,90.0,0.9819353253010376,0.8791369206779918,3420.657049508667,0,0,2,15,3420.657049508667,8716.4424316881,9466.494698594126,True,True,True,people,5000,people_per_km2,all,reconciled-geodesic-20260929-v1,325572593217777016d3d5cc89ff0a821cdedfaaaeb490457e1951281cf69b7c,87384b6eaffffff,86384b6efffffff,88384b6ea5fffff,8,,Unavailable,30,Grassland,True,False,h3_r8_centre,candidate-19eb32a24d1e,,True,0.8442,0.0247,0.9712,0.7256,61.1929,explainable-gis-v2-20260923,high_population_catchment;good_road_access,engineering_review,6
13.6310045,32.6237245,gis_v2_density_circles_geodesic_20260922,58.61948776245117,127.55840289628186,Almargeb,1648.6464741878524,1648.6464741878524,0.999999999999998,4846.877277108539,4846.877277108539,0.999999999999999,167.0,-7.882034421155794,1.5988173214629915,4433.572110268518,0,0,5,17,4433.572110268518,4546.697525550145,15264.670046432297,True,True,True,people,5000,people_per_km2,all,reconciled-geodesic-20260929-v1,325572593217777016d3d5cc89ff0a821cdedfaaaeb490457e1951281cf69b7c,873fa584effffff,863fa584fffffff,883fa584edfffff,8,,Unavailable,40,Cropland,True,False,h3_r8_centre,candidate-22f81c181380,,True,0.7371,0.0843,0.9681,0.6573,57.9494,explainable-gis-v2-20260923,good_road_access,engineering_review,7
13.3717181,32.8090073,gis_v2_density_circles_geodesic_20260922,984.5621948242188,2005.627711739707,Tripoli,30992.29137223514,30992.29137223514,1.0,98252.7457379974,98252.7457379974,1.0,76.0,-5.841646589468425,1.3270156204710342,3259.1806898649374,0,0,14,130,3259.1806898649374,3583.490146308661,8448.05424273209,True,True,True,people,5000,people_per_km2,all,reconciled-geodesic-20260929-v1,325572593217777016d3d5cc89ff0a821cdedfaaaeb490457e1951281cf69b7c,873fa5929ffffff,863fa592fffffff,883fa59295fffff,8,,Unavailable,40,Cropland,True,False,h3_r8_centre,candidate-2bbb3561ef05,,True,0.9985,0.0152,0.4986,0.6766,57.1336,explainable-gis-v2-20260923,high_population_catchment,engineering_review,8
13.3993114,32.7779609,gis_v2_density_circles_geodesic_20260922,761.4946899414062,1843.0780850891583,Tripoli,20021.047078695945,20021.047078695945,1.0,55675.41673879278,55675.41673879278,0.9999999999999998,84.0,1.109251519416091,0.2881663100799861,3233.5541442566346,0,0,10,75,3450.3378174095574,3233.5541442566346,12490.878644472768,True,True,True,people,5000,people_per_km2,all,reconciled-geodesic-20260929-v1,325572593217777016d3d5cc89ff0a821cdedfaaaeb490457e1951281cf69b7c,873fa5972ffffff,863fa5977ffffff,883fa5972dfffff,8,,Unavailable,40,Cropland,True,False,h3_r8_centre,candidate-479d4b6f0fa4,,True,0.9491,0.0137,0.5392,0.7459,56.6215,explainable-gis-v2-20260923,high_population_catchment,engineering_review,9
13.0564882,32.75599,gis_v2_density_circles_geodesic_20260922,348.5715026855469,1901.3506562170355,Aljfara,17869.23244835399,17869.23244835399,0.9999999999999992,55689.01443774808,55689.01443774808,0.999999999999998,46.0,-2.526036691043849,0.0,3093.307332084508,0,0,29,155,3172.5798201299967,3093.307332084508,4924.73465933264,True,True,True,people,5000,people_per_km2,all,reconciled-geodesic-20260929-v1,325572593217777016d3d5cc89ff0a821cdedfaaaeb490457e1951281cf69b7c,87384b673ffffff,86384b677ffffff,88384b6733fffff,8,,Unavailable,40,Cropland,True,False,h3_r8_centre,candidate-22ae66fbdb6d,,True,0.9492,0.0055,0.5247,0.7374,55.9978,explainable-gis-v2-20260923,high_population_catchment,engineering_review,10
13.0157515,32.733466,gis_v2_density_circles_geodesic_20260922,380.4336853027344,1785.1266228069449,Aljfara,9162.885962240229,9162.885962240229,0.9999999999999992,29228.34660333688,29228.34660333688,1.0,59.0,2.2569666969116966,0.1239945750420623,3666.7632791602314,0,0,7,84,4920.529458074918,3666.7632791602314,5357.4691202948015,True,True,True,people,5000,people_per_km2,all,reconciled-geodesic-20260929-v1,325572593217777016d3d5cc89ff0a821cdedfaaaeb490457e1951281cf69b7c,87384b609ffffff,86384b60fffffff,88384b6093fffff,8,,Unavailable,30,Grassland,True,False,h3_r8_centre,candidate-106242330329,,True,0.8932,0.0392,0.5537,0.7572,55.549,explainable-gis-v2-20260923,high_population_catchment,engineering_review,11
13.0308058,32.7136464,gis_v2_density_circles_geodesic_20260922,182.083740234375,2369.679153009838,Aljfara,9413.972276508692,9413.972276508692,0.9999999999999988,31327.251635531076,31327.251635531076,1.0,62.0,-0.2033320141024148,0.3998502998058332,4053.4441044245277,0,0,2,47,4053.4441044245277,6102.14333738561,3419.3435456588454,True,True,True,people,5000,people_per_km2,all,reconciled-geodesic-20260929-v1,325572593217777016d3d5cc89ff0a821cdedfaaaeb490457e1951281cf69b7c,87384b656ffffff,86384b657ffffff,88384b6563fffff,8,,Unavailable,60,Bare / sparse vegetation,True,False,h3_r8_centre,candidate-1d8a5c39b11a,,True,0.8992,0.062,0.4076,0.7357,53.3346,explainable-gis-v2-20260923,high_population_catchment,engineering_review,12
12.9541312,32.6188966,gis_v2_density_circles_geodesic_20260922,132.9248809814453,2735.0585546659518,Aljfara,4392.761898632439,4392.761898632439,0.9999999999999972,11593.434227346565,11593.434227346565,1.0,88.0,-1.2123910773311053,0.6941236008036347,6802.5710416441125,0,0,0,12,6802.5710416441125,7677.8943033100495,10079.512426526771,True,True,True,people,5000,people_per_km2,all,reconciled-geodesic-20260929-v1,325572593217777016d3d5cc89ff0a821cdedfaaaeb490457e1951281cf69b7c,87384b6f3ffffff,86384b6f7ffffff,88384b6f39fffff,8,,Unavailable,30,Grassland,True,False,h3_r8_centre,candidate-c5037f11e1c2,,True,0.8128,0.2237,0.3162,0.7208,52.7571,explainable-gis-v2-20260923,high_population_catchment,engineering_review,13
13.0226603,32.6427852,gis_v2_density_circles_geodesic_20260922,175.86570739746094,1937.5995896909149,Aljfara,6563.575368363319,6563.575368363319,0.999999999999996,18606.016640941813,18606.016640941813,0.9999999999999992,94.0,6.77695665119343,0.637042892291576,3193.8155075693285,0,0,4,9,3193.8155075693285,10354.478449899963,8792.502033634646,True,True,True,people,5000,people_per_km2,all,reconciled-geodesic-20260929-v1,325572593217777016d3d5cc89ff0a821cdedfaaaeb490457e1951281cf69b7c,87384b6c5ffffff,86384b6c7ffffff,88384b6c59fffff,8,,Unavailable,30,Grassland,True,False,h3_r8_centre,candidate-6d9c7b03ec7b,,True,0.8539,0.0114,0.5156,0.7627,52.4379,explainable-gis-v2-20260923,high_population_catchment,engineering_review,14
13.0707513,32.6392306,gis_v2_density_circles_geodesic_20260922,224.12913513183597,1981.3060451888457,Aljfara,5964.776440521409,5964.776440521409,0.999999999999998,17761.200649760514,17761.200649760514,1.0,84.0,-0.1552495603460926,0.2880548246356658,3088.5265219089856,0,0,2,38,3088.5265219089856,7586.025478268315,8134.869368307444,True,True,True,people,5000,people_per_km2,all,reconciled-geodesic-20260929-v1,325572593217777016d3d5cc89ff0a821cdedfaaaeb490457e1951281cf69b7c,87384b6ebffffff,86384b6efffffff,88384b6ebdfffff,8,,Unavailable,50,Built-up,True,False,h3_r8_centre,candidate-d4dd7dc1283f,,True,0.8499,0.0052,0.5047,0.7396,51.6419,explainable-gis-v2-20260923,high_population_catchment,engineering_review,15
13.5196691,32.6511635,gis_v2_density_circles_geodesic_20260922,85.6663818359375,1270.4745540881593,Almargeb,1913.965507249664,1913.965507249664,1.0,5163.627888330497,5163.627888330497,0.999999999999999,129.0,4.679644524027253,1.4705955567639553,3154.466791147758,0,0,6,29,3478.5109767193785,3154.466791147758,20762.31190147037,True,True,True,people,5000,people_per_km2,all,reconciled-geodesic-20260929-v1,325572593217777016d3d5cc89ff0a821cdedfaaaeb490457e1951281cf69b7c,873fa5870ffffff,863fa5877ffffff,883fa58705fffff,8,,Unavailable,40,Cropland,True,False,h3_r8_centre,candidate-5d8ea8b9e3fd,,True,0.7426,0.0091,0.6824,0.7244,50.8683,explainable-gis-v2-20260923,meets_minimum_planning_constraints,engineering_review,16
12.9999713,32.6563658,gis_v2_density_circles_geodesic_20260922,143.05169677734375,2129.7018144654307,Aljfara,5526.100275707533,5526.100275707533,1.0,17824.37536254461,17824.37536254461,1.0,86.0,-0.0099314857909291,0.6943288653138381,3062.1187518891034,0,0,3,13,3062.1187518891034,8299.327566503573,8865.862498451761,True,True,True,people,5000,people_per_km2,all,reconciled-geodesic-20260929-v1,325572593217777016d3d5cc89ff0a821cdedfaaaeb490457e1951281cf69b7c,87384b6e3ffffff,86384b6e7ffffff,88384b6e3dfffff,8,,Unavailable,30,Grassland,True,False,h3_r8_centre,candidate-79151bc2c1e9,,True,0.8502,0.0037,0.4676,0.7268,50.7375,explainable-gis-v2-20260923,high_population_catchment,engineering_review,17
13.0887819,32.675334,gis_v2_density_circles_geodesic_20260922,294.9029541015625,2732.9270813467897,Aljfara,9051.303740864569,9051.303740864569,1.0,30120.357806078824,30120.357806078824,1.0,71.0,-0.9861875382712384,0.45696190760287,3339.5125179746983,0,0,10,49,3399.052690558798,3339.5125179746983,4592.042194356968,True,True,True,people,5000,people_per_km2,all,reconciled-geodesic-20260929-v1,325572593217777016d3d5cc89ff0a821cdedfaaaeb490457e1951281cf69b7c,87384b6edffffff,86384b6efffffff,88384b6ed3fffff,8,,Unavailable,40,Cropland,True,False,h3_r8_centre,candidate-b3b6ac714454,,True,0.8958,0.02,0.3168,0.7298,50.0638,explainable-gis-v2-20260923,high_population_catchment,engineering_review,18
13.068027,32.6156061,gis_v2_density_circles_geodesic_20260922,131.66160583496094,2373.64430978707,Aljfara,4660.350758387583,4660.350758387583,1.0,14251.966795637933,14251.966795637933,0.9999999999999984,96.0,3.250522403000474,0.8640516020011552,3733.3826751328934,0,0,1,19,3733.3826751328934,6119.438490777888,10748.40056881853,True,True,True,people,5000,people_per_km2,all,reconciled-geodesic-20260929-v1,325572593217777016d3d5cc89ff0a821cdedfaaaeb490457e1951281cf69b7c,87384b6ccffffff,86384b6cfffffff,88384b6cc1fffff,8,,Unavailable,50,Built-up,True,False,h3_r8_centre,candidate-8657a0f31d4e,,True,0.8308,0.0431,0.4066,0.7375,50.0317,explainable-gis-v2-20260923,high_population_catchment,engineering_review,19
13.3689148,32.7853827,gis_v2_density_circles_geodesic_20260922,750.4249877929688,3590.366314133213,Tripoli,24765.37671296833,24765.37671296833,0.9999999999999974,72222.92925330027,72222.92925330027,1.0,90.0,11.564445988905264,1.344805056960901,3328.5189159612823,0,0,8,92,3328.5189159612823,4801.033373126878,9794.256546574152,True,True,True,people,5000,people_per_km2,all,reconciled-geodesic-20260929-v1,325572593217777016d3d5cc89ff0a821cdedfaaaeb490457e1951281cf69b7c,873fa592bffffff,863fa592fffffff,883fa592b7fffff,8,,Unavailable,40,Cropland,True,False,h3_r8_centre,candidate-36a5779089a2,,True,0.9717,0.0193,0.1024,0.763,49.1273,explainable-gis-v2-20260923,high_population_catchment,engineering_review,20
