provider_id,provider_name,mcc,mnc,radio_type,area_code_lac_tac,cell_id,unit_psc_pci,opencellid_lat,opencellid_lon,beacondb_lat,beacondb_lon,beacondb_accuracy_m,verified_by_beacondb
libyana-libya-6060,Libyana Mobile,606,0,GSM,4340,10986,-1,32.1054,20.0783,32.10604,20.078602,450,True
libyana-libya-6060,Libyana Mobile,606,0,GSM,4340,10324,-1,32.1112,20.1028,32.11014,20.10339,50,True
madar-libya-6061,Madar (Al-Madar Al-Jadeed),606,1,GSM,1111,10651,-1,32.1258,20.0925,32.11855,20.09848,50,True
libyana-libya-6060,Libyana Mobile,606,0,GSM,4360,10664,-1,32.0776,20.1205,32.07802,20.119032,418,True
libyana-libya-6060,Libyana Mobile,606,0,GSM,4360,10665,-1,32.0768,20.1131,32.07654,20.117798,287,True
libyana-libya-6060,Libyana Mobile,606,0,GSM,4360,10174,-1,32.0834,20.1124,32.081036,20.11176,841,True
libyana-libya-6060,Libyana Mobile,606,0,GSM,4380,10424,-1,32.0897,20.1142,32.088448,20.115387,637,True
libyana-libya-6060,Libyana Mobile,606,0,LTE,6330,308737,-1,32.0745,20.0949,32.077956,20.09384,411,True
libyana-libya-6060,Libyana Mobile,606,0,LTE,6310,293122,-1,32.0718,20.0837,32.07152,20.084197,50,True
libyana-libya-6060,Libyana Mobile,606,0,LTE,6310,257288,-1,32.0711,20.0655,32.070868,20.066732,50,True
libyana-libya-6060,Libyana Mobile,606,0,LTE,6310,265756,-1,32.0713,20.0725,32.071168,20.074655,50,True
libyana-libya-6060,Libyana Mobile,606,0,LTE,6310,297218,-1,32.0737,20.0644,32.067873,20.06374,50,True
libyana-libya-6060,Libyana Mobile,606,0,LTE,6330,267529,-1,32.0726,20.0866,32.073568,20.088852,50,True
libyana-libya-6060,Libyana Mobile,606,0,LTE,6330,272385,-1,32.0708,20.0652,32.066157,20.063425,50,True
madar-libya-6061,Madar (Al-Madar Al-Jadeed),606,1,GSM,1112,10731,-1,32.1096,20.084,32.07134,20.09958,50,True
madar-libya-6061,Madar (Al-Madar Al-Jadeed),606,1,GSM,1111,10653,-1,32.1188,20.0859,32.11855,20.09848,50,True
madar-libya-6061,Madar (Al-Madar Al-Jadeed),606,1,GSM,1112,10881,-1,32.108,20.0711,32.11855,20.09848,50,True
libyana-libya-6060,Libyana Mobile,606,0,GSM,4310,10775,-1,32.1041,20.0594,32.09529,20.065971,54,True
libyana-libya-6060,Libyana Mobile,606,0,GSM,4310,10072,-1,32.1123,20.0647,32.110653,20.068766,145,True
libyana-libya-6060,Libyana Mobile,606,0,GSM,4310,10073,-1,32.1114,20.0623,32.111336,20.06178,409,True
libyana-libya-6060,Libyana Mobile,606,0,GSM,4310,10774,-1,32.1081,20.0598,32.110497,20.067604,1232,True
libyana-libya-6060,Libyana Mobile,606,0,GSM,4310,11635,-1,32.0781,20.0505,32.072098,20.054785,248,True
libyana-libya-6060,Libyana Mobile,606,0,GSM,4360,11644,-1,32.0726,20.0483,32.071857,20.050875,631,True
libyana-libya-6060,Libyana Mobile,606,0,GSM,4360,11641,-1,32.0695,20.046,32.06763,20.053156,1112,True
libyana-libya-6060,Libyana Mobile,606,0,GSM,4360,10401,-1,32.062,20.0414,32.057728,20.049093,879,True
libyana-libya-6060,Libyana Mobile,606,0,GSM,4360,11643,-1,32.0633,20.0428,32.062313,20.046864,1572,True
libyana-libya-6060,Libyana Mobile,606,0,GSM,4360,11646,-1,32.0571,20.0383,32.06426,20.048012,1520,True
libyana-libya-6060,Libyana Mobile,606,0,GSM,4360,10404,-1,32.0558,20.0373,32.0658,20.048298,1128,True
libyana-libya-6060,Libyana Mobile,606,0,GSM,4370,10994,-1,32.0293,20.0202,32.05467,20.036505,50,True
madar-libya-6061,Madar (Al-Madar Al-Jadeed),606,1,GSM,1113,11672,-1,32.0301,20.0205,32.02828,20.033117,50,True
libyana-libya-6060,Libyana Mobile,606,0,GSM,4360,10171,-1,32.0787,20.1106,32.07939,20.110209,1223,True
libyana-libya-6060,Libyana Mobile,606,0,GSM,4360,10661,-1,32.0774,20.1205,32.085754,20.12232,83,True
libyana-libya-6060,Libyana Mobile,606,0,GSM,4350,10692,-1,32.0859,20.1002,32.080894,20.110046,510,True
madar-libya-6061,Madar (Al-Madar Al-Jadeed),606,1,LTE,4052,1118466,-1,31.2368,15.3153,31.234419,15.31603,50,True
madar-libya-6061,Madar (Al-Madar Al-Jadeed),606,1,GSM,1122,13362,-1,32.5113,20.5501,32.459316,20.485336,279,True
madar-libya-6061,Madar (Al-Madar Al-Jadeed),606,1,GSM,1114,13042,-1,32.3101,20.4285,32.33299,20.414648,50,True
madar-libya-6061,Madar (Al-Madar Al-Jadeed),606,1,GSM,1114,13133,-1,32.2628,20.5152,32.354946,20.322435,1000,True
madar-libya-6061,Madar (Al-Madar Al-Jadeed),606,1,GSM,1114,13223,-1,32.0885,20.3484,32.095417,20.355461,50,True
madar-libya-6061,Madar (Al-Madar Al-Jadeed),606,1,GSM,1122,13403,-1,32.5011,20.5296,32.464104,20.490538,516,True
madar-libya-6061,Madar (Al-Madar Al-Jadeed),606,1,LTE,1240,26424676,-1,32.0947,20.3866,32.094711,20.386602,50,True
libyana-libya-6060,Libyana Mobile,606,0,GSM,4400,10134,-1,32.1871,20.1355,32.187096,20.145382,50,True
libyana-libya-6060,Libyana Mobile,606,0,GSM,4320,10513,-1,32.1339,20.1171,32.131454,20.110163,50,True
libyana-libya-6060,Libyana Mobile,606,0,LTE,1030,1037826,-1,32.4001,14.769,32.400063,14.769015,50,True
libyana-libya-6060,Libyana Mobile,606,0,LTE,2120,356611,-1,32.5857,13.2527,32.585698,13.252687,50,True
libyana-libya-6060,Libyana Mobile,606,0,LTE,2120,353794,-1,32.5857,13.2527,32.585698,13.252687,50,True
madar-libya-6061,Madar (Al-Madar Al-Jadeed),606,1,LTE,4031,1024260,-1,32.3778,15.0922,32.377811,15.092187,50,True
madar-libya-6061,Madar (Al-Madar Al-Jadeed),606,1,LTE,4041,1286147,-1,32.3636,15.0786,32.363589,15.078623,50,True
madar-libya-6061,Madar (Al-Madar Al-Jadeed),606,1,LTE,4031,1026817,-1,32.3654,15.0776,32.364471,15.07723,50,True
madar-libya-6061,Madar (Al-Madar Al-Jadeed),606,1,LTE,4031,1026818,-1,32.3634,15.0759,32.363445,15.075921,50,True
madar-libya-6061,Madar (Al-Madar Al-Jadeed),606,1,LTE,4031,1026821,-1,32.3616,15.0732,32.36165,15.073192,50,True
madar-libya-6061,Madar (Al-Madar Al-Jadeed),606,1,LTE,4041,1069316,-1,32.361,15.0723,32.361008,15.072289,50,True
madar-libya-6061,Madar (Al-Madar Al-Jadeed),606,1,LTE,4021,1048321,-1,32.3575,15.0611,32.357533,15.061124,50,True
madar-libya-6061,Madar (Al-Madar Al-Jadeed),606,1,LTE,4021,1031685,-1,32.3572,15.0598,32.357192,15.059816,50,True
madar-libya-6061,Madar (Al-Madar Al-Jadeed),606,1,LTE,4021,1048324,-1,32.3568,15.0594,32.356797,15.059387,50,True
madar-libya-6061,Madar (Al-Madar Al-Jadeed),606,1,LTE,4021,1048323,-1,32.3523,15.0474,32.352333,15.047402,50,True
madar-libya-6061,Madar (Al-Madar Al-Jadeed),606,1,LTE,4021,1048326,-1,32.3509,15.0465,32.350927,15.046502,50,True
madar-libya-6061,Madar (Al-Madar Al-Jadeed),606,1,LTE,4021,1029121,-1,32.3472,15.0433,32.345095,15.041336,50,True
madar-libya-6061,Madar (Al-Madar Al-Jadeed),606,1,LTE,4041,1065729,-1,32.3485,15.0442,32.348468,15.044194,50,True
madar-libya-6061,Madar (Al-Madar Al-Jadeed),606,1,LTE,4021,1029122,-1,32.3423,15.0383,32.341729,15.037807,50,True
madar-libya-6061,Madar (Al-Madar Al-Jadeed),606,1,LTE,4021,1311491,-1,32.3389,15.0343,32.337794,15.032944,50,True
madar-libya-6061,Madar (Al-Madar Al-Jadeed),606,1,LTE,4021,1040897,-1,32.3372,15.032,32.337183,15.031963,50,True
madar-libya-6061,Madar (Al-Madar Al-Jadeed),606,1,LTE,4021,1040900,-1,32.3368,15.031,32.336811,15.031017,50,True
madar-libya-6061,Madar (Al-Madar Al-Jadeed),606,1,LTE,4021,1311509,-1,32.3338,15.034,32.331001,15.036301,50,True
madar-libya-6061,Madar (Al-Madar Al-Jadeed),606,1,LTE,4021,1311508,-1,32.3257,15.0435,32.32562,15.044485,836,True
madar-libya-6061,Madar (Al-Madar Al-Jadeed),606,1,LTE,4021,1311507,-1,32.3324,15.0466,32.332802,15.047516,50,True
madar-libya-6061,Madar (Al-Madar Al-Jadeed),606,1,LTE,4041,1042179,-1,32.3201,15.0514,32.3201,15.051359,50,True
madar-libya-6061,Madar (Al-Madar Al-Jadeed),606,1,LTE,4041,1042182,-1,32.3202,15.051,32.320239,15.050961,50,True
madar-libya-6061,Madar (Al-Madar Al-Jadeed),606,1,LTE,4041,1029636,-1,32.3564,15.0984,32.35642,15.09835,50,True
libyana-libya-6060,Libyana Mobile,606,0,LTE,3240,2561859,-1,27.0369,14.4284,27.036455,14.428171,50,True
libya phone-libya-6063,Libya Telecom & Technology (Libya Phone),606,3,LTE,40201,230401035,-1,27.0369,14.4284,27.036455,14.428171,50,True
libya phone-libya-6063,Libya Telecom & Technology (Libya Phone),606,3,LTE,40201,230402327,-1,27.0394,14.4006,27.039844,14.401643,107,True
libyana-libya-6060,Libyana Mobile,606,0,LTE,3240,2575928,-1,27.0402,14.4021,27.040149,14.402146,50,True
libya phone-libya-6063,Libya Telecom & Technology (Libya Phone),606,3,LTE,40201,230402317,-1,27.0399,14.4017,27.039449,14.401285,50,True
libyana-libya-6060,Libyana Mobile,606,0,LTE,3240,2575929,-1,27.0392,14.4005,27.039449,14.401285,50,True
libyana-libya-6060,Libyana Mobile,606,0,LTE,3240,2578756,-1,27.0391,14.3997,27.039058,14.399734,50,True
madar-libya-6061,Madar (Al-Madar Al-Jadeed),606,1,LTE,4041,1042191,-1,32.3201,15.0514,32.320122,15.051357,50,True
madar-libya-6061,Madar (Al-Madar Al-Jadeed),606,1,LTE,4042,1275907,-1,32.1979,15.0898,32.1979,15.089753,50,True
libyana-libya-6060,Libyana Mobile,606,0,LTE,2120,428549,-1,32.8167,13.2965,32.816957,13.296969,109,True
libyana-libya-6060,Libyana Mobile,606,0,LTE,2120,428546,-1,32.8175,13.2973,32.817134,13.297218,50,True
libyana-libya-6060,Libyana Mobile,606,0,LTE,2120,428550,-1,32.8147,13.2915,32.815489,13.294321,50,True
libyana-libya-6060,Libyana Mobile,606,0,LTE,2120,468741,-1,32.8142,13.2882,32.81323,13.288784,50,True
libyana-libya-6060,Libyana Mobile,606,0,LTE,2120,468738,-1,32.8141,13.2882,32.81361,13.288545,50,True
libyana-libya-6060,Libyana Mobile,606,0,LTE,2120,428547,-1,32.8155,13.2884,32.814172,13.288224,50,True
libyana-libya-6060,Libyana Mobile,606,0,LTE,6410,521475,-1,32.7762,21.7934,32.778285,21.794673,153,True
libyana-libya-6060,Libyana Mobile,606,0,LTE,6320,268295,-1,32.1351,20.0784,32.135084,20.078357,50,True
libyana-libya-6060,Libyana Mobile,606,0,LTE,6310,273927,-1,32.0828,20.0863,32.082449,20.086831,126,True
libyana-libya-6060,Libyana Mobile,606,0,LTE,6310,273922,-1,32.0819,20.0863,32.082162,20.086041,87,True
libyana-libya-6060,Libyana Mobile,606,0,LTE,6410,514,-1,32.079,20.096,32.078859,20.096021,50,True
libyana-libya-6060,Libyana Mobile,606,0,LTE,6310,256328,-1,32.0792,20.096,32.079153,20.09599,50,True
libyana-libya-6060,Libyana Mobile,606,0,LTE,6310,256265,-1,32.0791,20.0962,32.080731,20.093606,281,True
libyana-libya-6060,Libyana Mobile,606,0,LTE,6310,256259,-1,32.0779,20.0931,32.078593,20.094357,114,True
libyana-libya-6060,Libyana Mobile,606,0,LTE,6310,256264,-1,32.0761,20.0955,32.07674,20.094874,50,True
libyana-libya-6060,Libyana Mobile,606,0,LTE,6330,308738,-1,32.0719,20.0991,32.073572,20.097791,50,True
libyana-libya-6060,Libyana Mobile,606,0,LTE,6330,273426,-1,32.0698,20.1005,32.070135,20.100305,50,True
libyana-libya-6060,Libyana Mobile,606,0,LTE,6330,273433,-1,32.0684,20.1014,32.068763,20.101203,50,True
libyana-libya-6060,Libyana Mobile,606,0,LTE,6330,289793,-1,32.0652,20.1034,32.065101,20.103215,60,True
libyana-libya-6060,Libyana Mobile,606,0,LTE,6330,289794,-1,32.0613,20.1058,32.062703,20.105042,50,True
libyana-libya-6060,Libyana Mobile,606,0,LTE,6330,286729,-1,32.0577,20.1076,32.059015,20.106942,50,True
libyana-libya-6060,Libyana Mobile,606,0,LTE,6330,286721,-1,32.0546,20.1093,32.054857,20.109113,50,True
libyana-libya-6060,Libyana Mobile,606,0,LTE,6330,286791,-1,32.0501,20.112,32.050965,20.111467,50,True
libyana-libya-6060,Libyana Mobile,606,0,LTE,6340,1084419,-1,32.0472,20.1137,32.047825,20.113512,50,True
libyana-libya-6060,Libyana Mobile,606,0,LTE,6340,300291,-1,32.0423,20.1161,32.043388,20.115742,358,True
libyana-libya-6060,Libyana Mobile,606,0,LTE,6340,300289,-1,32.0379,20.118,32.038105,20.11788,50,True
libyana-libya-6060,Libyana Mobile,606,0,LTE,6340,300290,-1,32.0334,20.1201,32.03635,20.118609,111,True
libyana-libya-6060,Libyana Mobile,606,0,LTE,6340,287241,-1,32.0267,20.1227,32.025303,20.123157,50,True
libyana-libya-6060,Libyana Mobile,606,0,LTE,6340,306690,-1,32.0234,20.1237,32.023417,20.123712,50,True
libyana-libya-6060,Libyana Mobile,606,0,LTE,6340,287233,-1,32.0195,20.1247,32.0351,20.118417,1605,True
libyana-libya-6060,Libyana Mobile,606,0,LTE,6340,287239,-1,32.0145,20.1262,32.014304,20.126826,93,True
libyana-libya-6060,Libyana Mobile,606,0,LTE,6340,287234,-1,32.0083,20.1287,32.010461,20.129,166,True
libyana-libya-6060,Libyana Mobile,606,0,LTE,6340,1087747,-1,31.9891,20.1358,31.986594,20.136503,449,True
libyana-libya-6060,Libyana Mobile,606,0,LTE,6340,1087746,-1,31.9769,20.1389,31.977335,20.138797,50,True
libyana-libya-6060,Libyana Mobile,606,0,LTE,6340,1087745,-1,31.9642,20.1431,31.969322,20.141318,232,True
libyana-libya-6060,Libyana Mobile,606,0,LTE,6340,324867,-1,31.9452,20.1532,31.930122,20.162284,477,True
libyana-libya-6060,Libyana Mobile,606,0,LTE,6340,324870,-1,31.9287,20.163,31.926917,20.163703,50,True
libyana-libya-6060,Libyana Mobile,606,0,LTE,6340,324869,-1,31.9183,20.1653,31.9191,20.166775,50,True
libyana-libya-6060,Libyana Mobile,606,0,LTE,6340,324866,-1,31.9146,20.1589,31.917233,20.164924,280,True
libyana-libya-6060,Libyana Mobile,606,0,LTE,6340,287240,-1,32.0077,20.1215,32.007702,20.121875,50,True
libyana-libya-6060,Libyana Mobile,606,0,LTE,6340,286978,-1,32.0086,20.1125,32.00947,20.108023,50,True
libyana-libya-6060,Libyana Mobile,606,0,LTE,6340,286981,-1,32.01,20.1053,32.009888,20.105895,50,True
libyana-libya-6060,Libyana Mobile,606,0,LTE,6340,286982,-1,32.0104,20.1032,32.010315,20.103693,50,True
libyana-libya-6060,Libyana Mobile,606,0,LTE,6340,286988,-1,32.0103,20.0984,32.010428,20.10162,50,True
libyana-libya-6060,Libyana Mobile,606,0,LTE,6340,301322,-1,32.0099,20.0908,32.009877,20.089385,50,True
libyana-libya-6060,Libyana Mobile,606,0,LTE,6340,301313,-1,32.0103,20.0843,32.010452,20.083775,50,True
libyana-libya-6060,Libyana Mobile,606,0,LTE,6340,301321,-1,32.0127,20.0801,32.012643,20.080308,50,True
libyana-libya-6060,Libyana Mobile,606,0,LTE,6340,300801,-1,32.0142,20.076,32.014197,20.074503,50,True
libyana-libya-6060,Libyana Mobile,606,0,LTE,6340,300809,-1,32.0139,20.0704,32.013853,20.069905,50,True
libyana-libya-6060,Libyana Mobile,606,0,LTE,6340,300803,-1,32.0141,20.0594,32.014033,20.060207,50,True
libyana-libya-6060,Libyana Mobile,606,0,LTE,6340,302593,-1,32.0162,20.0506,32.014357,20.051305,50,True
libyana-libya-6060,Libyana Mobile,606,0,LTE,6340,1085443,-1,32.0229,20.0523,32.023742,20.052732,50,True
libyana-libya-6060,Libyana Mobile,606,0,LTE,6340,306435,-1,32.0255,20.0534,32.025913,20.053518,50,True
libyana-libya-6060,Libyana Mobile,606,0,LTE,6340,312585,-1,32.0302,20.0547,32.029775,20.054575,50,True
libyana-libya-6060,Libyana Mobile,606,0,LTE,6340,312577,-1,32.035,20.056,32.034138,20.055747,50,True
libyana-libya-6060,Libyana Mobile,606,0,LTE,6340,312583,-1,32.0385,20.0569,32.040272,20.057353,50,True
libyana-libya-6060,Libyana Mobile,606,0,LTE,6330,1094147,-1,32.0469,20.0592,32.051208,20.060338,50,True
libyana-libya-6060,Libyana Mobile,606,0,LTE,6330,1094145,-1,32.0563,20.0617,32.054972,20.061387,50,True
libyana-libya-6060,Libyana Mobile,606,0,LTE,6330,265991,-1,32.0581,20.0621,32.05681,20.0619,50,True
libyana-libya-6060,Libyana Mobile,606,0,LTE,6330,272387,-1,32.0637,20.063,32.064208,20.063092,50,True
libyana-libya-6060,Libyana Mobile,606,0,LTE,6310,257352,-1,32.071,20.0706,32.071,20.06934,50,True
libyana-libya-6060,Libyana Mobile,606,0,LTE,6330,267593,-1,32.0713,20.0777,32.071332,20.07906,50,True
libyana-libya-6060,Libyana Mobile,606,0,LTE,6330,267523,-1,32.0714,20.0808,32.071363,20.079975,50,True
libyana-libya-6060,Libyana Mobile,606,0,LTE,6310,283930,-1,32.0757,20.0882,32.075052,20.088448,50,True
libyana-libya-6060,Libyana Mobile,606,0,LTE,6390,318468,-1,32.326,20.2871,32.327353,20.288924,961,True
libyana-libya-6060,Libyana Mobile,606,0,LTE,6390,320259,-1,32.3338,20.2996,32.333792,20.299617,50,True
libyana-libya-6060,Libyana Mobile,606,0,LTE,6390,1433091,-1,32.3335,20.299,32.333987,20.29982,154,True
libyana-libya-6060,Libyana Mobile,606,0,LTE,6390,1433090,-1,32.3382,20.3063,32.338325,20.306455,50,True
libyana-libya-6060,Libyana Mobile,606,0,LTE,6390,320258,-1,32.3432,20.3139,32.34227,20.312488,62,True
libyana-libya-6060,Libyana Mobile,606,0,LTE,6390,313859,-1,32.3454,20.3172,32.345233,20.317027,290,True
libyana-libya-6060,Libyana Mobile,606,0,LTE,6390,313858,-1,32.3507,20.3254,32.348684,20.322309,50,True
libyana-libya-6060,Libyana Mobile,606,0,LTE,6390,313857,-1,32.3677,20.3514,32.357217,20.335403,487,True
libyana-libya-6060,Libyana Mobile,606,0,LTE,6390,319749,-1,32.3771,20.3644,32.383676,20.37391,50,True
libyana-libya-6060,Libyana Mobile,606,0,LTE,6390,319748,-1,32.3912,20.3869,32.387249,20.379647,68,True
libyana-libya-6060,Libyana Mobile,606,0,LTE,6390,318726,-1,32.4171,20.4306,32.415958,20.429142,2080,True
libyana-libya-6060,Libyana Mobile,606,0,LTE,6390,318725,-1,32.4284,20.4471,32.428523,20.447281,50,True
libyana-libya-6060,Libyana Mobile,606,0,LTE,6390,318724,-1,32.4357,20.459,32.432259,20.453754,566,True
libyana-libya-6060,Libyana Mobile,606,0,LTE,6390,320771,-1,32.4511,20.4769,32.46308,20.48946,165,True
libyana-libya-6060,Libyana Mobile,606,0,LTE,6390,320769,-1,32.4877,20.5155,32.482903,20.510399,2174,True
libyana-libya-6060,Libyana Mobile,606,0,LTE,6390,1550854,-1,32.5132,20.5449,32.514316,20.548323,458,True
libyana-libya-6060,Libyana Mobile,606,0,LTE,6390,1550851,-1,32.5151,20.559,32.514927,20.558558,59,True
libyana-libya-6060,Libyana Mobile,606,0,LTE,6390,1553155,-1,32.5163,20.5683,32.516113,20.567725,50,True
madar-libya-6061,Madar (Al-Madar Al-Jadeed),606,1,GSM,1122,15203,-1,32.4924,20.7539,32.498985,20.814308,50,True
libyana-libya-6060,Libyana Mobile,606,0,LTE,6390,1550850,-1,32.5211,20.5809,32.520363,20.57887,50,True
libyana-libya-6060,Libyana Mobile,606,0,LTE,6390,1553160,-1,32.5272,20.5966,32.525953,20.593435,50,True
libyana-libya-6060,Libyana Mobile,606,0,LTE,6390,1550849,-1,32.527,20.596,32.526738,20.595472,50,True
libyana-libya-6060,Libyana Mobile,606,0,LTE,6390,1550852,-1,32.5279,20.6044,32.52789,20.603654,416,True
libyana-libya-6060,Libyana Mobile,606,0,LTE,6390,1536772,-1,32.494,20.7574,32.495173,20.745808,50,True
libyana-libya-6060,Libyana Mobile,606,0,LTE,6390,1541382,-1,32.4927,20.7513,32.492723,20.75129,50,True
libyana-libya-6060,Libyana Mobile,606,0,LTE,6390,1541379,-1,32.4988,20.79,32.499087,20.787928,50,True
libyana-libya-6060,Libyana Mobile,606,0,LTE,6390,1541380,-1,32.4999,20.8043,32.499327,20.801495,50,True
libyana-libya-6060,Libyana Mobile,606,0,LTE,6390,1548867,-1,32.5001,20.8055,32.500035,20.805058,50,True
libyana-libya-6060,Libyana Mobile,606,0,LTE,6390,1540876,-1,32.5003,20.8099,32.500442,20.809155,50,True
libyana-libya-6060,Libyana Mobile,606,0,LTE,6390,1541129,-1,32.4987,20.8161,32.498577,20.815795,50,True
libyana-libya-6060,Libyana Mobile,606,0,LTE,6390,1541377,-1,32.5133,20.8561,32.515088,20.859108,4595,True
libyana-libya-6060,Libyana Mobile,606,0,LTE,6390,1541121,-1,32.4983,20.8196,32.49808,20.819652,50,True
libyana-libya-6060,Libyana Mobile,606,0,LTE,6390,1548835,-1,32.4987,20.8228,32.498615,20.822408,50,True
libyana-libya-6060,Libyana Mobile,606,0,LTE,6390,1537545,-1,32.4988,20.8241,32.498792,20.824102,50,True
libyana-libya-6060,Libyana Mobile,606,0,LTE,6390,1537537,-1,32.499,20.8268,32.498982,20.826247,50,True
libyana-libya-6060,Libyana Mobile,606,0,LTE,6390,1548858,-1,32.4997,20.8309,32.499605,20.830505,50,True
madar-libya-6061,Madar (Al-Madar Al-Jadeed),606,1,GSM,1122,15041,-1,32.5,20.8315,32.50044,20.832981,607,True
madar-libya-6061,Madar (Al-Madar Al-Jadeed),606,1,GSM,1122,15133,-1,32.5501,20.9374,32.54314,20.925245,2178,True
madar-libya-6061,Madar (Al-Madar Al-Jadeed),606,1,GSM,1122,15131,-1,32.5559,20.9505,32.580936,20.977806,5230,True
madar-libya-6061,Madar (Al-Madar Al-Jadeed),606,1,GSM,1122,15132,-1,32.5558,20.959,32.554607,20.951838,1048,True
libyana-libya-6060,Libyana Mobile,606,0,LTE,6390,1540102,-1,32.5001,20.8309,32.500063,20.83091,50,True
libyana-libya-6060,Libyana Mobile,606,0,LTE,6390,1540099,-1,32.5003,20.8328,32.500174,20.83233,50,True
libyana-libya-6060,Libyana Mobile,606,0,LTE,6390,1540105,-1,32.5011,20.8358,32.500941,20.835339,50,True
libyana-libya-6060,Libyana Mobile,606,0,LTE,6390,1540097,-1,32.503,20.8429,32.501963,20.838983,50,True
libyana-libya-6060,Libyana Mobile,606,0,LTE,6390,1549313,-1,32.5032,20.8435,32.503126,20.843213,50,True
libyana-libya-6060,Libyana Mobile,606,0,LTE,6390,1549319,-1,32.5324,20.905,32.50611,20.854082,50,True
libyana-libya-6060,Libyana Mobile,606,0,LTE,6390,1542658,-1,32.5067,20.8562,32.506578,20.855763,50,True
libyana-libya-6060,Libyana Mobile,606,0,LTE,6390,1542657,-1,32.5104,20.8694,32.509895,20.867733,50,True
libyana-libya-6060,Libyana Mobile,606,0,LTE,6390,1538820,-1,32.5177,20.8865,32.517255,20.886022,50,True
libyana-libya-6060,Libyana Mobile,606,0,LTE,6390,1538817,-1,32.5214,20.8909,32.518942,20.887957,50,True
libyana-libya-6060,Libyana Mobile,606,0,LTE,6390,1543681,-1,32.5381,20.9166,32.537112,20.914885,50,True
libyana-libya-6060,Libyana Mobile,606,0,LTE,6390,1548855,-1,32.5442,20.9271,32.54415,20.927072,50,True
libyana-libya-6060,Libyana Mobile,606,0,LTE,6410,1549571,-1,32.5546,20.9694,32.555741,20.970187,1654,True
libyana-libya-6060,Libyana Mobile,606,0,LTE,6390,1541639,-1,32.5558,20.9606,32.555752,20.960583,50,True
madar-libya-6061,Madar (Al-Madar Al-Jadeed),606,1,GSM,1122,15192,-1,32.5555,21.0195,32.55574,20.992449,352,True
libyana-libya-6060,Libyana Mobile,606,0,LTE,6410,1549570,-1,32.5554,21.0094,32.555518,20.992397,50,True
libyana-libya-6060,Libyana Mobile,606,0,LTE,6410,1539589,-1,32.5546,21.0314,32.554993,21.027713,50,True
libyana-libya-6060,Libyana Mobile,606,0,LTE,6410,1551363,-1,32.5596,21.2468,32.560598,21.249357,50,True
libyana-libya-6060,Libyana Mobile,606,0,LTE,6410,1551362,-1,32.5598,21.266,32.559739,21.265236,1005,True
libyana-libya-6060,Libyana Mobile,606,0,LTE,6410,526083,-1,32.6139,21.3908,32.614392,21.394038,50,True
libyana-libya-6060,Libyana Mobile,606,0,LTE,6410,526082,-1,32.6163,21.3993,32.615973,21.398452,50,True
libyana-libya-6060,Libyana Mobile,606,0,LTE,6410,526081,-1,32.6192,21.4089,32.617777,21.402452,50,True
madar-libya-6061,Madar (Al-Madar Al-Jadeed),606,1,LTE,1250,27241316,-1,32.6307,21.4363,32.62999,21.43032,50,True
madar-libya-6061,Madar (Al-Madar Al-Jadeed),606,1,LTE,1250,27241286,-1,32.6313,21.4362,32.632482,21.433302,50,True
libyana-libya-6060,Libyana Mobile,606,0,LTE,6410,526339,-1,32.6248,21.463,32.624735,21.462548,675,True
libyana-libya-6060,Libyana Mobile,606,0,LTE,6410,526342,-1,32.6243,21.4688,32.624048,21.468148,50,True
libyana-libya-6060,Libyana Mobile,606,0,LTE,6410,526337,-1,32.6246,21.471,32.624508,21.47082,50,True
libyana-libya-6060,Libyana Mobile,606,0,LTE,6410,526341,-1,32.6271,21.4739,32.627123,21.47392,50,True
libyana-libya-6060,Libyana Mobile,606,0,LTE,6410,526340,-1,32.6317,21.4738,32.631738,21.473588,50,True
madar-libya-6061,Madar (Al-Madar Al-Jadeed),606,1,LTE,1250,27231046,-1,32.6556,21.5044,32.654853,21.487357,50,True
libyana-libya-6060,Libyana Mobile,606,0,LTE,6410,529157,-1,32.6637,21.5275,32.663735,21.526338,50,True
libyana-libya-6060,Libyana Mobile,606,0,LTE,6410,529156,-1,32.6798,21.5458,32.67898,21.545725,50,True
libyana-libya-6060,Libyana Mobile,606,0,LTE,6410,529411,-1,32.6842,21.5502,32.68425,21.550237,50,True
libyana-libya-6060,Libyana Mobile,606,0,LTE,6410,1408257,-1,32.7194,21.5759,32.716662,21.572452,50,True
libyana-libya-6060,Libyana Mobile,606,0,LTE,6410,514309,-1,32.7487,21.6244,32.743341,21.615503,1430,True
libyana-libya-6060,Libyana Mobile,606,0,LTE,6410,514306,-1,32.74,21.6113,32.735742,21.6037,50,True
libyana-libya-6060,Libyana Mobile,606,0,LTE,6410,514307,-1,32.7534,21.6329,32.753315,21.63491,50,True
libyana-libya-6060,Libyana Mobile,606,0,LTE,6410,520961,-1,32.7536,21.6325,32.75364,21.632273,50,True
libyana-libya-6060,Libyana Mobile,606,0,LTE,6410,514305,-1,32.7537,21.6468,32.752633,21.640433,50,True
libyana-libya-6060,Libyana Mobile,606,0,LTE,6410,516102,-1,32.7612,21.6774,32.760025,21.671547,860,True
libyana-libya-6060,Libyana Mobile,606,0,LTE,6410,516101,-1,32.7606,21.6998,32.76125,21.696567,50,True
libyana-libya-6060,Libyana Mobile,606,0,LTE,6410,525316,-1,32.7596,21.7131,32.759333,21.714797,50,True
libyana-libya-6060,Libyana Mobile,606,0,LTE,6410,521986,-1,32.7598,21.7201,32.75976,21.720062,50,True
libyana-libya-6060,Libyana Mobile,606,0,LTE,6410,512524,-1,32.7588,21.7243,32.758513,21.724723,50,True
libyana-libya-6060,Libyana Mobile,606,0,LTE,6410,512516,-1,32.7576,21.7282,32.757602,21.728185,50,True
libyana-libya-6060,Libyana Mobile,606,0,LTE,6410,512522,-1,32.7575,21.7317,32.757172,21.730005,50,True
libyana-libya-6060,Libyana Mobile,606,0,LTE,6410,515905,-1,32.7589,21.7354,32.75868,21.734948,50,True
libyana-libya-6060,Libyana Mobile,606,0,LTE,6410,515898,-1,32.7595,21.7367,32.759477,21.736712,50,True
libyana-libya-6060,Libyana Mobile,606,0,LTE,6410,515897,-1,32.7596,21.7372,32.759625,21.737213,50,True
libyana-libya-6060,Libyana Mobile,606,0,LTE,6410,515895,-1,32.7601,21.7379,32.759962,21.73778,50,True
libyana-libya-6060,Libyana Mobile,606,0,LTE,6410,515888,-1,32.7618,21.7421,32.761053,21.740123,50,True
libyana-libya-6060,Libyana Mobile,606,0,LTE,6410,515858,-1,32.7625,21.7445,32.76186,21.742698,338,True
libyana-libya-6060,Libyana Mobile,606,0,LTE,6410,517413,-1,32.7636,21.749,32.763485,21.749235,50,True
libyana-libya-6060,Libyana Mobile,606,0,LTE,6410,517412,-1,32.763,21.7495,32.762967,21.74946,50,True
libyana-libya-6060,Libyana Mobile,606,0,LTE,6410,517411,-1,32.7625,21.7497,32.762497,21.74967,50,True
libyana-libya-6060,Libyana Mobile,606,0,LTE,6410,517404,-1,32.7622,21.7499,32.762205,21.749872,50,True
libyana-libya-6060,Libyana Mobile,606,0,LTE,6410,517401,-1,32.7618,21.7518,32.762362,21.750513,50,True
libyana-libya-6060,Libyana Mobile,606,0,LTE,6410,517394,-1,32.7627,21.7522,32.762618,21.751258,50,True
libyana-libya-6060,Libyana Mobile,606,0,LTE,6410,524547,-1,32.761,21.7526,32.761255,21.752845,50,True
libyana-libya-6060,Libyana Mobile,606,0,LTE,6410,512783,-1,32.7602,21.7525,32.760163,21.752542,50,True
libyana-libya-6060,Libyana Mobile,606,0,LTE,6410,512813,-1,32.7606,21.7527,32.760605,21.752728,50,True
libyana-libya-6060,Libyana Mobile,606,0,LTE,6410,512784,-1,32.7618,21.753,32.761755,21.753042,50,True
libyana-libya-6060,Libyana Mobile,606,0,LTE,6410,517393,-1,32.764,21.7529,32.764188,21.75278,50,True
libyana-libya-6060,Libyana Mobile,606,0,LTE,6410,517392,-1,32.7647,21.7524,32.764738,21.751912,50,True
libyana-libya-6060,Libyana Mobile,606,0,LTE,6410,517391,-1,32.7643,21.7507,32.764197,21.750628,50,True
libyana-libya-6060,Libyana Mobile,606,0,LTE,6410,517414,-1,32.764,21.7495,32.76401,21.749498,50,True
libyana-libya-6060,Libyana Mobile,606,0,LTE,6410,513282,-1,32.7661,21.7574,32.766037,21.756889,171,True
libyana-libya-6060,Libyana Mobile,606,0,LTE,6410,524545,-1,32.7652,21.7571,32.765161,21.757131,50,True
libyana-libya-6060,Libyana Mobile,606,0,LTE,6410,516359,-1,32.7655,21.7669,32.765859,21.76102,350,True
libyana-libya-6060,Libyana Mobile,606,0,LTE,6410,516361,-1,32.7648,21.7576,32.766577,21.759118,167,True
libyana-libya-6060,Libyana Mobile,606,0,LTE,6410,519938,-1,32.77,21.7602,32.770393,21.761202,50,True
libyana-libya-6060,Libyana Mobile,606,0,LTE,6410,519939,-1,32.7724,21.7589,32.773385,21.758025,253,True
libyana-libya-6060,Libyana Mobile,606,0,LTE,6410,513287,-1,32.7717,21.7576,32.771565,21.757853,50,True
libyana-libya-6060,Libyana Mobile,606,0,LTE,6410,516353,-1,32.7661,21.7619,32.768038,21.761922,289,True
libyana-libya-6060,Libyana Mobile,606,0,LTE,6410,519937,-1,32.7722,21.7658,32.772528,21.764902,50,True
libyana-libya-6060,Libyana Mobile,606,0,LTE,6410,524805,-1,32.7709,21.7706,32.770883,21.770613,50,True
libyana-libya-6060,Libyana Mobile,606,0,LTE,6410,517124,-1,32.7719,21.7738,32.772553,21.775196,96,True
libyana-libya-6060,Libyana Mobile,606,0,LTE,6410,523014,-1,32.7744,21.78,32.774181,21.781147,479,True
libyana-libya-6060,Libyana Mobile,606,0,LTE,6410,523013,-1,32.7748,21.7905,32.774688,21.789082,78,True
libyana-libya-6060,Libyana Mobile,606,0,LTE,6410,521478,-1,32.7768,21.7944,32.777234,21.795514,50,True
libyana-libya-6060,Libyana Mobile,606,0,LTE,6410,519940,-1,32.7722,21.7662,32.772512,21.76532,50,True
libyana-libya-6060,Libyana Mobile,606,0,LTE,6410,519942,-1,32.7738,21.76,32.773883,21.759628,50,True
libyana-libya-6060,Libyana Mobile,606,0,LTE,6410,524803,-1,32.773,21.7542,32.772953,21.75415,50,True
libyana-libya-6060,Libyana Mobile,606,0,LTE,6410,513281,-1,32.7726,21.7524,32.77286,21.753708,50,True
libyana-libya-6060,Libyana Mobile,606,0,LTE,6410,519687,-1,32.7721,21.7503,32.77209,21.750263,50,True
libyana-libya-6060,Libyana Mobile,606,0,LTE,6410,525058,-1,32.7717,21.7489,32.771773,21.749233,50,True
libyana-libya-6060,Libyana Mobile,606,0,LTE,6410,513283,-1,32.7712,21.7471,32.771305,21.747553,50,True
libyana-libya-6060,Libyana Mobile,606,0,LTE,6410,520209,-1,32.7704,21.7437,32.769842,21.742317,50,True
libyana-libya-6060,Libyana Mobile,606,0,LTE,6410,519681,-1,32.7705,21.744,32.77051,21.744023,50,True
libyana-libya-6060,Libyana Mobile,606,0,LTE,6410,520210,-1,32.7689,21.7396,32.769243,21.740697,50,True
libyana-libya-6060,Libyana Mobile,606,0,LTE,6410,520227,-1,32.7676,21.7354,32.768298,21.737578,50,True
libyana-libya-6060,Libyana Mobile,606,0,LTE,6410,525826,-1,32.7667,21.7328,32.766683,21.732847,50,True
libyana-libya-6060,Libyana Mobile,606,0,LTE,6410,525831,-1,32.7668,21.7313,32.766597,21.732155,50,True
libyana-libya-6060,Libyana Mobile,606,0,LTE,6410,525825,-1,32.768,21.7273,32.767428,21.72802,50,True
libyana-libya-6060,Libyana Mobile,606,0,LTE,6410,521985,-1,32.7702,21.7237,32.77045,21.723093,50,True
libyana-libya-6060,Libyana Mobile,606,0,LTE,6410,521987,-1,32.7732,21.7186,32.772433,21.719652,252,True
libyana-libya-6060,Libyana Mobile,606,0,LTE,6410,522242,-1,32.7784,21.7142,32.778975,21.713137,50,True
libyana-libya-6060,Libyana Mobile,606,0,LTE,6410,522244,-1,32.7903,21.7203,32.795814,21.728525,2085,True
libyana-libya-6060,Libyana Mobile,606,0,LTE,6410,522241,-1,32.7957,21.7154,32.795858,21.710037,50,True
libyana-libya-6060,Libyana Mobile,606,0,LTE,6410,523266,-1,32.7939,21.7263,32.794907,21.733811,208,True
libyana-libya-6060,Libyana Mobile,606,0,LTE,6410,522243,-1,32.7923,21.6972,32.79235,21.697212,50,True
libyana-libya-6060,Libyana Mobile,606,0,LTE,6410,522246,-1,32.7924,21.6972,32.792365,21.697163,50,True
libyana-libya-6060,Libyana Mobile,606,0,LTE,6410,523267,-1,32.7976,21.7295,32.797988,21.732358,50,True
libyana-libya-6060,Libyana Mobile,606,0,LTE,6410,523269,-1,32.7949,21.7337,32.795261,21.733085,186,True
libyana-libya-6060,Libyana Mobile,606,0,LTE,6410,523270,-1,32.7988,21.7339,32.798281,21.734243,253,True
libyana-libya-6060,Libyana Mobile,606,0,LTE,6410,512514,-1,32.7542,21.7319,32.754835,21.731417,50,True
libyana-libya-6060,Libyana Mobile,606,0,LTE,6410,515875,-1,32.7588,21.7353,32.759002,21.735698,50,True
libyana-libya-6060,Libyana Mobile,606,0,LTE,6410,512519,-1,32.7574,21.732,32.757112,21.730687,50,True
libyana-libya-6060,Libyana Mobile,606,0,LTE,6410,515868,-1,32.7595,21.7369,32.759432,21.736578,50,True
libyana-libya-6060,Libyana Mobile,606,0,LTE,6410,515865,-1,32.7599,21.7376,32.7599,21.737637,50,True
libyana-libya-6060,Libyana Mobile,606,0,LTE,6410,515856,-1,32.7605,21.7387,32.760478,21.738745,50,True
libyana-libya-6060,Libyana Mobile,606,0,LTE,6410,524099,-1,32.7627,21.7421,32.76253,21.74215,50,True
libyana-libya-6060,Libyana Mobile,606,0,LTE,6410,515887,-1,32.7637,21.7419,32.763903,21.741843,50,True
libyana-libya-6060,Libyana Mobile,606,0,LTE,6410,515857,-1,32.7632,21.741,32.762782,21.741108,50,True
libyana-libya-6060,Libyana Mobile,606,0,LTE,6410,520219,-1,32.7644,21.7406,32.76464,21.740507,50,True
libyana-libya-6060,Libyana Mobile,606,0,LTE,6410,524069,-1,32.763,21.7425,32.762872,21.741887,50,True
libyana-libya-6060,Libyana Mobile,606,0,LTE,6410,517444,-1,32.7639,21.7496,32.76377,21.749133,50,True
libyana-libya-6060,Libyana Mobile,606,0,LTE,6410,517421,-1,32.7643,21.7509,32.76428,21.750882,50,True
libyana-libya-6060,Libyana Mobile,606,0,LTE,6410,517422,-1,32.7648,21.7527,32.76461,21.751922,50,True
libyana-libya-6060,Libyana Mobile,606,0,LTE,6410,513285,-1,32.7652,21.7539,32.765173,21.753888,50,True
libyana-libya-6060,Libyana Mobile,606,0,LTE,6410,513027,-1,32.7609,21.772,32.759122,21.773632,50,True
libyana-libya-6060,Libyana Mobile,606,0,LTE,6410,524802,-1,32.7654,21.7728,32.765392,21.772805,50,True
libyana-libya-6060,Libyana Mobile,606,0,LTE,6410,517122,-1,32.7654,21.773,32.765443,21.775376,69,True
libyana-libya-6060,Libyana Mobile,606,0,LTE,6410,520485,-1,32.7664,21.7827,32.765908,21.781437,416,True
libyana-libya-6060,Libyana Mobile,606,0,LTE,6410,520484,-1,32.7636,21.7753,32.76386,21.775517,50,True
libyana-libya-6060,Libyana Mobile,606,0,LTE,6410,520705,-1,32.7625,21.7741,32.762367,21.77431,50,True
libyana-libya-6060,Libyana Mobile,606,0,LTE,6410,513025,-1,32.7645,21.7799,32.761158,21.774513,50,True
libyana-libya-6060,Libyana Mobile,606,0,LTE,6410,513026,-1,32.758,21.7745,32.758523,21.774717,50,True
libyana-libya-6060,Libyana Mobile,606,0,LTE,6410,516615,-1,32.7571,21.7747,32.757078,21.773725,50,True
libyana-libya-6060,Libyana Mobile,606,0,LTE,6410,516354,-1,32.7571,21.7725,32.756892,21.771932,50,True
libyana-libya-6060,Libyana Mobile,606,0,LTE,6410,520711,-1,32.7571,21.7715,32.75716,21.771772,50,True
libyana-libya-6060,Libyana Mobile,606,0,LTE,6410,518147,-1,32.7576,21.7781,32.75841,21.778147,50,True
libyana-libya-6060,Libyana Mobile,606,0,LTE,6410,520483,-1,32.7628,21.7782,32.762462,21.778182,50,True
libyana-libya-6060,Libyana Mobile,606,0,LTE,6410,520486,-1,32.7655,21.7785,32.765433,21.77844,50,True
libyana-libya-6060,Libyana Mobile,606,0,LTE,6410,520463,-1,32.7654,21.7797,32.765413,21.779788,50,True
libyana-libya-6060,Libyana Mobile,606,0,LTE,6410,520464,-1,32.7654,21.7807,32.765365,21.780447,50,True
libyana-libya-6060,Libyana Mobile,606,0,LTE,6410,520465,-1,32.7657,21.7818,32.765815,21.781953,60,True
libyana-libya-6060,Libyana Mobile,606,0,LTE,6410,520466,-1,32.7673,21.7845,32.765817,21.782218,50,True
libyana-libya-6060,Libyana Mobile,606,0,LTE,6410,523010,-1,32.7731,21.7897,32.772763,21.789252,50,True
libyana-libya-6060,Libyana Mobile,606,0,LTE,6410,521474,-1,32.7799,21.8005,32.77988,21.801141,120,True
libyana-libya-6060,Libyana Mobile,606,0,LTE,6410,521473,-1,32.7876,21.7977,32.79356,21.793273,50,True
libyana-libya-6060,Libyana Mobile,606,0,LTE,6410,528130,-1,32.7955,21.7916,32.799623,21.788222,50,True
libyana-libya-6060,Libyana Mobile,606,0,LTE,6410,528133,-1,32.7908,21.7951,32.790457,21.795338,50,True
libyana-libya-6060,Libyana Mobile,606,0,LTE,6410,521476,-1,32.7919,21.7943,32.79167,21.7945,50,True
libyana-libya-6060,Libyana Mobile,606,0,LTE,6410,528129,-1,32.8033,21.7863,32.800787,21.787238,50,True
libyana-libya-6060,Libyana Mobile,606,0,LTE,6410,533250,-1,32.8084,21.7864,32.808342,21.787867,50,True
libyana-libya-6060,Libyana Mobile,606,0,LTE,6410,523265,-1,32.8068,21.7604,32.808365,21.767898,50,True
libyana-libya-6060,Libyana Mobile,606,0,LTE,6410,523268,-1,32.8054,21.7435,32.810108,21.747932,50,True
libyana-libya-6060,Libyana Mobile,606,0,LTE,6420,1287176,-1,32.7547,22.6545,32.754571,22.654543,50,True
libyana-libya-6060,Libyana Mobile,606,0,LTE,6420,1280550,-1,32.7543,22.6541,32.754337,22.65412,50,True
libyana-libya-6060,Libyana Mobile,606,0,LTE,6420,1283845,-1,32.7546,22.649,32.754598,22.649147,50,True
libyana-libya-6060,Libyana Mobile,606,0,LTE,6420,1283851,-1,32.7527,22.6489,32.752887,22.648988,50,True
libyana-libya-6060,Libyana Mobile,606,0,LTE,6420,1286916,-1,32.7517,22.6486,32.75213,22.648765,50,True
libyana-libya-6060,Libyana Mobile,606,0,LTE,6420,1286924,-1,32.7496,22.6484,32.748963,22.648475,50,True
libyana-libya-6060,Libyana Mobile,606,0,LTE,6420,1286923,-1,32.7467,22.6514,32.747888,22.649662,50,True
libyana-libya-6060,Libyana Mobile,606,0,LTE,6420,1287170,-1,32.7447,22.6553,32.74517,22.654123,50,True
libyana-libya-6060,Libyana Mobile,606,0,LTE,6420,1286920,-1,32.7459,22.6532,32.745574,22.653717,347,True
libyana-libya-6060,Libyana Mobile,606,0,LTE,6420,1287175,-1,32.7428,22.6604,32.74314,22.659652,50,True
libyana-libya-6060,Libyana Mobile,606,0,LTE,6420,1292058,-1,32.7409,22.6656,32.741003,22.665295,50,True
libyana-libya-6060,Libyana Mobile,606,0,LTE,6420,1286403,-1,32.7388,22.6684,32.738584,22.668507,78,True
libyana-libya-6060,Libyana Mobile,606,0,LTE,6420,1286401,-1,32.7298,22.67,32.731695,22.670306,146,True
libyana-libya-6060,Libyana Mobile,606,0,LTE,6420,1281283,-1,32.7088,22.6749,32.701038,22.679093,50,True
libyana-libya-6060,Libyana Mobile,606,0,LTE,6420,1281282,-1,32.6656,22.6989,32.691248,22.684302,81,True
libyana-libya-6060,Libyana Mobile,606,0,LTE,6420,1281539,-1,32.6109,22.7586,32.611484,22.753572,1017,True
libyana-libya-6060,Libyana Mobile,606,0,LTE,6420,1281537,-1,32.5985,22.797,32.604597,22.778126,50,True
libyana-libya-6060,Libyana Mobile,606,0,LTE,6420,1281540,-1,32.5932,22.8143,32.578503,22.859537,4969,True
libyana-libya-6060,Libyana Mobile,606,0,LTE,6420,1293059,-1,32.544,22.9899,32.538505,22.99783,50,True
libyana-libya-6060,Libyana Mobile,606,0,LTE,6420,1295363,-1,32.5428,23.0076,32.544205,23.012653,50,True
libyana-libya-6060,Libyana Mobile,606,0,LTE,6420,1293057,-1,32.5615,23.047,32.537553,23.007335,50,True
libyana-libya-6060,Libyana Mobile,606,0,LTE,6420,1293060,-1,32.5806,23.0804,32.595652,23.09822,50,True
libyana-libya-6060,Libyana Mobile,606,0,LTE,6430,769027,-1,32.5609,23.0632,32.560915,23.063232,50,True
libyana-libya-6060,Libyana Mobile,606,0,LTE,6420,1293570,-1,32.5863,23.0887,32.586343,23.088735,50,True
libyana-libya-6060,Libyana Mobile,606,0,LTE,6430,769539,-1,32.5813,23.0835,32.581285,23.083532,50,True
libyana-libya-6060,Libyana Mobile,606,0,LTE,6420,1293062,-1,32.5512,22.9685,32.55057,22.972662,50,True
libyana-libya-6060,Libyana Mobile,606,0,LTE,6420,1281542,-1,32.62,22.7364,32.614565,22.742737,50,True
libyana-libya-6060,Libyana Mobile,606,0,LTE,6420,1292088,-1,32.7412,22.665,32.740828,22.666105,50,True
libyana-libya-6060,Libyana Mobile,606,0,LTE,6420,1284098,-1,32.7431,22.6601,32.742975,22.660718,50,True
libyana-libya-6060,Libyana Mobile,606,0,LTE,6420,1289730,-1,32.7447,22.6554,32.744843,22.655063,50,True
libyana-libya-6060,Libyana Mobile,606,0,LTE,6420,1286915,-1,32.7483,22.6493,32.748342,22.649285,50,True
libyana-libya-6060,Libyana Mobile,606,0,LTE,6420,1286921,-1,32.7506,22.6488,32.749427,22.648958,50,True
libyana-libya-6060,Libyana Mobile,606,0,LTE,6420,1283848,-1,32.7527,22.6491,32.752683,22.649115,50,True
libyana-libya-6060,Libyana Mobile,606,0,LTE,6420,1283842,-1,32.7546,22.6492,32.754592,22.64931,50,True
libyana-libya-6060,Libyana Mobile,606,0,LTE,6420,1283847,-1,32.7574,22.6498,32.757717,22.649518,50,True
libyana-libya-6060,Libyana Mobile,606,0,LTE,6420,1287171,-1,32.7563,22.6536,32.756716,22.654568,50,True
libyana-libya-6060,Libyana Mobile,606,0,LTE,6420,1287174,-1,32.7578,22.6524,32.75639,22.6546,50,True
libyana-libya-6060,Libyana Mobile,606,0,LTE,6420,1283333,-1,32.7604,22.6461,32.761022,22.644455,50,True
libyana-libya-6060,Libyana Mobile,606,0,LTE,6420,1292080,-1,32.7605,22.6456,32.760733,22.645115,50,True
libyana-libya-6060,Libyana Mobile,606,0,LTE,6420,1292079,-1,32.7613,22.6439,32.761178,22.644052,50,True
libyana-libya-6060,Libyana Mobile,606,0,LTE,6420,1292078,-1,32.7621,22.6426,32.762122,22.642587,50,True
libyana-libya-6060,Libyana Mobile,606,0,LTE,6420,1284106,-1,32.7628,22.6413,32.76275,22.6415,50,True
libyana-libya-6060,Libyana Mobile,606,0,LTE,6420,1282820,-1,32.7632,22.6404,32.763162,22.640415,50,True
libyana-libya-6060,Libyana Mobile,606,0,LTE,6420,1280314,-1,32.7635,22.6395,32.763578,22.639192,50,True
libyana-libya-6060,Libyana Mobile,606,0,LTE,6420,1284100,-1,32.7653,22.6374,32.76363,22.638555,50,True
libyana-libya-6060,Libyana Mobile,606,0,LTE,6420,1288240,-1,32.7637,22.637,32.763757,22.636223,50,True
libyana-libya-6060,Libyana Mobile,606,0,LTE,6420,1280321,-1,32.7669,22.6378,32.766383,22.637327,50,True
libyana-libya-6060,Libyana Mobile,606,0,LTE,6420,1280301,-1,32.7691,22.6394,32.769088,22.63945,50,True
libyana-libya-6060,Libyana Mobile,606,0,LTE,6420,1280302,-1,32.7702,22.6401,32.769532,22.639707,50,True
libyana-libya-6060,Libyana Mobile,606,0,LTE,6420,1284097,-1,32.7718,22.6407,32.77139,22.640795,50,True
libyana-libya-6060,Libyana Mobile,606,0,LTE,6420,1289729,-1,32.7719,22.6411,32.772107,22.641198,50,True
libyana-libya-6060,Libyana Mobile,606,0,LTE,6420,1280272,-1,32.7723,22.6399,32.77228,22.639943,50,True
libyana-libya-6060,Libyana Mobile,606,0,LTE,6420,1287937,-1,32.7723,22.6384,32.772252,22.638028,50,True
libyana-libya-6060,Libyana Mobile,606,0,LTE,6420,1409537,-1,32.7821,22.1442,32.785912,22.133357,50,True
libyana-libya-6060,Libyana Mobile,606,0,LTE,6410,526849,-1,32.7854,22.0166,32.783855,22.006957,50,True
libyana-libya-6060,Libyana Mobile,606,0,LTE,6410,528385,-1,32.7842,22.0026,32.784087,22.00429,50,True
libyana-libya-6060,Libyana Mobile,606,0,LTE,6410,526850,-1,32.7839,21.9928,32.784312,21.999277,50,True
libyana-libya-6060,Libyana Mobile,606,0,LTE,6410,528386,-1,32.7838,21.9933,32.783805,21.994993,50,True
libyana-libya-6060,Libyana Mobile,606,0,LTE,6410,528644,-1,32.8108,21.9288,32.810916,21.929476,251,True
libyana-libya-6060,Libyana Mobile,606,0,LTE,6410,528645,-1,32.8065,21.9062,32.810817,21.919973,50,True
libyana-libya-6060,Libyana Mobile,606,0,LTE,6410,531205,-1,32.7975,21.8827,32.79765,21.883025,50,True
libyana-libya-6060,Libyana Mobile,606,0,LTE,6410,513538,-1,32.7965,21.8801,32.795727,21.878207,50,True
libyana-libya-6060,Libyana Mobile,606,0,LTE,6410,531202,-1,32.796,21.8788,32.79607,21.879058,50,True
libyana-libya-6060,Libyana Mobile,606,0,LTE,6410,531211,-1,32.7922,21.8694,32.792248,21.869437,50,True
libyana-libya-6060,Libyana Mobile,606,0,LTE,6410,531206,-1,32.7911,21.8666,32.791297,21.866998,50,True
libyana-libya-6060,Libyana Mobile,606,0,LTE,6410,530690,-1,32.7887,21.8593,32.789943,21.86368,50,True
libyana-libya-6060,Libyana Mobile,606,0,LTE,6410,531203,-1,32.7884,21.8592,32.789505,21.862635,50,True
libyana-libya-6060,Libyana Mobile,606,0,LTE,6410,530179,-1,32.7873,21.8509,32.787335,21.851812,50,True
libyana-libya-6060,Libyana Mobile,606,0,LTE,6410,513796,-1,32.7845,21.834,32.785312,21.837907,50,True
libyana-libya-6060,Libyana Mobile,606,0,LTE,6410,513798,-1,32.7807,21.8153,32.781188,21.821915,50,True
libyana-libya-6060,Libyana Mobile,606,0,LTE,6410,521477,-1,32.7796,21.8045,32.779522,21.801463,50,True
libyana-libya-6060,Libyana Mobile,606,0,LTE,6410,513028,-1,32.7691,21.7868,32.769097,21.786803,50,True
libyana-libya-6060,Libyana Mobile,606,0,LTE,6410,518145,-1,32.7682,21.7863,32.768558,21.786492,50,True
libyana-libya-6060,Libyana Mobile,606,0,LTE,6410,523011,-1,32.7656,21.7682,32.765603,21.768113,50,True
libyana-libya-6060,Libyana Mobile,606,0,LTE,6410,517423,-1,32.764,21.7548,32.763995,21.754825,50,True
libyana-libya-6060,Libyana Mobile,606,0,LTE,6410,516617,-1,32.7643,21.7551,32.764273,21.755143,50,True
libyana-libya-6060,Libyana Mobile,606,0,LTE,6390,1536773,-1,32.5007,20.7247,32.501228,20.731665,50,True
libyana-libya-6060,Libyana Mobile,606,0,LTE,6390,1552388,-1,32.5019,20.7066,32.502134,20.704124,50,True
libyana-libya-6060,Libyana Mobile,606,0,LTE,6390,1552390,-1,32.5042,20.6968,32.502638,20.701142,50,True
libyana-libya-6060,Libyana Mobile,606,0,LTE,6390,1552387,-1,32.5074,20.6847,32.506533,20.688538,50,True
libyana-libya-6060,Libyana Mobile,606,0,LTE,6390,1551620,-1,32.5118,20.6568,32.511345,20.647183,50,True
libyana-libya-6060,Libyana Mobile,606,0,LTE,6390,1551621,-1,32.5153,20.6418,32.511713,20.64599,50,True
libyana-libya-6060,Libyana Mobile,606,0,LTE,6390,1553163,-1,32.5276,20.6081,32.5286,20.603383,50,True
libyana-libya-6060,Libyana Mobile,606,0,LTE,6390,1433089,-1,32.3438,20.3147,32.342804,20.313211,467,True
libyana-libya-6060,Libyana Mobile,606,0,LTE,6390,318470,-1,32.3043,20.2599,32.317323,20.274545,50,True
libyana-libya-6060,Libyana Mobile,606,0,LTE,6390,319489,-1,32.2779,20.2301,32.276903,20.229017,50,True
libyana-libya-6060,Libyana Mobile,606,0,LTE,6390,319492,-1,32.2685,20.2196,32.269547,20.220787,50,True
libyana-libya-6060,Libyana Mobile,606,0,LTE,6390,319494,-1,32.265,20.2156,32.266965,20.217888,50,True
libyana-libya-6060,Libyana Mobile,606,0,LTE,6390,1090561,-1,32.2611,20.2113,32.258698,20.208587,50,True
libyana-libya-6060,Libyana Mobile,606,0,LTE,6390,291335,-1,32.2598,20.2097,32.259077,20.208998,50,True
libyana-libya-6060,Libyana Mobile,606,0,LTE,6390,291333,-1,32.2581,20.2079,32.258118,20.207918,50,True
libyana-libya-6060,Libyana Mobile,606,0,LTE,6390,1090562,-1,32.2546,20.204,32.255602,20.205095,50,True
libyana-libya-6060,Libyana Mobile,606,0,LTE,6390,315649,-1,32.2485,20.1953,32.24655,20.192108,50,True
libyana-libya-6060,Libyana Mobile,606,0,LTE,6390,291336,-1,32.2507,20.1989,32.250953,20.199295,50,True
libyana-libya-6060,Libyana Mobile,606,0,LTE,6390,315651,-1,32.2351,20.1818,32.242937,20.188455,50,True
libyana-libya-6060,Libyana Mobile,606,0,LTE,6390,315654,-1,32.2376,20.1838,32.236427,20.182728,50,True
libyana-libya-6060,Libyana Mobile,606,0,LTE,6390,1091075,-1,32.2323,20.1793,32.23167,20.17867,50,True
libyana-libya-6060,Libyana Mobile,606,0,LTE,6390,285697,-1,32.2137,20.1652,32.20545,20.159433,50,True
libyana-libya-6060,Libyana Mobile,606,0,LTE,6390,290313,-1,32.2195,20.1693,32.21991,20.169628,50,True
libyana-libya-6060,Libyana Mobile,606,0,LTE,6390,285698,-1,32.2027,20.1576,32.203118,20.157918,50,True
libyana-libya-6060,Libyana Mobile,606,0,LTE,6390,285699,-1,32.1984,20.1548,32.201247,20.156645,50,True
libyana-libya-6060,Libyana Mobile,606,0,LTE,6390,259329,-1,32.1858,20.1451,32.182162,20.14152,50,True
libyana-libya-6060,Libyana Mobile,606,0,LTE,6390,259331,-1,32.1751,20.1341,32.175622,20.134698,50,True
libyana-libya-6060,Libyana Mobile,606,0,LTE,6390,259330,-1,32.17,20.1288,32.172528,20.131438,50,True
libyana-libya-6060,Libyana Mobile,606,0,LTE,6390,309251,-1,32.1702,20.1289,32.171412,20.130253,50,True
libyana-libya-6060,Libyana Mobile,606,0,LTE,6330,307215,-1,32.1695,20.1282,32.16941,20.12815,50,True
libyana-libya-6060,Libyana Mobile,606,0,LTE,6330,271105,-1,32.164,20.1224,32.16365,20.121188,88,True
libyana-libya-6060,Libyana Mobile,606,0,LTE,6330,271106,-1,32.1592,20.1161,32.160327,20.117723,236,True
libyana-libya-6060,Libyana Mobile,606,0,LTE,6330,307258,-1,32.1587,20.1153,32.15846,20.11524,50,True
libyana-libya-6060,Libyana Mobile,606,0,LTE,6330,259585,-1,32.1556,20.1213,32.155288,20.121532,50,True
libyana-libya-6060,Libyana Mobile,606,0,LTE,6330,310531,-1,32.1482,20.1262,32.148898,20.125823,50,True
libyana-libya-6060,Libyana Mobile,606,0,LTE,6330,259586,-1,32.1516,20.1241,32.153895,20.122612,50,True
libyana-libya-6060,Libyana Mobile,606,0,LTE,6330,310534,-1,32.1454,20.1275,32.145362,20.127527,50,True
libyana-libya-6060,Libyana Mobile,606,0,LTE,6330,270849,-1,32.1428,20.1287,32.143103,20.12858,50,True
libyana-libya-6060,Libyana Mobile,606,0,LTE,6330,270851,-1,32.1415,20.1294,32.141892,20.1292,50,True
libyana-libya-6060,Libyana Mobile,606,0,LTE,6330,278273,-1,32.1342,20.1268,32.134413,20.126673,50,True
libyana-libya-6060,Libyana Mobile,606,0,LTE,6330,269073,-1,32.1379,20.1279,32.137172,20.12598,50,True
libyana-libya-6060,Libyana Mobile,606,0,LTE,6330,278274,-1,32.1312,20.1282,32.130995,20.128332,50,True
libyana-libya-6060,Libyana Mobile,606,0,LTE,6310,314951,-1,32.1314,20.1314,32.131235,20.13095,50,True
libyana-libya-6060,Libyana Mobile,606,0,LTE,6330,291075,-1,32.1282,20.1327,32.127377,20.132403,50,True
libyana-libya-6060,Libyana Mobile,606,0,LTE,6330,291077,-1,32.1257,20.1319,32.125873,20.131947,50,True
libyana-libya-6060,Libyana Mobile,606,0,LTE,6330,291074,-1,32.1229,20.1318,32.123143,20.131645,142,True
libyana-libya-6060,Libyana Mobile,606,0,LTE,6310,314882,-1,32.1231,20.1314,32.123074,20.131398,50,True
libyana-libya-6060,Libyana Mobile,606,0,LTE,6330,307971,-1,32.1203,20.1318,32.120223,20.13177,50,True
libyana-libya-6060,Libyana Mobile,606,0,LTE,6310,314888,-1,32.1196,20.1301,32.11949,20.129402,50,True
libyana-libya-6060,Libyana Mobile,606,0,LTE,6330,258887,-1,32.1192,20.1296,32.119153,20.1296,50,True
libyana-libya-6060,Libyana Mobile,606,0,LTE,6310,256257,-1,32.0793,20.0961,32.079347,20.096076,50,True
libyana-libya-6060,Libyana Mobile,606,0,LTE,6310,273928,-1,32.0795,20.0852,32.080426,20.084897,50,True
libyana-libya-6060,Libyana Mobile,606,0,LTE,6310,283942,-1,32.0779,20.0859,32.07794,20.085917,50,True
libyana-libya-6060,Libyana Mobile,606,0,LTE,6310,283941,-1,32.0774,20.0858,32.077446,20.085846,50,True
libyana-libya-6060,Libyana Mobile,606,0,LTE,6310,283931,-1,32.0767,20.0871,32.076735,20.086849,50,True
libyana-libya-6060,Libyana Mobile,606,0,LTE,1610,480518,-1,32.8611,13.0874,32.860934,13.087857,159,True
libyana-libya-6060,Libyana Mobile,606,0,LTE,1610,499969,-1,32.8586,13.085,32.858553,13.085039,50,True
libyana-libya-6060,Libyana Mobile,606,0,LTE,1610,480515,-1,32.8588,13.0851,32.859069,13.085432,50,True
libyana-libya-6060,Libyana Mobile,606,0,LTE,1610,379650,-1,32.8584,13.0851,32.85843,13.085105,50,True
libyana-libya-6060,Libyana Mobile,606,0,LTE,1610,379730,-1,32.8585,13.0851,32.858507,13.085099,50,True
libyana-libya-6060,Libyana Mobile,606,0,LTE,1610,480516,-1,32.8621,13.0923,32.862115,13.092356,202,True
libyana-libya-6060,Libyana Mobile,606,0,LTE,1610,415500,-1,32.8625,13.0939,32.862445,13.09362,50,True
libyana-libya-6060,Libyana Mobile,606,0,LTE,1610,415494,-1,32.8628,13.096,32.862799,13.095934,131,True
libyana-libya-6060,Libyana Mobile,606,0,LTE,1610,307724,-1,32.8639,13.1023,32.863842,13.101358,360,True
libyana-libya-6060,Libyana Mobile,606,0,LTE,1610,415499,-1,32.8632,13.0993,32.863104,13.098403,50,True
libyana-libya-6060,Libyana Mobile,606,0,LTE,1610,307793,-1,32.8649,13.106,32.864698,13.105227,50,True
libyana-libya-6060,Libyana Mobile,606,0,LTE,1610,307799,-1,32.8655,13.1084,32.865028,13.107074,50,True
libyana-libya-6060,Libyana Mobile,606,0,LTE,1610,510035,-1,32.8688,13.1085,32.866973,13.108653,50,True
libyana-libya-6060,Libyana Mobile,606,0,LTE,1610,415315,-1,32.8726,13.1116,32.870428,13.107373,50,True
libyana-libya-6060,Libyana Mobile,606,0,LTE,1610,415313,-1,32.8752,13.1169,32.874478,13.115182,50,True
libyana-libya-6060,Libyana Mobile,606,0,LTE,1610,439123,-1,32.8752,13.1194,32.875535,13.11902,50,True
libyana-libya-6060,Libyana Mobile,606,0,LTE,1610,415314,-1,32.8754,13.1243,32.874821,13.120034,50,True
libyana-libya-6060,Libyana Mobile,606,0,LTE,1610,439121,-1,32.8782,13.1309,32.875535,13.124965,50,True
libyana-libya-6060,Libyana Mobile,606,0,LTE,1610,258387,-1,32.8779,13.132,32.877485,13.131699,50,True
libyana-libya-6060,Libyana Mobile,606,0,LTE,1610,258385,-1,32.881,13.1362,32.880934,13.135956,50,True
libyana-libya-6060,Libyana Mobile,606,0,LTE,1610,491865,-1,32.8802,13.1388,32.880966,13.136544,50,True
libyana-libya-6060,Libyana Mobile,606,0,LTE,1610,491859,-1,32.8795,13.1421,32.879637,13.140345,50,True
libyana-libya-6060,Libyana Mobile,606,0,LTE,1610,491863,-1,32.8796,13.1464,32.879706,13.144242,50,True
libyana-libya-6060,Libyana Mobile,606,0,LTE,1610,491857,-1,32.8799,13.1509,32.879066,13.14606,50,True
libyana-libya-6060,Libyana Mobile,606,0,LTE,1810,500563,-1,32.8842,13.1595,32.880454,13.154345,50,True
libyana-libya-6060,Libyana Mobile,606,0,LTE,1610,263513,-1,32.8784,13.1564,32.87871,13.156005,50,True
libyana-libya-6060,Libyana Mobile,606,0,LTE,1610,279127,-1,32.8784,13.158,32.878229,13.157404,50,True
libyana-libya-6060,Libyana Mobile,606,0,LTE,1810,505939,-1,32.8802,13.1578,32.878686,13.158745,50,True
libyana-libya-6060,Libyana Mobile,606,0,LTE,1810,450131,-1,32.884,13.158,32.882168,13.155841,50,True
libyana-libya-6060,Libyana Mobile,606,0,LTE,1810,450129,-1,32.8867,13.1626,32.885759,13.161545,50,True
libyana-libya-6060,Libyana Mobile,606,0,LTE,1810,500561,-1,32.8914,13.1661,32.890209,13.165257,50,True
libyana-libya-6060,Libyana Mobile,606,0,LTE,1810,262739,-1,32.8945,13.168,32.892677,13.166941,50,True
libyana-libya-6060,Libyana Mobile,606,0,LTE,1810,262737,-1,32.8972,13.1692,32.896523,13.168823,50,True
libyana-libya-6060,Libyana Mobile,606,0,LTE,1810,26885,-1,32.8984,13.1701,32.897768,13.169653,50,True
libyana-libya-6060,Libyana Mobile,606,0,LTE,1810,302348,-1,32.8997,13.1713,32.89999,13.171755,50,True
libyana-libya-6060,Libyana Mobile,606,0,LTE,1810,361734,-1,32.901,13.1741,32.901586,13.175194,50,True
libyana-libya-6060,Libyana Mobile,606,0,LTE,1810,361732,-1,32.9012,13.1762,32.901668,13.175684,50,True
libyana-libya-6060,Libyana Mobile,606,0,LTE,1810,1638410,-1,32.8999,13.177,32.900316,13.176759,50,True
libyana-libya-6060,Libyana Mobile,606,0,LTE,1810,1638430,-1,32.8993,13.1777,32.899445,13.177446,50,True
libyana-libya-6060,Libyana Mobile,606,0,LTE,1810,1638405,-1,32.8989,13.1783,32.899042,13.178054,50,True
libyana-libya-6060,Libyana Mobile,606,0,LTE,1810,1638411,-1,32.898,13.1809,32.898671,13.17861,50,True
libyana-libya-6060,Libyana Mobile,606,0,LTE,1810,499204,-1,32.8962,13.1846,32.898208,13.181293,50,True
libyana-libya-6060,Libyana Mobile,606,0,LTE,1810,499210,-1,32.8945,13.1889,32.894651,13.187884,50,True
libyana-libya-6060,Libyana Mobile,606,0,LTE,1810,441604,-1,32.8948,13.1929,32.894365,13.190124,50,True
libyana-libya-6060,Libyana Mobile,606,0,LTE,1810,491274,-1,32.8964,13.1978,32.895773,13.196069,50,True
libyana-libya-6060,Libyana Mobile,606,0,LTE,1810,413956,-1,32.9002,13.2068,32.89933,13.204893,50,True
libyana-libya-6060,Libyana Mobile,606,0,LTE,1810,413958,-1,32.898,13.2019,32.896961,13.199217,50,True
libyana-libya-6060,Libyana Mobile,606,0,LTE,1810,414212,-1,32.9006,13.2109,32.900589,13.209124,50,True
libyana-libya-6060,Libyana Mobile,606,0,LTE,1810,414289,-1,32.901,13.2145,32.900721,13.213341,50,True
libyana-libya-6060,Libyana Mobile,606,0,LTE,1810,1281107,-1,32.9014,13.217,32.901223,13.215734,50,True
libyana-libya-6060,Libyana Mobile,606,0,LTE,1810,1614419,-1,32.9026,13.2201,32.901633,13.218215,50,True
libyana-libya-6060,Libyana Mobile,606,0,LTE,1810,409945,-1,32.904,13.2228,32.903589,13.222018,50,True
libyana-libya-6060,Libyana Mobile,606,0,LTE,1810,1614417,-1,32.9053,13.2259,32.904474,13.223831,50,True
libyana-libya-6060,Libyana Mobile,606,0,LTE,1810,409937,-1,32.9065,13.2295,32.906407,13.229262,50,True
libyana-libya-6060,Libyana Mobile,606,0,LTE,1810,409943,-1,32.907,13.2313,32.90663,13.230005,50,True
libyana-libya-6060,Libyana Mobile,606,0,LTE,1810,409938,-1,32.9085,13.2361,32.907438,13.232546,50,True
libyana-libya-6060,Libyana Mobile,606,0,LTE,1810,1638502,-1,32.9092,13.2408,32.909303,13.240027,50,True
libyana-libya-6060,Libyana Mobile,606,0,LTE,1910,511235,-1,32.9079,13.245,32.90842,13.243857,50,True
libyana-libya-6060,Libyana Mobile,606,0,LTE,1910,511233,-1,32.9068,13.2552,32.907108,13.248388,50,True
libyana-libya-6060,Libyana Mobile,606,0,LTE,1910,337153,-1,32.9066,13.259,32.906608,13.25796,50,True
libyana-libya-6060,Libyana Mobile,606,0,LTE,1910,410121,-1,32.9067,13.2613,32.906634,13.260298,50,True
libyana-libya-6060,Libyana Mobile,606,0,LTE,1910,273926,-1,32.9077,13.2735,32.906685,13.264391,50,True
libyana-libya-6060,Libyana Mobile,606,0,LTE,1910,273924,-1,32.9084,13.2794,32.908023,13.273366,50,True
libyana-libya-6060,Libyana Mobile,606,0,LTE,1910,1604100,-1,32.9075,13.2918,32.908714,13.286112,50,True
libyana-libya-6060,Libyana Mobile,606,0,LTE,2120,1600774,-1,32.9003,13.3098,32.896651,13.321399,50,True
libyana-libya-6060,Libyana Mobile,606,0,LTE,1910,304902,-1,32.9025,13.3036,32.902891,13.302223,50,True
libyana-libya-6060,Libyana Mobile,606,0,LTE,1910,1604101,-1,32.9019,13.3065,32.902156,13.305022,50,True
libyana-libya-6060,Libyana Mobile,606,0,LTE,1910,304900,-1,32.9005,13.3106,32.901515,13.307872,50,True
libyana-libya-6060,Libyana Mobile,606,0,LTE,1910,336900,-1,32.8979,13.3173,32.89935,13.313214,50,True
libyana-libya-6060,Libyana Mobile,606,0,LTE,2120,1661446,-1,32.8917,13.3255,32.894482,13.324167,50,True
libyana-libya-6060,Libyana Mobile,606,0,LTE,2120,1661445,-1,32.8887,13.3263,32.888814,13.326578,50,True
libyana-libya-6060,Libyana Mobile,606,0,LTE,2120,1626885,-1,32.8886,13.3255,32.888623,13.325885,50,True
libyana-libya-6060,Libyana Mobile,606,0,LTE,2120,1626962,-1,32.8887,13.3252,32.887028,13.326568,227,True
libyana-libya-6060,Libyana Mobile,606,0,LTE,2120,1626882,-1,32.8887,13.3252,32.888739,13.325246,50,True
