date,predicted_kpi_volume_gb,lower_80,upper_80,lower_95,upper_95
2026-09-22,1060786.5555632522,1010846.5006821292,1110726.6104443753,984315.8465265326,1137257.2645999717
2026-09-23,1051961.3086779525,996347.2935421523,1107575.3238137527,966802.3480012584,1137120.2693546466
2026-09-24,1051533.3638735258,991565.5659055917,1111501.1618414598,959707.6732351268,1143359.0545119247
2026-09-25,1048608.9915484772,984970.7848681465,1112247.198228808,951162.987569221,1146054.9955277336
2026-09-26,1046396.256822218,979524.3551511633,1113268.1584932727,943998.6573884154,1148793.8562560205
2026-09-27,1045255.1816835857,975459.7962744243,1115050.5670927472,938380.9977758073,1152129.3655913642
2026-09-28,1044335.137235659,971851.3310718283,1116818.9433994899,933344.3090472932,1155325.965424025
2026-09-29,1041919.2343589884,966933.1071693032,1116905.3615486734,927096.727099783,1156741.7416181937
2026-09-30,1029753.469230533,952417.1107509948,1107089.8277100713,911332.17030874,1148174.7681523259
2026-10-01,1009267.1431744051,929707.8806722601,1088826.40567655,887442.0224679956,1131092.2638808147
2026-10-02,1001731.7844133424,920058.2514921236,1083405.3173345611,876669.187127726,1126794.3816989588
2026-10-03,1000886.5950320356,917192.902178083,1084580.2878859884,872730.6278494205,1129042.5622146507
2026-10-04,1003966.9883392752,918335.6965662275,1089598.2801123231,872844.0728117957,1135089.9038667546
2026-10-05,1001613.9795713157,914118.2856247444,1089109.673517887,867636.1982156283,1135591.760927003
2026-10-06,1007296.8781523107,918002.261278243,1096591.4950263784,870564.4960638946,1144029.2602407269
2026-10-07,1003578.2324821134,912543.7222033675,1094612.7427608594,864181.6386177838,1142974.826346443
2026-10-08,996738.610171632,904017.780345839,1089459.439997425,854759.8395008864,1138717.3808423777
2026-10-09,998294.4636975084,903936.2244539385,1092652.7029410785,853808.409855792,1142780.5175392248
2026-10-10,998215.0381781686,902264.2756902273,1094165.80066611,851290.4331185084,1145139.6432378287
2026-10-11,1000465.4138112629,902963.513551069,1097967.314071457,851165.6290378409,1149765.198584685
2026-10-12,999485.8103550057,900471.0897722258,1098500.5309377855,847869.519462624,1151102.1012473875
2026-10-13,1004121.9154219182,903629.9852605456,1104613.8455832908,850243.6473623165,1158000.1834815198
2026-10-14,1005302.981637665,903367.0503459867,1107238.912929343,849213.5868472827,1161392.3764280472
2026-10-15,1004313.613954131,900964.7462177236,1107662.4816905386,846060.6602327571,1162566.5676755048
2026-10-16,1005548.8247193464,900816.1626413928,1110281.4867973,845176.93591248,1165920.7135262126
2026-10-17,1004206.1409218033,898117.0945155721,1110295.1873280345,841757.2886122618,1166654.993231345
2026-10-18,1005217.7099183437,897798.1221783723,1112637.297658315,840731.4661915125,1169703.9536451749
2026-10-19,1002624.8372099873,893899.1279642412,1111350.5464557335,836138.5949274385,1169111.0794925361
2026-10-20,1005456.1711577239,895447.4630839294,1115464.8792315184,837005.336919726,1173907.0053957216
2026-10-21,1005425.5457580771,894155.7753106017,1116695.3162055523,835043.7097603804,1175807.3817557737
