Original_ERBS_Id,New_ERBS_Id
BTWRM1,TWR_0001
COW02M1,TWR_0002
CTWRM1,TWR_0003
DAS09M1,TWR_0004
DAS10M1,TWR_0005
DAS11M1,TWR_0006
DAS15M1,TWR_0007
DAS16M1,TWR_0008
DAS18M1,TWR_0009
DAS35M1,TWR_0010
DAS43M1,TWR_0011
DAS44M1,TWR_0012
DAS46M1,TWR_0013
DOT19M1,TWR_0014
DOT20M1,TWR_0015
DOT20M2,TWR_0016
DOT20M4,TWR_0017
DOT20M5,TWR_0018
DOT20M6,TWR_0019
DOT21M1,TWR_0020
DOT22M1,TWR_0021
DOT23M1,TWR_0022
DOT24M1,TWR_0023
DOT29M1,TWR_0024
DOT29M2,TWR_0025
DTWRM1,TWR_0026
MTWRM1,TWR_0027
NSB01M1,TWR_0028
NSB02M1,TWR_0029
NSB03M1,TWR_0030
NSB04M1,TWR_0031
NSB05M1,TWR_0032
NSB06M1,TWR_0033
NSB09M1,TWR_0034
NSB10M1,TWR_0035
NSB11M1,TWR_0036
NSB13M1,TWR_0037
NSB14M1,TWR_0038
NSB15M1,TWR_0039
NSB19M1,TWR_0040
NSB20M1,TWR_0041
NSB21M1,TWR_0042
NSB22M1,TWR_0043
NSB23M1,TWR_0044
NSB31M1,TWR_0045
NSB31M2,TWR_0046
NSB32M1,TWR_0047
NSB33M1,TWR_0048
NSB34M1,TWR_0049
NSB35M1,TWR_0050
NSB36M1,TWR_0051
NSB37M1,TWR_0052
NSB41M1,TWR_0053
NSB42M1,TWR_0054
NSB43M1,TWR_0055
NSB44M1,TWR_0056
NSB45M1,TWR_0057
NSB46M1,TWR_0058
NSB47M1,TWR_0059
NSB48M1,TWR_0060
NSB49M1,TWR_0061
NSB50M1,TWR_0062
NSB51M1,TWR_0063
NSB52M1,TWR_0064
NSB53M1,TWR_0065
NSB54M1,TWR_0066
NSB55M1,TWR_0067
NSB56M1,TWR_0068
NSB57M1,TWR_0069
NSB58M1,TWR_0070
NSB59M1,TWR_0071
NSB60M1,TWR_0072
NSB61M1,TWR_0073
NSB63M1,TWR_0074
NSU01M1,TWR_0075
NSU02M1,TWR_0076
NSU03M1,TWR_0077
NSU04M1,TWR_0078
NSU05M1,TWR_0079
NSU10M1,TWR_0080
NSU11M1,TWR_0081
NSU12M1,TWR_0082
NSU14M1,TWR_0083
NSU21M1,TWR_0084
NSU22M1,TWR_0085
NSU23M1,TWR_0086
NSU24M1,TWR_0087
NSU25M1,TWR_0088
NSU31M1,TWR_0089
NSU32M1,TWR_0090
NSU33M1,TWR_0091
NSU34M1,TWR_0092
NSU35M1,TWR_0093
NSU36M1,TWR_0094
NSU37M1,TWR_0095
NSU38M1,TWR_0096
NSU39M1,TWR_0097
NSU40M1,TWR_0098
NSU41M1,TWR_0099
NSU42M1,TWR_0100
NSU43M1,TWR_0101
NSU44M1,TWR_0102
NSU45M1,TWR_0103
NSU46M1,TWR_0104
NSU47M1,TWR_0105
NSU48M1,TWR_0106
NSU49M1,TWR_0107
NSU50M1,TWR_0108
NSU51M1,TWR_0109
NSU53M1,TWR_0110
NT01M1,TWR_0111
NT02M1,TWR_0112
NT03M1,TWR_0113
NT05M1,TWR_0114
NT06M1,TWR_0115
NT07M1,TWR_0116
NT08M1,TWR_0117
NT09M1,TWR_0118
NT100M1,TWR_0119
NT102M1,TWR_0120
NT103M1,TWR_0121
NT104M1,TWR_0122
NT105M1,TWR_0123
NT106M1,TWR_0124
NT107M1,TWR_0125
NT10M1,TWR_0126
NT110M1,TWR_0127
NT111M1,TWR_0128
NT112M1,TWR_0129
NT113M1,TWR_0130
NT114M1,TWR_0131
NT115M1,TWR_0132
NT116M1,TWR_0133
NT118M1,TWR_0134
NT119M1,TWR_0135
NT11M1,TWR_0136
NT120M1,TWR_0137
NT121M1,TWR_0138
NT127M1,TWR_0139
NT128M1,TWR_0140
NT129M1,TWR_0141
NT12M1,TWR_0142
NT130M1,TWR_0143
NT131M1,TWR_0144
NT132M1,TWR_0145
NT134M1,TWR_0146
NT135M1,TWR_0147
NT136M1,TWR_0148
NT137M1,TWR_0149
NT138M1,TWR_0150
NT139M1,TWR_0151
NT13M1,TWR_0152
NT140M1,TWR_0153
NT141M1,TWR_0154
NT142M1,TWR_0155
NT143M1,TWR_0156
NT144M1,TWR_0157
NT145M1,TWR_0158
NT146M1,TWR_0159
NT147M1,TWR_0160
NT148M1,TWR_0161
NT149M1,TWR_0162
NT14M1,TWR_0163
NT150M1,TWR_0164
NT151M1,TWR_0165
NT152M1,TWR_0166
NT153M1,TWR_0167
NT154M1,TWR_0168
NT155M1,TWR_0169
NT156M1,TWR_0170
NT157M1,TWR_0171
NT158M1,TWR_0172
NT159M1,TWR_0173
NT15M1,TWR_0174
NT160M1,TWR_0175
NT161M1,TWR_0176
NT162M1,TWR_0177
NT163M1,TWR_0178
NT164M1,TWR_0179
NT167M1,TWR_0180
NT168M1,TWR_0181
NT169M1,TWR_0182
NT16M1,TWR_0183
NT171M1,TWR_0184
NT172M1,TWR_0185
NT173M1,TWR_0186
NT174M1,TWR_0187
NT176M1,TWR_0188
NT179M1,TWR_0189
NT17M1,TWR_0190
NT181M1,TWR_0191
NT182H1,TWR_0192
NT182H2,TWR_0193
NT182H3,TWR_0194
NT182H4,TWR_0195
NT182M1,TWR_0196
NT187H1,TWR_0197
NT187H2,TWR_0198
NT187H3,TWR_0199
NT187H4,TWR_0200
NT187M1,TWR_0201
NT18M1,TWR_0202
NT190M1,TWR_0203
NT195M1,TWR_0204
NT197M1,TWR_0205
NT198M1,TWR_0206
NT19M1,TWR_0207
NT205M1,TWR_0208
NT206M1,TWR_0209
NT208M1,TWR_0210
NT20M1,TWR_0211
NT216M1,TWR_0212
NT21M1,TWR_0213
NT221M1,TWR_0214
NT223M1,TWR_0215
NT227M1,TWR_0216
NT22M1,TWR_0217
NT233M1,TWR_0218
NT238M1,TWR_0219
NT239M1,TWR_0220
NT23M1,TWR_0221
NT246M1,TWR_0222
NT24M1,TWR_0223
NT253M1,TWR_0224
NT262M1,TWR_0225
NT269M1,TWR_0226
NT26M1,TWR_0227
NT275M1,TWR_0228
NT276M1,TWR_0229
NT27M1,TWR_0230
NT28M1,TWR_0231
NT295M1,TWR_0232
NT29M1,TWR_0233
NT300M1,TWR_0234
NT30M1,TWR_0235
NT316M1,TWR_0236
NT331M1,TWR_0237
NT335M1,TWR_0238
NT33M1,TWR_0239
NT34M1,TWR_0240
NT350M1,TWR_0241
NT351M1,TWR_0242
NT352M1,TWR_0243
NT353M1,TWR_0244
NT354M1,TWR_0245
NT355M1,TWR_0246
NT356M1,TWR_0247
NT357M1,TWR_0248
NT359M1,TWR_0249
NT35M1,TWR_0250
NT361M1,TWR_0251
NT362M1,TWR_0252
NT363M1,TWR_0253
NT364M1,TWR_0254
NT365M1,TWR_0255
NT366M1,TWR_0256
NT367M1,TWR_0257
NT368M1,TWR_0258
NT369M1,TWR_0259
NT36M1,TWR_0260
NT370M1,TWR_0261
NT371M1,TWR_0262
NT372M1,TWR_0263
NT376M1,TWR_0264
NT378M1,TWR_0265
NT379M1,TWR_0266
NT37M1,TWR_0267
NT380M1,TWR_0268
NT386M1,TWR_0269
NT387M1,TWR_0270
NT38M1,TWR_0271
NT390M1,TWR_0272
NT392M1,TWR_0273
NT393M1,TWR_0274
NT394M1,TWR_0275
NT395M1,TWR_0276
NT396M1,TWR_0277
NT397M1,TWR_0278
NT399M1,TWR_0279
NT39M1,TWR_0280
NT402M1,TWR_0281
NT404M1,TWR_0282
NT405M1,TWR_0283
NT40M1,TWR_0284
NT417M1,TWR_0285
NT41M1,TWR_0286
NT420M1,TWR_0287
NT421M1,TWR_0288
NT422M1,TWR_0289
NT423M1,TWR_0290
NT424M1,TWR_0291
NT425M1,TWR_0292
NT426M1,TWR_0293
NT427M1,TWR_0294
NT428M1,TWR_0295
NT429M1,TWR_0296
NT42M1,TWR_0297
NT430M1,TWR_0298
NT431M1,TWR_0299
NT432M1,TWR_0300
NT433M1,TWR_0301
NT434M1,TWR_0302
NT435M1,TWR_0303
NT436M1,TWR_0304
NT437M1,TWR_0305
NT438M1,TWR_0306
NT439M1,TWR_0307
NT43M1,TWR_0308
NT440M1,TWR_0309
NT441M1,TWR_0310
NT442M1,TWR_0311
NT443M1,TWR_0312
NT444M1,TWR_0313
NT445M1,TWR_0314
NT446M1,TWR_0315
NT447M1,TWR_0316
NT448M1,TWR_0317
NT449M1,TWR_0318
NT44M1,TWR_0319
NT457M1,TWR_0320
NT45M1,TWR_0321
NT460M1,TWR_0322
NT461M1,TWR_0323
NT462M1,TWR_0324
NT463M1,TWR_0325
NT464M1,TWR_0326
NT465M1,TWR_0327
NT466M1,TWR_0328
NT467M1,TWR_0329
NT468M1,TWR_0330
NT469M1,TWR_0331
NT46M1,TWR_0332
NT470M1,TWR_0333
NT471M1,TWR_0334
NT472M1,TWR_0335
NT473M1,TWR_0336
NT474M1,TWR_0337
NT475M1,TWR_0338
NT476M1,TWR_0339
NT477M1,TWR_0340
NT478M1,TWR_0341
NT479M1,TWR_0342
NT47M1,TWR_0343
NT480M1,TWR_0344
NT481M1,TWR_0345
NT482M1,TWR_0346
NT483M1,TWR_0347
NT484M1,TWR_0348
NT485M1,TWR_0349
NT486M1,TWR_0350
NT487M1,TWR_0351
NT488M1,TWR_0352
NT489M1,TWR_0353
NT490M1,TWR_0354
NT491M1,TWR_0355
NT492M1,TWR_0356
NT493M1,TWR_0357
NT494M1,TWR_0358
NT495M1,TWR_0359
NT496M1,TWR_0360
NT497M1,TWR_0361
NT498M1,TWR_0362
NT499M1,TWR_0363
NT49M1,TWR_0364
NT500M1,TWR_0365
NT501M1,TWR_0366
NT502M1,TWR_0367
NT503M1,TWR_0368
NT504M1,TWR_0369
NT505M1,TWR_0370
NT506M1,TWR_0371
NT507M1,TWR_0372
NT508H1,TWR_0373
NT508H2,TWR_0374
NT508H3,TWR_0375
NT508H4,TWR_0376
NT508H5,TWR_0377
NT508M1,TWR_0378
NT509M1,TWR_0379
NT50M1,TWR_0380
NT510M1,TWR_0381
NT511M1,TWR_0382
NT512M1,TWR_0383
NT513M1,TWR_0384
NT514M1,TWR_0385
NT515M1,TWR_0386
NT516H1,TWR_0387
NT516H2,TWR_0388
NT516H3,TWR_0389
NT516H4,TWR_0390
NT516H5,TWR_0391
NT516M1,TWR_0392
NT517M1,TWR_0393
NT518M1,TWR_0394
NT519M1,TWR_0395
NT520M1,TWR_0396
NT521M1,TWR_0397
NT522M1,TWR_0398
NT523M1,TWR_0399
NT524M1,TWR_0400
NT525M1,TWR_0401
NT526M1,TWR_0402
NT527M1,TWR_0403
NT528M1,TWR_0404
NT529M1,TWR_0405
NT530M1,TWR_0406
NT531M1,TWR_0407
NT532M1,TWR_0408
NT533M1,TWR_0409
NT534M1,TWR_0410
NT535M1,TWR_0411
NT536M1,TWR_0412
NT537M1,TWR_0413
NT538M1,TWR_0414
NT539M1,TWR_0415
NT53M1,TWR_0416
NT540M1,TWR_0417
NT541M1,TWR_0418
NT542M1,TWR_0419
NT543M1,TWR_0420
NT544M1,TWR_0421
NT545M1,TWR_0422
NT546M1,TWR_0423
NT547M1,TWR_0424
NT548M1,TWR_0425
NT549M1,TWR_0426
NT550M1,TWR_0427
NT551M1,TWR_0428
NT552M1,TWR_0429
NT553M1,TWR_0430
NT55M1,TWR_0431
NT568M1,TWR_0432
NT569M1,TWR_0433
NT578M1,TWR_0434
NT579M1,TWR_0435
NT580M1,TWR_0436
NT581M1,TWR_0437
NT582M1,TWR_0438
NT583M1,TWR_0439
NT584M1,TWR_0440
NT585M1,TWR_0441
NT586M1,TWR_0442
NT587M1,TWR_0443
NT588M1,TWR_0444
NT589M1,TWR_0445
NT590M1,TWR_0446
NT591M1,TWR_0447
NT592M1,TWR_0448
NT593M1,TWR_0449
NT594M1,TWR_0450
NT595M1,TWR_0451
NT596M1,TWR_0452
NT597M1,TWR_0453
NT598M1,TWR_0454
NT599M1,TWR_0455
NT600M1,TWR_0456
NT601M1,TWR_0457
NT604M1,TWR_0458
NT605M1,TWR_0459
NT606M1,TWR_0460
NT607M1,TWR_0461
NT608M1,TWR_0462
NT609M1,TWR_0463
NT610M1,TWR_0464
NT611M1,TWR_0465
NT612M1,TWR_0466
NT613M1,TWR_0467
NT614M1,TWR_0468
NT615M1,TWR_0469
NT616M1,TWR_0470
NT618M1,TWR_0471
NT619M1,TWR_0472
NT620M1,TWR_0473
NT621M1,TWR_0474
NT622M1,TWR_0475
NT623M1,TWR_0476
NT624M1,TWR_0477
NT629M1,TWR_0478
NT62M1,TWR_0479
NT630M1,TWR_0480
NT631M1,TWR_0481
NT633M1,TWR_0482
NT63M1,TWR_0483
NT64M1,TWR_0484
NT67M1,TWR_0485
NT68M1,TWR_0486
NT69M1,TWR_0487
NT700M1,TWR_0488
NT701M1,TWR_0489
NT702M1,TWR_0490
NT703M1,TWR_0491
NT704M1,TWR_0492
NT705M1,TWR_0493
NT706M1,TWR_0494
NT707M1,TWR_0495
NT708M1,TWR_0496
NT709M1,TWR_0497
NT70M1,TWR_0498
NT710M1,TWR_0499
NT711M1,TWR_0500
NT712M1,TWR_0501
NT713M1,TWR_0502
NT714M1,TWR_0503
NT715M1,TWR_0504
NT716M1,TWR_0505
NT717M1,TWR_0506
NT718M1,TWR_0507
NT719M1,TWR_0508
NT71M1,TWR_0509
NT720M1,TWR_0510
NT721M1,TWR_0511
NT722M1,TWR_0512
NT723M1,TWR_0513
NT724M1,TWR_0514
NT725M1,TWR_0515
NT726M1,TWR_0516
NT727M1,TWR_0517
NT728M1,TWR_0518
NT729M1,TWR_0519
NT72M1,TWR_0520
NT730M1,TWR_0521
NT731M1,TWR_0522
NT732M1,TWR_0523
NT733M1,TWR_0524
NT734M1,TWR_0525
NT735M1,TWR_0526
NT736M1,TWR_0527
NT737M1,TWR_0528
NT738M1,TWR_0529
NT739M1,TWR_0530
NT73M1,TWR_0531
NT740M1,TWR_0532
NT741M1,TWR_0533
NT742M1,TWR_0534
NT743M1,TWR_0535
NT744M1,TWR_0536
NT745M1,TWR_0537
NT746M1,TWR_0538
NT747M1,TWR_0539
NT748M1,TWR_0540
NT749M1,TWR_0541
NT74M1,TWR_0542
NT750M1,TWR_0543
NT751M1,TWR_0544
NT752M1,TWR_0545
NT753M1,TWR_0546
NT754M1,TWR_0547
NT755M1,TWR_0548
NT756M1,TWR_0549
NT757M1,TWR_0550
NT758M1,TWR_0551
NT759M1,TWR_0552
NT75M1,TWR_0553
NT760M1,TWR_0554
NT761M1,TWR_0555
NT762M1,TWR_0556
NT763M1,TWR_0557
NT764M1,TWR_0558
NT765M1,TWR_0559
NT766M1,TWR_0560
NT767M1,TWR_0561
NT768M1,TWR_0562
NT769M1,TWR_0563
NT76M1,TWR_0564
NT770M1,TWR_0565
NT771M1,TWR_0566
NT772M1,TWR_0567
NT773M1,TWR_0568
NT774M1,TWR_0569
NT775M1,TWR_0570
NT776M1,TWR_0571
NT777M1,TWR_0572
NT778M1,TWR_0573
NT779M1,TWR_0574
NT77M1,TWR_0575
NT780M1,TWR_0576
NT781M1,TWR_0577
NT782M1,TWR_0578
NT783M1,TWR_0579
NT784M1,TWR_0580
NT785M1,TWR_0581
NT786M1,TWR_0582
NT787M1,TWR_0583
NT788M1,TWR_0584
NT789M1,TWR_0585
NT790M1,TWR_0586
NT791M1,TWR_0587
NT792M1,TWR_0588
NT793M1,TWR_0589
NT794M1,TWR_0590
NT795M1,TWR_0591
NT796M1,TWR_0592
NT797M1,TWR_0593
NT798M1,TWR_0594
NT799M1,TWR_0595
NT79M1,TWR_0596
NT800M1,TWR_0597
NT801M1,TWR_0598
NT802M1,TWR_0599
NT803M1,TWR_0600
NT804M1,TWR_0601
NT805M1,TWR_0602
NT806M1,TWR_0603
NT807M1,TWR_0604
NT808M1,TWR_0605
NT809M1,TWR_0606
NT810M1,TWR_0607
NT811M1,TWR_0608
NT812M1,TWR_0609
NT813M1,TWR_0610
NT814M1,TWR_0611
NT815M1,TWR_0612
NT816M1,TWR_0613
NT817M1,TWR_0614
NT818M1,TWR_0615
NT819M1,TWR_0616
NT81M1,TWR_0617
NT820M1,TWR_0618
NT821M1,TWR_0619
NT822M1,TWR_0620
NT823M1,TWR_0621
NT824M1,TWR_0622
NT825M1,TWR_0623
NT826M1,TWR_0624
NT827M1,TWR_0625
NT828M1,TWR_0626
NT829M1,TWR_0627
NT830M1,TWR_0628
NT831M1,TWR_0629
NT832M1,TWR_0630
NT833M1,TWR_0631
NT834M1,TWR_0632
NT835M1,TWR_0633
NT836M1,TWR_0634
NT837M1,TWR_0635
NT838M1,TWR_0636
NT839M1,TWR_0637
NT83M1,TWR_0638
NT840M1,TWR_0639
NT841M1,TWR_0640
NT842M1,TWR_0641
NT843M1,TWR_0642
NT844M1,TWR_0643
NT845M1,TWR_0644
NT846M1,TWR_0645
NT847M1,TWR_0646
NT848M1,TWR_0647
NT849M1,TWR_0648
NT84M1,TWR_0649
NT850M1,TWR_0650
NT851M1,TWR_0651
NT852M1,TWR_0652
NT853M1,TWR_0653
NT854M1,TWR_0654
NT855M1,TWR_0655
NT856M1,TWR_0656
NT857M1,TWR_0657
NT858M1,TWR_0658
NT859M1,TWR_0659
NT85M1,TWR_0660
NT860M1,TWR_0661
NT861M1,TWR_0662
NT862M1,TWR_0663
NT863M1,TWR_0664
NT864M1,TWR_0665
NT865M1,TWR_0666
NT866M1,TWR_0667
NT867M1,TWR_0668
NT868M1,TWR_0669
NT869M1,TWR_0670
NT870M1,TWR_0671
NT871M1,TWR_0672
NT872M1,TWR_0673
NT873M1,TWR_0674
NT874M1,TWR_0675
NT875M1,TWR_0676
NT876M1,TWR_0677
NT877M1,TWR_0678
NT878M1,TWR_0679
NT879M1,TWR_0680
NT87M1,TWR_0681
NT880M1,TWR_0682
NT881M1,TWR_0683
NT882M1,TWR_0684
NT883M1,TWR_0685
NT884M1,TWR_0686
NT885M1,TWR_0687
NT886M1,TWR_0688
NT887M1,TWR_0689
NT888M1,TWR_0690
NT889M1,TWR_0691
NT88M1,TWR_0692
NT890M1,TWR_0693
NT891M1,TWR_0694
NT892M1,TWR_0695
NT893M1,TWR_0696
NT894M1,TWR_0697
NT895M1,TWR_0698
NT896M1,TWR_0699
NT897M1,TWR_0700
NT898M1,TWR_0701
NT899M1,TWR_0702
NT89M1,TWR_0703
NT900M1,TWR_0704
NT901M1,TWR_0705
NT902M1,TWR_0706
NT903M1,TWR_0707
NT904M1,TWR_0708
NT905M1,TWR_0709
NT906M1,TWR_0710
NT907M1,TWR_0711
NT908M1,TWR_0712
NT909M1,TWR_0713
NT90M1,TWR_0714
NT910M1,TWR_0715
NT911M1,TWR_0716
NT912M1,TWR_0717
NT913M1,TWR_0718
NT914M1,TWR_0719
NT915M1,TWR_0720
NT916M1,TWR_0721
NT917M1,TWR_0722
NT918M1,TWR_0723
NT919M1,TWR_0724
NT91M1,TWR_0725
NT920M1,TWR_0726
NT921M1,TWR_0727
NT922M1,TWR_0728
NT923M1,TWR_0729
NT924M1,TWR_0730
NT925M1,TWR_0731
NT926M1,TWR_0732
NT927M1,TWR_0733
NT928M1,TWR_0734
NT929M1,TWR_0735
NT92M1,TWR_0736
NT930M1,TWR_0737
NT931M1,TWR_0738
NT932M1,TWR_0739
NT933M1,TWR_0740
NT934M1,TWR_0741
NT935M1,TWR_0742
NT936M1,TWR_0743
NT937M1,TWR_0744
NT938M1,TWR_0745
NT939M1,TWR_0746
NT93M1,TWR_0747
NT947M1,TWR_0748
NT948M1,TWR_0749
NT949M1,TWR_0750
NT94M1,TWR_0751
NT951M1,TWR_0752
NT952M1,TWR_0753
NT953M1,TWR_0754
NT954M1,TWR_0755
NT955M1,TWR_0756
NT956M1,TWR_0757
NT957M1,TWR_0758
NT958M1,TWR_0759
NT959M1,TWR_0760
NT95M1,TWR_0761
NT962M1,TWR_0762
NT963M1,TWR_0763
NT965M1,TWR_0764
NT966M1,TWR_0765
NT969M1,TWR_0766
NT96M1,TWR_0767
NT971M1,TWR_0768
NT972M1,TWR_0769
NT973M1,TWR_0770
NT974M1,TWR_0771
NT975M1,TWR_0772
NT977M1,TWR_0773
NT978M1,TWR_0774
NT97M1,TWR_0775
NT980M1,TWR_0776
NT981M1,TWR_0777
NZW01M1,TWR_0778
NZW02M1,TWR_0779
NZW03M1,TWR_0780
NZW04M1,TWR_0781
NZW05M1,TWR_0782
NZW06M1,TWR_0783
NZW07M1,TWR_0784
NZW08M1,TWR_0785
NZW09M1,TWR_0786
NZW10M1,TWR_0787
NZW11M1,TWR_0788
NZW13M1,TWR_0789
NZW14M1,TWR_0790
NZW15M1,TWR_0791
NZW16M1,TWR_0792
NZW18M1,TWR_0793
NZW19M1,TWR_0794
NZW20M1,TWR_0795
NZW22M1,TWR_0796
NZW24M1,TWR_0797
NZW25M1,TWR_0798
NZW26M1,TWR_0799
NZW30M1,TWR_0800
NZW31M1,TWR_0801
NZW32M1,TWR_0802
NZW33M1,TWR_0803
NZW34M1,TWR_0804
NZW35M1,TWR_0805
NZW36M1,TWR_0806
NZW37M1,TWR_0807
NZW38M1,TWR_0808
NZW39M1,TWR_0809
NZW40M1,TWR_0810
NZW41M1,TWR_0811
NZW42M1,TWR_0812
NZW43M1,TWR_0813
NZW44M1,TWR_0814
NZW45M1,TWR_0815
NZW46M1,TWR_0816
NZW47M1,TWR_0817
NZW48M1,TWR_0818
NZW49M1,TWR_0819
NZW50M1,TWR_0820
NZW51M1,TWR_0821
NZW52M1,TWR_0822
NZW53M1,TWR_0823
NZW54M1,TWR_0824
NZW55M1,TWR_0825
NZW56M1,TWR_0826
NZW57M1,TWR_0827
NZW58M1,TWR_0828
NZW59M1,TWR_0829
NZW60M1,TWR_0830
NZW62M1,TWR_0831
NZW64M1,TWR_0832
NZW65M1,TWR_0833
NZW66M1,TWR_0834
NZW67M1,TWR_0835
NZW68M1,TWR_0836
NZW69M1,TWR_0837
NZW70M1,TWR_0838
NZW71M1,TWR_0839
NZW72M1,TWR_0840
NZW73M1,TWR_0841
NZW74M1,TWR_0842
NZW75M1,TWR_0843
NZW77M1,TWR_0844
NZW78M1,TWR_0845
NZW79M1,TWR_0846
NZW80M1,TWR_0847
NZW82M1,TWR_0848
NZW83M1,TWR_0849
PH248XM1,TWR_0850
PH39M1,TWR_0851
PH40M1,TWR_0852
PH41M1,TWR_0853
PH42M1,TWR_0854
PH43M1,TWR_0855
PH44M1,TWR_0856
PH45M1,TWR_0857
PH46M1,TWR_0858
PH47M1,TWR_0859
PH48M1,TWR_0860
PH49M1,TWR_0861
RP204M1,TWR_0862
SBR01M1,TWR_0863
SUR01M1,TWR_0864
SUR02M1,TWR_0865
SUR03M1,TWR_0866
T5112M1,TWR_0867
T5112M3,TWR_0868
T5114M1,TWR_0869
T5115M1,TWR_0870
T5116M1,TWR_0871
T5117M1,TWR_0872
T5119M1,TWR_0873
T5121M1,TWR_0874
T5122M1,TWR_0875
T5126M1,TWR_0876
T5127M1,TWR_0877
T5128M1,TWR_0878
T5129M1,TWR_0879
T5130M1,TWR_0880
T5134M1,TWR_0881
T5135M1,TWR_0882
T5136M1,TWR_0883
T5138M1,TWR_0884
T5140M1,TWR_0885
T5141M1,TWR_0886
T5142M1,TWR_0887
T5145M1,TWR_0888
T5147M1,TWR_0889
T5149M1,TWR_0890
T5151M1,TWR_0891
T5251M1,TWR_0892
T5252M1,TWR_0893
T5253M1,TWR_0894
T5256M1,TWR_0895
TI01M1,TWR_0896
TI02M1,TWR_0897
TI03M1,TWR_0898
TI04M1,TWR_0899
TI05M1,TWR_0900
TI06M1,TWR_0901
TI07M1,TWR_0902
TI08M1,TWR_0903
TI09M1,TWR_0904
TI10M1,TWR_0905
TI110M1,TWR_0906
TI11M1,TWR_0907
TI12M1,TWR_0908
TI13M1,TWR_0909
TI15M1,TWR_0910
TI19M1,TWR_0911
TI20M1,TWR_0912
TI213M1,TWR_0913
TI23M1,TWR_0914
TI24M1,TWR_0915
TI25M1,TWR_0916
TI26M1,TWR_0917
TI27M1,TWR_0918
TI33M1,TWR_0919
TLILM1,TWR_0920
TLILM2,TWR_0921
TR01M1,TWR_0922
TR02M1,TWR_0923
TR03M1,TWR_0924
TR04M1,TWR_0925
TR06M1,TWR_0926
TR07M1,TWR_0927
TR09M1,TWR_0928
TR13M1,TWR_0929
TR14M1,TWR_0930
TR15M1,TWR_0931
TR16M1,TWR_0932
TR18M1,TWR_0933
TR19M1,TWR_0934
TR20M1,TWR_0935
TR21M1,TWR_0936
TR22M1,TWR_0937
TR23M1,TWR_0938
TR25M1,TWR_0939
TR28M1,TWR_0940
TR29M1,TWR_0941
TR30M1,TWR_0942
TR31M1,TWR_0943
TR32M1,TWR_0944
TR33M1,TWR_0945
TR34M1,TWR_0946
TR35M1,TWR_0947
TR36M1,TWR_0948
TR37M1,TWR_0949
TR38M1,TWR_0950
TR39M1,TWR_0951
TR40M1,TWR_0952
TR41M1,TWR_0953
TR42M1,TWR_0954
TR43M1,TWR_0955
TR44M1,TWR_0956
TR45M1,TWR_0957
TR46M1,TWR_0958
TR47M1,TWR_0959
TR48M1,TWR_0960
TR49M1,TWR_0961
TR50M1,TWR_0962
TR51M1,TWR_0963
TR52M1,TWR_0964
TR53M1,TWR_0965
TR54M1,TWR_0966
TR55M1,TWR_0967
TR56M1,TWR_0968
TR58M1,TWR_0969
TR59M1,TWR_0970
TR60M1,TWR_0971
TR61M1,TWR_0972
TR62M1,TWR_0973
TR63M1,TWR_0974
TR64M1,TWR_0975
TR65M1,TWR_0976
TR66M1,TWR_0977
TR67M1,TWR_0978
TR69M1,TWR_0979
TR71M1,TWR_0980
TR72M1,TWR_0981
TR74M1,TWR_0982
TS220M1,TWR_0983
TTWRM1,TWR_0984
VIP01M1,TWR_0985
WTWRM1,TWR_0986
ZAW01M1,TWR_0987
ZAW02M1,TWR_0988
ZAW03M1,TWR_0989
ZAW04M1,TWR_0990
ZAW05M1,TWR_0991
ZAW06M1,TWR_0992
ZAW07M1,TWR_0993
ZAW08M1,TWR_0994
ZAW09M1,TWR_0995
ZAW10M1,TWR_0996
ZAW11M1,TWR_0997
ZAW12M1,TWR_0998
ZAW13M1,TWR_0999
ZAW14M1,TWR_1000
ZAW15M1,TWR_1001
ZAW16M1,TWR_1002
ZAW17M1,TWR_1003
ZAW18M1,TWR_1004
ZAW19M1,TWR_1005
ZAW20M1,TWR_1006
ZAW21M1,TWR_1007
ZAW22M1,TWR_1008
ZAW23M1,TWR_1009
ZAW24M1,TWR_1010
ZAW25M1,TWR_1011
ZAW27M1,TWR_1012
ZAW28M1,TWR_1013
ZAW31M1,TWR_1014
ZAW32M1,TWR_1015
ZAW33M1,TWR_1016
ZAW34M1,TWR_1017
ZAW35M1,TWR_1018
ZAW36M1,TWR_1019
ZAW37M1,TWR_1020
ZAW38M1,TWR_1021
ZAW39M1,TWR_1022
ZAW40M1,TWR_1023
ZAW41M1,TWR_1024
ZAW51M1,TWR_1025
ZAW52M1,TWR_1026
ZAW54M1,TWR_1027
ZAW55M1,TWR_1028
ZAW56M1,TWR_1029
ZAW57M1,TWR_1030
ZAW58M1,TWR_1031
ZAW59M1,TWR_1032
ZAW60M1,TWR_1033
ZAW61M1,TWR_1034
ZAW62M1,TWR_1035
ZAW63M1,TWR_1036
ZAW65M1,TWR_1037
ZAW66M1,TWR_1038
ZAW67M1,TWR_1039
ZAW68M1,TWR_1040
ZAW69M1,TWR_1041
ZAW70M1,TWR_1042
ZAW71M1,TWR_1043
ZAW72M1,TWR_1044
ZAW73M1,TWR_1045
ZAW75M1,TWR_1046
ZAW76M1,TWR_1047
ZAW78M1,TWR_1048
ZAW80M1,TWR_1049
ZAW84M1,TWR_1050
ZAW85M1,TWR_1051
ZAW86M1,TWR_1052
ZW033M1,TWR_1053
ZW034M1,TWR_1054
ZW035M1,TWR_1055
ZW036M1,TWR_1056
ZW037M1,TWR_1057
ZW038M1,TWR_1058
ZW042XM1,TWR_1059
ZWY01M1,TWR_1060
ZWY02M1,TWR_1061
ZWY03M1,TWR_1062
ZWY04M1,TWR_1063
ZWY05M1,TWR_1064
ZWY06M1,TWR_1065
ZWY07M1,TWR_1066
ZWY08M1,TWR_1067
