carrier,kpi,best_model,best_alpha,val_rmse,val_mase,test_rmse,test_mae,test_wape_pct,test_mase,test_r2_bench
350,rrc_setup_sr,AdaptiveBaseline,1.0,0.0617,1.187,0.1533,0.0869,0.09,1.99,0.1192
350,erab_estab_sr,FourierRidge,10.0,0.015,0.811,0.0285,0.0158,0.02,1.168,0.3488
350,erab_drop_rate,AdaptiveBaseline,1.0,0.0393,2.451,0.0817,0.0637,20.5,5.37,0.4998
350,handover_intra_sr,FourierRidge,10.0,0.0039,0.928,0.0051,0.0039,0.4,1.044,0.6233
350,handover_sr,FourierRidge,10.0,0.2424,0.445,0.2445,0.1891,0.19,0.437,0.7752
350,availability_pct,AdaptiveBaseline,1.0,2.839,1.242,9.8169,7.1882,8.28,5.392,-0.3245
350,dl_throughput_mbps,FourierRidge,10.0,0.6184,0.911,1.2495,1.1069,17.46,2.133,0.8598
350,ul_throughput_mbps,FourierRidge,10.0,0.0723,0.795,0.1215,0.0835,4.67,1.201,0.7424
350,connected_users,AdaptiveBaseline,1.0,0.3908,1.796,0.7576,0.7226,7.6,3.576,0.7457
350,downtime_sec,AdaptiveBaseline,1.0,4722473.294,5.546,5919455.0356,5603534.4929,633.38,8.063,0.8604
400,rrc_setup_sr,AdaptiveBaseline,1.0,0.0704,0.875,0.1292,0.0932,0.09,1.435,-0.4407
400,erab_estab_sr,AdaptiveBaseline,1.0,0.0354,0.626,0.0959,0.0832,0.08,1.867,-1.4598
400,erab_drop_rate,FourierRidge,500.0,0.0103,0.679,0.0261,0.0177,13.01,1.5,0.1602
400,handover_intra_sr,AdaptiveBaseline,1.0,0.0045,0.806,0.0173,0.0078,0.8,1.756,0.2726
400,handover_sr,AdaptiveBaseline,1.0,0.2342,0.678,1.774,0.7717,0.79,2.824,0.175
400,availability_pct,HybridEnsemble,1.0,1.1258,0.078,10.2303,6.0543,6.44,1.029,0.6639
400,dl_throughput_mbps,HybridEnsemble,1.0,1.6814,0.483,3.7724,3.0416,38.62,1.025,0.9331
400,ul_throughput_mbps,HybridEnsemble,1.0,0.4161,0.67,0.6793,0.5551,19.8,1.194,0.0434
400,connected_users,HybridEnsemble,1.0,1.4831,0.66,6.2289,5.3139,23.02,3.111,0.5053
400,downtime_sec,FourierRidge,100.0,0.0398,0.0,104.9173,39.1298,101.67,0.001,1.0
1556,rrc_setup_sr,FourierRidge,500.0,0.0281,0.372,0.1635,0.073,0.07,1.212,0.019
1556,erab_estab_sr,AdaptiveBaseline,1.0,0.016,1.157,0.0265,0.0213,0.02,2.081,0.4006
1556,erab_drop_rate,FourierRidge,100.0,0.0157,0.977,0.0216,0.0162,13.13,1.374,0.418
1556,handover_intra_sr,FourierRidge,500.0,0.0023,0.191,0.0062,0.0049,0.5,0.64,0.0703
1556,handover_sr,FourierRidge,500.0,0.1416,0.172,0.4524,0.3877,0.4,0.594,0.2174
1556,availability_pct,AdaptiveBaseline,1.0,4.3586,2.568,11.7343,9.5059,11.1,8.095,0.258
1556,dl_throughput_mbps,FourierRidge,10.0,0.5302,0.985,0.9535,0.8247,14.59,1.963,0.8649
1556,ul_throughput_mbps,FourierRidge,5.0,0.0527,0.641,0.117,0.088,6.28,1.394,0.4022
1556,connected_users,AdaptiveBaseline,1.0,0.3295,1.287,0.5447,0.5048,5.15,2.149,0.7756
1556,downtime_sec,HybridEnsemble,1.0,97715.9275,0.698,166596.6946,128030.7205,8.37,1.24,0.1875
1700,rrc_setup_sr,AdaptiveBaseline,1.0,0.0358,1.076,0.0862,0.063,0.06,2.613,0.2384
1700,erab_estab_sr,AdaptiveBaseline,1.0,0.0234,2.051,0.0368,0.0289,0.03,3.684,0.367
1700,erab_drop_rate,AdaptiveBaseline,1.0,0.0191,1.708,0.0513,0.0401,23.97,4.611,0.2535
1700,handover_intra_sr,FourierRidge,50.0,0.0054,0.485,0.0111,0.0093,0.95,1.096,0.7235
1700,handover_sr,FourierRidge,10.0,0.4143,0.378,1.0408,0.9289,0.95,1.042,0.7105
1700,availability_pct,AdaptiveBaseline,1.0,4.2829,2.184,11.5253,8.9469,10.28,6.611,0.2286
1700,dl_throughput_mbps,FourierRidge,50.0,0.6428,0.941,1.1207,0.9635,15.69,1.759,0.8721
1700,ul_throughput_mbps,HybridEnsemble,1.0,0.0464,0.782,0.1194,0.0999,7.02,2.073,0.5317
1700,connected_users,AdaptiveBaseline,1.0,0.6094,1.045,1.0295,0.9244,2.69,1.779,0.177
1700,downtime_sec,AdaptiveBaseline,1.0,152743.4413,1.047,84558.5492,49488.5778,21.06,0.471,0.2053
3500,rrc_setup_sr,FourierRidge,500.0,0.0483,0.281,0.0828,0.0497,0.05,0.419,-0.0054
3500,erab_estab_sr,HybridEnsemble,1.0,0.0645,0.319,0.0597,0.0466,0.05,0.27,0.5412
3500,erab_drop_rate,FourierRidge,500.0,0.067,0.112,0.1062,0.0907,16.44,0.194,0.6819
3500,handover_intra_sr,FourierRidge,10.0,0.0034,0.432,0.0046,0.0036,0.37,0.524,0.3734
3500,handover_sr,FourierRidge,5.0,0.1184,0.139,0.3673,0.2983,0.3,0.421,0.4234
3500,availability_pct,AdaptiveBaseline,1.0,2.835,1.167,9.271,6.6681,7.61,4.848,-0.1917
3500,dl_throughput_mbps,HybridEnsemble,1.0,0.1555,0.295,0.4466,0.37,11.01,0.899,0.9598
3500,ul_throughput_mbps,HybridEnsemble,1.0,0.0706,0.403,0.0968,0.0802,14.92,0.571,0.8133
3500,connected_users,FourierRidge,10.0,0.2463,0.566,0.6614,0.5341,4.76,1.596,0.925
3500,downtime_sec,AdaptiveBaseline,1.0,4495112.9624,5.302,5636916.8842,5315264.5682,705.42,7.812,0.8317
6200,rrc_setup_sr,HybridEnsemble,1.0,0.0553,0.286,1.2433,0.4331,0.44,3.363,0.0357
6200,erab_estab_sr,FourierRidge,100.0,0.0271,0.277,0.0915,0.0507,0.05,0.686,0.7102
6200,erab_drop_rate,FourierRidge,100.0,0.0621,0.292,0.2063,0.1415,17.37,0.801,0.3868
6200,handover_intra_sr,HybridEnsemble,1.0,0.003,0.312,0.007,0.0044,0.45,0.893,0.1623
6200,handover_sr,HybridEnsemble,1.0,0.2064,0.346,0.6025,0.3933,0.4,0.845,0.355
6200,availability_pct,AdaptiveBaseline,1.0,2.8053,1.215,9.0682,6.4473,7.34,4.808,-0.3518
6200,dl_throughput_mbps,AdaptiveBaseline,1.0,0.5361,1.679,1.0665,0.9299,35.11,3.831,0.6189
6200,ul_throughput_mbps,FourierRidge,50.0,0.0709,0.582,0.1027,0.0842,23.45,0.851,0.9379
6200,connected_users,AdaptiveBaseline,1.0,0.8645,2.229,2.2908,1.9403,13.03,6.106,0.5407
6200,downtime_sec,AdaptiveBaseline,1.0,4715871.9948,5.836,6137303.0582,5800893.4495,26278.31,8.787,0.86
