rank_annual,rank_default,asn,name,http_requests_share_52w_pct,http_requests_share_26w_pct,http_requests_share_12w_pct,http_requests_share_30d_pct,http_requests_share_7d_pct
1,1,328286,Libyana-Mobile-AS,27.770468,27.546652,27.20589,27.082556,26.80423
2,2,328200,Al-Madar-Al-Jadeed,19.870635,19.884206,20.625005,20.665085,20.625371
3,3,21003,GPTC-AS,17.469908,17.229039,17.080031,17.078561,16.962445
4,4,37284,Aljeel-net,11.963545,11.643914,11.532011,11.570898,11.602035
5,5,328539,Giga-Communication,11.294658,11.397445,11.205015,10.822753,10.969266
6,6,328073,Ion-Telecom-AS,2.012252,1.99457,1.989946,2.054708,2.05326
7,7,329129,LNETLICT,1.779412,2.112483,2.039221,1.98207,2.017872
8,8,328611,Libyan-Elite,1.201957,1.291084,1.345805,1.446936,1.467967
9,9,14593,SPACEX-STARLINK,1.076628,1.404851,1.476582,1.454971,1.380151
10,10,329472,Sharart-Altaqanaya-Co-for-Telecom-Technology,1.032981,1.083029,1.107864,1.094313,1.219082
11,13,329027,OZON-ALJADED,0.833029,0.806217,0.764114,0.708567,0.75044
12,12,329130,TACF1-AS,0.716062,0.732036,0.735431,0.777345,0.755974
13,11,329435,Aljuman-Aljadeed,0.669822,0.705234,0.69531,0.852546,0.876557
14,15,328619,Abraj-Libya,0.663407,0.620245,0.586042,0.540671,0.582381
15,14,13335,CLOUDFLARENET,0.45654,0.250882,0.324735,0.571074,0.651702
16,16,327921,Bait-Ashames-for-Data-Communication,0.286148,0.302342,0.302297,0.298271,0.304079
17,17,37566,ICONA-AS,0.218889,0.213156,0.209345,0.216015,0.226312
18,20,328733,Awal-Telecom,0.19905,0.190002,0.160314,0.144706,0.14301
19,19,328743,SmartLink,0.133368,0.151477,0.163272,0.167738,0.163253
20,18,329678,High-Speed-Access-Company,0.133335,0.198001,0.201266,0.215098,0.218156
21,21,329263,Libyan-Spider-for-IT-LTD,0.111662,0.139419,0.138402,0.140151,0.113593
22,24,29286,SKYLOGIC-AS,0.030518,0.021195,0.02289,0.022937,0.01835
23,23,36183,AKAMAI-AS,0.02036,0.020662,0.020727,0.018571,0.019515
24,25,7155,VIASAT-SP-BACKBONE,0.011674,0.016626,0.015545,0.014964,0.014563
25,22,37558,LITC,0.010453,0.011452,0.014323,0.019203,0.033204
26,27,54113,FASTLY,0.009916,0.01047,0.008982,0.00832,0.008447
27,32,327752,RAWAFED-LIBYA,0.004141,0.003264,0.002029,,
28,30,207432,CoreStream,0.004008,0.006145,0.008726,0.003069,
29,29,215889,,0.003939,,,,
30,31,136787,PACKETHUBSA-AS-AP,0.003591,0.005962,0.00319,,
31,37,6079,RCN-AS,0.002258,6e-06,1.2e-05,,
32,26,174,COGENT-174,0.002059,0.003447,0.007589,0.013098,
33,28,212238,CDNEXT,0.000902,0.00151,0.003324,0.004176,0.004806
34,26,58285,ASSIXOP,0.000869,0.001454,0.003202,0.008289,0.012087
35,29,55256,NETSKOPE,0.000809,0.000766,0.000807,0.001107,0.001748
36,36,329297,Alaan-for-Communications-and-Information,0.000262,0.0001,,,
37,32,40714,SS-2575,0.000232,0.000389,0.00044,0.000886,
38,30,16509,AMAZON-02,9.3e-05,0.000155,0.000244,0.000285,0.000146
39,39,7018,ATT-INTERNET4,7.3e-05,,,,
40,34,22351,INTELSAT-1,3.3e-05,3.3e-05,1.2e-05,3.2e-05,
41,36,12684,SES-LUX-AS,2e-05,3.3e-05,4.9e-05,,
42,35,38136,AKARI-NETWORKS-AS-AP,1e-05,6e-06,1.2e-05,3.2e-05,
43,39,137085,ANI89-AS-IN,1e-05,1.7e-05,,,
44,40,200927,ProxyOmega,1e-05,1.7e-05,,,
45,43,62044,ZSCALER-EMEA,3e-06,6e-06,,,
