timestamp,date_range,human_pct,bot_pct
2026-09-06T18:00:00Z,7d,49.544271,50.455729
2026-09-06T19:00:00Z,7d,47.739938,52.260062
2026-09-06T20:00:00Z,7d,55.360825,44.639175
2026-09-06T21:00:00Z,7d,55.951696,44.048304
2026-09-06T22:00:00Z,7d,59.182464,40.817536
2026-09-06T23:00:00Z,7d,62.59587,37.40413
2026-09-07T00:00:00Z,7d,60.05571,39.94429
2026-09-07T01:00:00Z,7d,55.809399,44.190601
2026-09-07T02:00:00Z,7d,46.511628,53.488372
2026-09-07T03:00:00Z,7d,42.79661,57.20339
2026-09-07T04:00:00Z,7d,44.484959,55.515041
2026-09-07T05:00:00Z,7d,51.502504,48.497496
2026-09-07T06:00:00Z,7d,52.459016,47.540984
2026-09-07T07:00:00Z,7d,57.857143,42.142857
2026-09-07T08:00:00Z,7d,56.939235,43.060765
2026-09-07T09:00:00Z,7d,56.00907,43.99093
2026-09-07T10:00:00Z,7d,53.301512,46.698488
2026-09-07T11:00:00Z,7d,55.987312,44.012688
2026-09-07T12:00:00Z,7d,59.585492,40.414508
2026-09-07T13:00:00Z,7d,61.646884,38.353116
2026-09-07T14:00:00Z,7d,53.867596,46.132404
2026-09-07T15:00:00Z,7d,53.563391,46.436609
2026-09-07T16:00:00Z,7d,54.943396,45.056604
2026-09-07T17:00:00Z,7d,52.093683,47.906317
2026-09-07T18:00:00Z,7d,51.203643,48.796357
2026-09-07T19:00:00Z,7d,49.483871,50.516129
2026-09-07T20:00:00Z,7d,52.274183,47.725817
2026-09-07T21:00:00Z,7d,54.691358,45.308642
2026-09-07T22:00:00Z,7d,61.107575,38.892425
2026-09-07T23:00:00Z,7d,62.264151,37.735849
2026-09-08T00:00:00Z,7d,65.300059,34.699941
2026-09-08T01:00:00Z,7d,66.564417,33.435583
2026-09-08T02:00:00Z,7d,64.9594,35.0406
2026-09-08T03:00:00Z,7d,48.228663,51.771337
2026-09-08T04:00:00Z,7d,44.142615,55.857385
2026-09-08T05:00:00Z,7d,44.173442,55.826558
2026-09-08T06:00:00Z,7d,43.900267,56.099733
2026-09-08T07:00:00Z,7d,58.660934,41.339066
2026-09-08T08:00:00Z,7d,57.261676,42.738324
2026-09-08T09:00:00Z,7d,58.374212,41.625788
2026-09-08T10:00:00Z,7d,58.151766,41.848234
2026-09-08T11:00:00Z,7d,55.539972,44.460028
2026-09-08T12:00:00Z,7d,52.231845,47.768155
2026-09-08T13:00:00Z,7d,52.397458,47.602542
2026-09-08T14:00:00Z,7d,48.993675,51.006325
2026-09-08T15:00:00Z,7d,50.930851,49.069149
2026-09-08T16:00:00Z,7d,53.172008,46.827992
2026-09-08T17:00:00Z,7d,51.162791,48.837209
2026-09-08T18:00:00Z,7d,54.988789,45.011211
2026-09-08T19:00:00Z,7d,47.187091,52.812909
2026-09-08T20:00:00Z,7d,47.333627,52.666373
2026-09-08T21:00:00Z,7d,56.899489,43.100511
2026-09-08T22:00:00Z,7d,59.168035,40.831965
2026-09-08T23:00:00Z,7d,57.494407,42.505593
2026-09-09T00:00:00Z,7d,60.438356,39.561644
2026-09-09T01:00:00Z,7d,61.029009,38.970991
2026-09-09T02:00:00Z,7d,59.079284,40.920716
2026-09-09T03:00:00Z,7d,46.166667,53.833333
2026-09-09T04:00:00Z,7d,41.77102,58.22898
2026-09-09T05:00:00Z,7d,42.464613,57.535387
2026-09-09T06:00:00Z,7d,47.509579,52.490421
2026-09-09T07:00:00Z,7d,60.038486,39.961514
2026-09-09T08:00:00Z,7d,63.596215,36.403785
2026-09-09T09:00:00Z,7d,57.831325,42.168675
2026-09-09T10:00:00Z,7d,54.738237,45.261763
2026-09-09T11:00:00Z,7d,57.142857,42.857143
2026-09-09T12:00:00Z,7d,55.555556,44.444444
2026-09-09T13:00:00Z,7d,58.156028,41.843972
2026-09-09T14:00:00Z,7d,58.403634,41.596366
2026-09-09T15:00:00Z,7d,60.963336,39.036664
2026-09-09T16:00:00Z,7d,56.081633,43.918367
2026-09-09T17:00:00Z,7d,44.633731,55.366269
2026-09-09T18:00:00Z,7d,48.654837,51.345163
2026-09-09T19:00:00Z,7d,56.798867,43.201133
2026-09-09T20:00:00Z,7d,57.044278,42.955722
2026-09-09T21:00:00Z,7d,60.216509,39.783491
2026-09-09T22:00:00Z,7d,59.66634,40.33366
2026-09-09T23:00:00Z,7d,61.474926,38.525074
2026-09-10T00:00:00Z,7d,61.925199,38.074801
2026-09-10T01:00:00Z,7d,62.303665,37.696335
2026-09-10T02:00:00Z,7d,58.83905,41.16095
2026-09-10T03:00:00Z,7d,54.781879,45.218121
2026-09-10T04:00:00Z,7d,50.696379,49.303621
2026-09-10T05:00:00Z,7d,43.292683,56.707317
2026-09-10T06:00:00Z,7d,42.807018,57.192982
2026-09-10T07:00:00Z,7d,45.803698,54.196302
2026-09-10T08:00:00Z,7d,51.046931,48.953069
2026-09-10T09:00:00Z,7d,58.257477,41.742523
2026-09-10T10:00:00Z,7d,56.491885,43.508115
2026-09-10T11:00:00Z,7d,53.489933,46.510067
2026-09-10T12:00:00Z,7d,54.551282,45.448718
2026-09-10T13:00:00Z,7d,55.95584,44.04416
2026-09-10T14:00:00Z,7d,53.613342,46.386658
2026-09-10T15:00:00Z,7d,52.869117,47.130883
2026-09-10T16:00:00Z,7d,55.152807,44.847193
2026-09-10T17:00:00Z,7d,50.679758,49.320242
2026-09-10T18:00:00Z,7d,53.002611,46.997389
2026-09-10T19:00:00Z,7d,52.883436,47.116564
2026-09-10T20:00:00Z,7d,52.329099,47.670901
2026-09-10T21:00:00Z,7d,53.476246,46.523754
2026-09-10T22:00:00Z,7d,55.615616,44.384384
2026-09-10T23:00:00Z,7d,61.87291,38.12709
2026-09-11T00:00:00Z,7d,63.148888,36.851112
2026-09-11T01:00:00Z,7d,60.833823,39.166177
2026-09-11T02:00:00Z,7d,52.037408,47.962592
2026-09-11T03:00:00Z,7d,47.217676,52.782324
2026-09-11T04:00:00Z,7d,46.779388,53.220612
2026-09-11T05:00:00Z,7d,49.00722,50.99278
2026-09-11T06:00:00Z,7d,51.837373,48.162627
2026-09-11T07:00:00Z,7d,51.048387,48.951613
2026-09-11T08:00:00Z,7d,52.669039,47.330961
2026-09-11T09:00:00Z,7d,51.229508,48.770492
2026-09-11T10:00:00Z,7d,53.039648,46.960352
2026-09-11T11:00:00Z,7d,52.409639,47.590361
2026-09-11T12:00:00Z,7d,56.112853,43.887147
2026-09-11T13:00:00Z,7d,59.798606,40.201394
2026-09-11T14:00:00Z,7d,57.973174,42.026826
2026-09-11T15:00:00Z,7d,61.737089,38.262911
2026-09-11T16:00:00Z,7d,56.278366,43.721634
2026-09-11T17:00:00Z,7d,49.927326,50.072674
2026-09-11T18:00:00Z,7d,58.597285,41.402715
2026-09-11T19:00:00Z,7d,54.047803,45.952197
2026-09-11T20:00:00Z,7d,58.646617,41.353383
2026-09-11T21:00:00Z,7d,61.217737,38.782263
2026-09-11T22:00:00Z,7d,62.864228,37.135772
2026-09-11T23:00:00Z,7d,59.915357,40.084643
2026-09-12T00:00:00Z,7d,60.815253,39.184747
2026-09-12T01:00:00Z,7d,58.142758,41.857242
2026-09-12T02:00:00Z,7d,54.865086,45.134914
2026-09-12T03:00:00Z,7d,48.387097,51.612903
2026-09-12T04:00:00Z,7d,47.585601,52.414399
2026-09-12T05:00:00Z,7d,45.167286,54.832714
2026-09-12T06:00:00Z,7d,44.649123,55.350877
2026-09-12T07:00:00Z,7d,46.193328,53.806672
2026-09-12T08:00:00Z,7d,49.813084,50.186916
2026-09-12T09:00:00Z,7d,52.797834,47.202166
2026-09-12T10:00:00Z,7d,51.121423,48.878577
2026-09-12T11:00:00Z,7d,53.417125,46.582875
2026-09-12T12:00:00Z,7d,58.515284,41.484716
2026-09-12T13:00:00Z,7d,60.209424,39.790576
2026-09-12T14:00:00Z,7d,52.605459,47.394541
2026-09-12T15:00:00Z,7d,57.069409,42.930591
2026-09-12T16:00:00Z,7d,57.864814,42.135186
2026-09-12T17:00:00Z,7d,50.438048,49.561952
2026-09-12T18:00:00Z,7d,55.188367,44.811633
2026-09-12T19:00:00Z,7d,46.342795,53.657205
2026-09-12T20:00:00Z,7d,48.796148,51.203852
2026-09-12T21:00:00Z,7d,60.861305,39.138695
2026-09-12T22:00:00Z,7d,61.037394,38.962606
2026-09-12T23:00:00Z,7d,64.913295,35.086705
2026-09-13T00:00:00Z,7d,62.860506,37.139494
2026-09-13T01:00:00Z,7d,60.115607,39.884393
2026-09-13T02:00:00Z,7d,56.426839,43.573161
2026-09-13T03:00:00Z,7d,52.251407,47.748593
2026-09-13T04:00:00Z,7d,51.539339,48.460661
2026-09-13T05:00:00Z,7d,48.179272,51.820728
2026-09-13T06:00:00Z,7d,46.572935,53.427065
2026-09-13T07:00:00Z,7d,63.401721,36.598279
2026-09-13T08:00:00Z,7d,66.233766,33.766234
2026-09-13T09:00:00Z,7d,60.055287,39.944713
2026-09-13T10:00:00Z,7d,57.060932,42.939068
2026-09-13T11:00:00Z,7d,57.670851,42.329149
2026-09-13T12:00:00Z,7d,56.258235,43.741765
2026-09-13T13:00:00Z,7d,58.380414,41.619586
2026-09-13T14:00:00Z,7d,49.263933,50.736067
2026-09-13T15:00:00Z,7d,48.910154,51.089846
2026-09-13T16:00:00Z,7d,51.762523,48.237477
2026-09-13T17:00:00Z,7d,53.114534,46.885466
2025-09-08T00:00:00Z,52w,0.0,0.0
2025-09-15T00:00:00Z,52w,0.0,0.0
2025-09-22T00:00:00Z,52w,0.0,0.0
2025-09-29T00:00:00Z,52w,0.0,0.0
2025-10-06T00:00:00Z,52w,0.0,0.0
2025-10-13T00:00:00Z,52w,0.0,0.0
2025-10-20T00:00:00Z,52w,0.0,0.0
2025-10-27T00:00:00Z,52w,0.0,0.0
2025-11-03T00:00:00Z,52w,0.0,0.0
2025-11-10T00:00:00Z,52w,0.0,0.0
2025-11-17T00:00:00Z,52w,0.0,0.0
2025-11-24T00:00:00Z,52w,0.0,0.0
2025-12-01T00:00:00Z,52w,0.0,0.0
2025-12-08T00:00:00Z,52w,0.0,0.0
2025-12-15T00:00:00Z,52w,0.0,0.0
2025-12-22T00:00:00Z,52w,0.0,0.0
2025-12-29T00:00:00Z,52w,0.0,0.0
2026-01-05T00:00:00Z,52w,0.0,0.0
2026-01-12T00:00:00Z,52w,0.0,0.0
2026-01-19T00:00:00Z,52w,0.0,0.0
2026-01-26T00:00:00Z,52w,0.0,0.0
2026-02-02T00:00:00Z,52w,0.0,0.0
2026-02-09T00:00:00Z,52w,0.0,0.0
2026-02-16T00:00:00Z,52w,0.0,0.0
2026-02-23T00:00:00Z,52w,0.0,0.0
2026-03-02T00:00:00Z,52w,0.0,0.0
2026-03-09T00:00:00Z,52w,0.0,0.0
2026-03-16T00:00:00Z,52w,0.0,0.0
2026-03-23T00:00:00Z,52w,0.0,0.0
2026-03-30T00:00:00Z,52w,0.0,0.0
2026-04-06T00:00:00Z,52w,0.0,0.0
2026-04-13T00:00:00Z,52w,0.0,0.0
2026-04-20T00:00:00Z,52w,0.0,0.0
2026-04-27T00:00:00Z,52w,58.643053,41.356947
2026-05-04T00:00:00Z,52w,54.037124,45.962876
2026-05-11T00:00:00Z,52w,51.836806,48.163194
2026-05-18T00:00:00Z,52w,57.480569,42.519431
2026-05-25T00:00:00Z,52w,55.048665,44.951335
2026-06-01T00:00:00Z,52w,57.415909,42.584091
2026-06-08T00:00:00Z,52w,58.510503,41.489497
2026-06-15T00:00:00Z,52w,59.474795,40.525205
2026-06-22T00:00:00Z,52w,62.158917,37.841083
2026-06-29T00:00:00Z,52w,55.19189,44.80811
2026-07-06T00:00:00Z,52w,56.014391,43.985609
2026-07-13T00:00:00Z,52w,52.500266,47.499734
2026-07-20T00:00:00Z,52w,54.76423,45.23577
2026-07-27T00:00:00Z,52w,50.355181,49.644819
2026-08-03T00:00:00Z,52w,48.228921,51.771079
2026-08-10T00:00:00Z,52w,47.384172,52.615828
2026-08-17T00:00:00Z,52w,50.759419,49.240581
2026-08-24T00:00:00Z,52w,51.325096,48.674904
2026-08-31T00:00:00Z,52w,54.732872,45.267128
2026-09-07T00:00:00Z,52w,54.886144,45.113856
