timestamp,date_range,Binary,CSS,HTML,Images,JSON,JavaScript,Plain Text,Video,other
2026-09-06T18:00:00Z,7d,1.883719,1.338432,10.877417,21.252036,38.495857,5.785709,3.951562,2.294455,14.120813
2026-09-06T19:00:00Z,7d,1.846611,1.29475,11.426348,20.730154,37.420405,5.886515,4.209707,3.459742,13.725768
2026-09-06T20:00:00Z,7d,1.987018,1.218704,12.849384,20.711352,35.521261,6.312094,3.457412,3.179229,14.763545
2026-09-06T21:00:00Z,7d,1.843106,1.318379,11.40627,21.625344,37.275351,5.404696,3.391053,2.886003,14.849797
2026-09-06T22:00:00Z,7d,2.041628,1.325732,11.189182,21.576296,35.907464,5.819966,3.453533,3.1221,15.564099
2026-09-06T23:00:00Z,7d,2.189929,1.40588,11.456573,21.372085,34.754985,5.623521,3.230821,4.724569,15.241636
2026-09-07T00:00:00Z,7d,1.972764,1.266102,13.213103,21.751932,32.668384,5.27788,3.378727,5.447184,15.023923
2026-09-07T01:00:00Z,7d,2.273301,1.296624,12.89888,20.95647,30.765345,5.245432,2.98897,7.981814,15.593163
2026-09-07T02:00:00Z,7d,1.868444,1.190997,14.565122,20.563811,29.895105,4.949738,3.747815,7.484703,15.734266
2026-09-07T03:00:00Z,7d,2.125506,1.098901,17.061885,18.421053,30.002892,4.569115,3.817235,6.304222,16.59919
2026-09-07T04:00:00Z,7d,2.075145,1.399151,17.245716,19.320861,29.649426,4.842006,3.710108,5.077818,16.679767
2026-09-07T05:00:00Z,7d,2.260427,1.034702,19.07036,17.319325,28.143903,5.364534,4.011461,6.383317,16.411971
2026-09-07T06:00:00Z,7d,2.4,0.935849,17.49434,16.407547,31.154717,6.837736,3.54717,4.649057,16.573585
2026-09-07T07:00:00Z,7d,2.269231,1.333333,16.153846,17.602564,31.384615,7.769231,3.884615,3.666667,15.935897
2026-09-07T08:00:00Z,7d,2.209632,1.461756,15.104816,18.03966,33.25779,7.535411,3.274788,3.21813,15.898017
2026-09-07T09:00:00Z,7d,2.807622,1.500101,13.40969,18.751267,34.177985,7.216704,3.740118,2.959659,15.436854
2026-09-07T10:00:00Z,7d,2.384419,1.483436,11.439752,19.985439,35.675282,6.989443,3.330906,2.903167,15.808154
2026-09-07T11:00:00Z,7d,2.34008,1.36647,10.769494,20.82159,36.151678,5.884362,4.816808,2.562132,15.287386
2026-09-07T12:00:00Z,7d,2.454369,1.133981,10.493204,20.675728,35.308738,6.438835,5.864078,3.021359,14.609709
2026-09-07T13:00:00Z,7d,2.110523,1.491536,10.05295,22.365575,36.676859,6.107838,3.818331,2.699679,14.67671
2026-09-07T14:00:00Z,7d,1.96004,1.542202,10.90177,22.646813,35.751728,6.123224,3.357897,2.96285,14.753476
2026-09-07T15:00:00Z,7d,1.883683,1.381367,10.462287,22.243152,36.276587,5.823719,3.720273,2.911859,15.297072
2026-09-07T16:00:00Z,7d,2.06831,1.473968,10.50004,22.4265,37.086932,5.769078,3.375862,2.829067,14.470243
2026-09-07T17:00:00Z,7d,1.914223,1.179226,11.380341,21.670301,38.421775,4.878443,3.836524,2.762297,13.956869
2026-09-07T18:00:00Z,7d,2.041843,1.157524,11.050399,20.303401,38.205478,5.701344,4.313754,2.44446,14.781796
2026-09-07T19:00:00Z,7d,1.889845,1.125083,11.397897,21.957497,37.826311,5.515111,3.044341,2.3237,14.920215
2026-09-07T20:00:00Z,7d,1.994302,1.132652,10.847057,21.979015,37.252449,5.809186,3.391008,2.376485,15.217844
2026-09-07T21:00:00Z,7d,2.129075,1.210912,10.778443,21.370592,37.105788,5.715236,3.532934,3.220226,14.936793
2026-09-07T22:00:00Z,7d,2.042576,1.147291,10.418463,22.667286,35.791498,5.557398,3.302606,3.534717,15.538166
2026-09-07T23:00:00Z,7d,2.142566,1.265134,11.896341,21.840566,34.893212,5.890355,3.196844,3.516528,15.358455
2026-09-08T00:00:00Z,7d,2.011257,1.260788,12.630394,21.313321,33.711069,5.590994,3.767355,4.090056,15.624765
2026-09-08T01:00:00Z,7d,2.213193,1.348664,14.091813,21.146365,31.019279,4.841359,3.259272,7.097778,14.982277
2026-09-08T02:00:00Z,7d,1.797005,0.765391,17.75929,19.667221,30.305047,4.847476,3.494176,6.134221,15.230172
2026-09-08T03:00:00Z,7d,1.880293,0.832496,17.826898,17.525477,30.61576,4.908856,4.0333,6.143247,16.233673
2026-09-08T04:00:00Z,7d,2.029295,1.205371,17.973756,17.363442,29.508697,4.91303,3.692402,6.164175,17.149832
2026-09-08T05:00:00Z,7d,1.819699,1.402337,18.480801,17.178631,31.769616,5.525876,4.106845,3.388982,16.327212
2026-09-08T06:00:00Z,7d,2.138308,1.076736,17.030634,17.33394,30.815893,6.217774,4.746739,4.276615,16.363361
2026-09-08T07:00:00Z,7d,2.007235,1.330377,18.998716,16.046213,29.104913,7.457113,3.559342,4.621309,16.874781
2026-09-08T08:00:00Z,7d,2.331744,1.36725,16.565978,16.650768,31.732909,7.715951,4.09115,4.101749,15.442501
2026-09-08T09:00:00Z,7d,2.307845,1.386688,14.134311,18.324089,34.568146,7.082013,3.833201,2.773376,15.590333
2026-09-08T10:00:00Z,7d,2.253142,1.193896,11.947935,18.842011,35.915619,6.696589,4.847397,3.554758,14.748654
2026-09-08T11:00:00Z,7d,2.180159,1.259084,12.050025,20.508704,36.826094,6.557377,3.599797,2.290012,14.728748
2026-09-08T12:00:00Z,7d,2.028714,1.326467,11.711923,20.318352,35.674157,6.577715,3.831149,3.206929,15.324594
2026-09-08T13:00:00Z,7d,1.996577,1.490302,12.343126,20.457787,35.624643,6.503137,3.536794,2.859384,15.188249
2026-09-08T14:00:00Z,7d,2.273537,1.240111,12.393985,20.832442,35.300406,5.972489,3.805858,3.371107,14.810063
2026-09-08T15:00:00Z,7d,2.093681,1.428899,11.492321,21.028502,36.29556,5.87606,3.965768,3.216933,14.602277
2026-09-08T16:00:00Z,7d,2.008662,1.433692,11.417264,20.863202,36.290323,6.518817,4.1592,3.128734,14.180108
2026-09-08T17:00:00Z,7d,1.906234,1.442555,12.975638,19.886656,34.22389,6.594539,3.407669,4.651505,14.911312
2026-09-08T18:00:00Z,7d,1.823018,1.453224,11.573894,20.280265,34.565979,7.532114,3.029713,5.079798,14.661996
2026-09-08T19:00:00Z,7d,1.282106,1.111159,9.799564,15.060473,24.419847,11.368007,2.829181,16.987905,17.141758
2026-09-08T20:00:00Z,7d,1.609079,0.931572,9.607893,15.061822,25.745257,11.411755,2.57876,16.268631,16.78523
2026-09-08T21:00:00Z,7d,2.149624,1.53024,10.693466,20.907214,35.535584,6.612825,3.181929,3.564489,15.82463
2026-09-08T22:00:00Z,7d,2.072475,1.35508,11.202404,20.59599,35.765528,6.432031,3.237476,3.366239,15.972776
2026-09-08T23:00:00Z,7d,1.895119,1.492731,11.604361,21.073468,34.378245,6.626428,3.439772,3.524143,15.965732
2026-09-09T00:00:00Z,7d,2.287582,1.463484,12.965331,20.652174,31.969309,6.194942,3.41006,5.555556,15.501563
2026-09-09T01:00:00Z,7d,2.347768,1.20292,15.156794,19.761075,30.720093,5.707649,3.426249,6.603617,15.073834
2026-09-09T02:00:00Z,7d,2.31909,0.98776,16.791926,18.992914,31.028559,5.303844,3.414215,5.540047,15.621645
2026-09-09T03:00:00Z,7d,2.181869,1.11205,16.891892,17.933559,30.658784,5.349099,3.814752,5.194257,16.863739
2026-09-09T04:00:00Z,7d,2.03076,1.194565,16.694042,16.081828,29.132447,5.375541,4.987308,6.764223,17.739286
2026-09-09T05:00:00Z,7d,2.270303,1.432272,18.299558,16.471126,29.041597,6.917568,4.144446,4.845345,16.577785
2026-09-09T06:00:00Z,7d,1.95372,1.316336,14.465845,16.391853,28.225024,8.369128,8.50769,4.530969,16.239435
2026-09-09T07:00:00Z,7d,2.138423,1.51759,17.923661,15.808232,28.983674,9.714877,4.713727,2.770752,16.429064
2026-09-09T08:00:00Z,7d,2.641203,1.351077,16.101178,16.416091,31.24746,8.949614,4.12434,2.834214,16.334823
2026-09-09T09:00:00Z,7d,2.105663,1.517595,14.17054,17.822252,33.908755,8.34677,4.154415,2.892915,15.081096
2026-09-09T10:00:00Z,7d,2.260476,1.756216,13.119457,18.109894,35.419927,8.129021,3.825422,2.651713,14.727873
2026-09-09T11:00:00Z,7d,2.097557,1.521757,12.494859,18.030764,36.604425,7.641688,3.997697,2.089331,15.521922
2026-09-09T12:00:00Z,7d,2.070409,1.49488,11.704911,19.822109,35.682786,7.608939,3.490545,2.713207,15.412213
2026-09-09T13:00:00Z,7d,1.977976,1.585186,10.878867,20.544294,35.596549,7.245564,3.640317,2.87578,15.655467
2026-09-09T14:00:00Z,7d,2.238478,1.755669,11.27286,20.014631,36.217996,7.117776,3.489393,2.721287,15.171909
2026-09-09T15:00:00Z,7d,1.868455,1.747909,10.479922,20.32698,36.675959,7.066978,3.330069,3.322534,15.181195
2026-09-09T16:00:00Z,7d,1.956597,1.508784,8.439545,19.510851,34.316225,7.90906,3.327592,7.833276,15.198071
2026-09-09T17:00:00Z,7d,1.389815,1.078497,9.78986,15.565933,28.452302,10.868357,3.08539,14.537469,15.232377
2026-09-09T18:00:00Z,7d,1.390268,0.951236,9.130821,16.463701,29.713061,11.294622,2.780536,13.223227,15.052527
2026-09-09T19:00:00Z,7d,1.574664,1.026185,8.327436,19.344185,32.655107,8.917197,3.41472,9.383109,15.357396
2026-09-09T20:00:00Z,7d,1.862092,1.128541,9.812662,17.622165,32.609186,8.983185,2.83828,9.649024,15.494865
2026-09-09T21:00:00Z,7d,2.146039,1.214739,9.974356,20.475098,36.415171,6.741801,3.387772,4.015387,15.62964
2026-09-09T22:00:00Z,7d,2.330751,1.371777,12.94297,19.966976,34.18646,5.912613,4.223295,3.25797,15.807189
2026-09-09T23:00:00Z,7d,2.556874,1.271881,11.112568,20.848358,34.353898,6.379073,3.2846,4.936734,15.256015
2026-09-10T00:00:00Z,7d,2.301301,1.279318,11.991765,20.844056,32.563782,6.087788,3.610029,5.536358,15.785604
2026-09-10T01:00:00Z,7d,2.036432,1.125623,13.129404,21.1978,31.208111,5.954631,3.540127,5.791373,16.016498
2026-09-10T02:00:00Z,7d,2.298851,1.195402,13.068966,20.195402,31.482759,5.436782,3.977011,6.195402,16.149425
2026-09-10T03:00:00Z,7d,1.966455,1.012146,17.235396,17.91498,30.190862,5.668016,4.222094,5.205321,16.584731
2026-09-10T04:00:00Z,7d,2.272029,1.304882,16.53362,15.704636,30.089039,6.83144,4.482653,5.710777,17.070924
2026-09-10T05:00:00Z,7d,1.977771,1.454724,16.083687,17.701863,29.470415,7.698594,4.691076,4.772802,16.149068
2026-09-10T06:00:00Z,7d,2.050611,1.570681,16.579407,15.910413,30.599186,8.58057,3.810355,4.304828,16.59395
2026-09-10T07:00:00Z,7d,2.496434,1.533524,16.714218,15.989063,31.027104,8.701854,4.505468,3.126486,15.905849
2026-09-10T08:00:00Z,7d,2.045406,1.434997,14.83187,16.663097,31.612765,9.124009,5.70786,3.244806,15.33519
2026-09-10T09:00:00Z,7d,2.132478,1.670126,14.512172,17.588224,31.883374,8.945084,4.699,3.406303,15.163238
2026-09-10T10:00:00Z,7d,2.223967,1.534973,13.971743,18.611547,34.449677,8.067329,3.532182,2.293738,15.314844
2026-09-10T11:00:00Z,7d,2.080876,1.356361,12.552654,19.528222,36.074136,7.649537,3.538332,2.055602,15.16428
2026-09-10T12:00:00Z,7d,2.089298,1.632748,12.0715,19.538807,35.951404,7.351234,3.342877,2.932756,15.089376
2026-09-10T13:00:00Z,7d,2.088677,1.304507,12.612679,20.27849,35.397582,6.77904,3.19531,2.938805,15.40491
2026-09-10T14:00:00Z,7d,2.048281,1.485004,11.843453,20.585223,36.115582,6.144843,3.401609,3.482078,14.893928
2026-09-10T15:00:00Z,7d,1.898048,1.340254,12.015804,19.809421,36.876356,6.220948,3.052371,3.656647,15.130152
2026-09-10T16:00:00Z,7d,1.822937,1.331537,11.151621,19.988904,36.403265,6.301022,3.590394,3.677578,15.732742
2026-09-10T17:00:00Z,7d,2.11473,1.215362,10.727597,19.907632,37.295414,6.020094,3.370604,3.808135,15.540431
2026-09-10T18:00:00Z,7d,2.073481,1.236813,11.145871,20.007275,36.58785,7.158967,3.346672,3.623136,14.819935
2026-09-10T19:00:00Z,7d,1.919663,1.216225,10.715929,19.314969,35.231083,7.132996,2.866347,6.094274,15.508514
2026-09-10T20:00:00Z,7d,1.732294,1.265661,10.566351,19.010483,35.41933,7.619535,3.093838,5.944771,15.347737
2026-09-10T21:00:00Z,7d,2.199805,1.295151,11.233322,20.969736,35.704523,7.081028,3.547022,2.857143,15.112268
2026-09-10T22:00:00Z,7d,2.186995,1.332902,10.773213,20.265286,35.017794,7.47331,3.506956,3.358137,16.085409
2026-09-10T23:00:00Z,7d,1.960784,1.47852,11.383971,20.940415,33.428517,8.173107,3.50276,3.623326,15.508598
2026-09-11T00:00:00Z,7d,2.06948,1.133125,11.894423,20.375899,32.168544,7.205862,3.175465,5.312797,16.664405
2026-09-11T01:00:00Z,7d,2.146788,1.480276,13.198481,19.576843,31.225296,7.525382,3.557312,4.55708,16.732543
2026-09-11T02:00:00Z,7d,1.800265,1.307561,14.184196,19.073337,29.315899,7.153686,3.458404,6.803108,16.903544
2026-09-11T03:00:00Z,7d,1.850434,1.2634,15.594691,18.210822,30.372639,6.01072,4.313425,5.921388,16.462481
2026-09-11T04:00:00Z,7d,2.020485,1.403115,17.426687,16.4866,28.062298,6.861232,4.097096,5.416024,18.226463
2026-09-11T05:00:00Z,7d,2.245581,1.210384,17.646122,17.120561,28.475872,7.548973,3.933747,4.459309,17.359452
2026-09-11T06:00:00Z,7d,2.215093,1.130461,19.53865,16.147266,29.300336,6.309196,4.124656,4.598228,16.636114
2026-09-11T07:00:00Z,7d,1.974401,1.552288,16.884532,16.476035,29.275599,9.027778,4.139434,4.016885,16.65305
2026-09-11T08:00:00Z,7d,2.541662,1.906246,16.844503,15.969308,29.420933,8.739959,3.716581,4.723654,16.137154
2026-09-11T09:00:00Z,7d,2.480071,1.527901,13.507529,17.471213,32.329495,7.683791,4.362267,4.484057,16.153676
2026-09-11T10:00:00Z,7d,2.412672,1.416133,11.906011,17.318787,34.427777,7.206546,3.797336,4.930242,16.584496
2026-09-11T11:00:00Z,7d,2.234877,1.224884,12.485226,18.921242,36.59611,5.941764,3.814333,2.933276,15.848286
2026-09-11T12:00:00Z,7d,2.342797,1.558962,11.113047,18.751089,36.526738,6.880334,3.640481,3.579516,15.607037
2026-09-11T13:00:00Z,7d,2.632798,1.721742,9.967573,19.6958,36.480852,6.084002,3.814083,4.084311,15.518839
2026-09-11T14:00:00Z,7d,2.301272,1.521179,10.468835,19.978157,36.289882,6.045713,3.3856,5.140807,14.868554
2026-09-11T15:00:00Z,7d,1.87185,1.367891,10.223182,20.462363,37.74898,6.543477,3.471722,2.959763,15.350772
2026-09-11T16:00:00Z,7d,2.047439,1.267094,10.214015,20.883875,37.232481,5.740555,4.00989,3.105926,15.498725
2026-09-11T17:00:00Z,7d,2.11776,1.299535,11.038023,21.241778,37.429809,5.68747,3.441361,2.350393,15.393871
2026-09-11T18:00:00Z,7d,2.067279,1.229994,9.825133,21.347066,37.989034,6.083284,3.630705,2.704505,15.122999
2026-09-11T19:00:00Z,7d,1.904901,1.362737,9.502528,21.386182,37.22617,6.733094,3.531394,3.150414,15.202579
2026-09-11T20:00:00Z,7d,2.168659,1.510675,9.822747,20.914462,36.638915,6.197126,5.653283,2.558077,14.536055
2026-09-11T21:00:00Z,7d,2.2958,1.40004,10.025878,21.650853,36.527105,6.217238,3.238007,2.979232,15.665848
2026-09-11T22:00:00Z,7d,2.401927,1.533684,10.222448,20.964573,36.193675,6.179099,3.099056,3.574371,15.831168
2026-09-11T23:00:00Z,7d,2.115076,1.459338,10.633237,21.07361,34.355513,6.184507,3.330119,4.320154,16.528447
2026-09-12T00:00:00Z,7d,2.200575,1.394632,10.659472,20.828369,33.394071,5.823814,3.349919,5.992011,16.357138
2026-09-12T01:00:00Z,7d,2.26461,1.314935,11.712662,21.103896,31.48539,6.144481,3.465909,6.314935,16.193182
2026-09-12T02:00:00Z,7d,2.092006,1.49429,13.053688,20.290319,31.807023,5.40079,4.269399,4.568257,17.024229
2026-09-12T03:00:00Z,7d,2.284299,1.059584,14.930508,18.370717,30.645383,5.215357,4.238338,7.444613,15.811201
2026-09-12T04:00:00Z,7d,2.543913,1.150818,17.247123,17.686251,30.17868,5.330103,4.254997,5.027256,16.58086
2026-09-12T05:00:00Z,7d,2.262153,1.23536,17.262955,17.038344,29.359859,6.064495,4.428044,5.695492,16.653297
2026-09-12T06:00:00Z,7d,2.219501,1.500077,17.44987,17.541711,29.634165,5.877851,3.995102,4.285933,17.495791
2026-09-12T07:00:00Z,7d,2.846696,1.41029,15.265082,15.852703,31.483416,7.63907,3.395142,5.053539,17.054061
2026-09-12T08:00:00Z,7d,2.337662,1.523022,12.632822,17.98111,32.644628,7.237308,4.557261,3.789847,17.29634
2026-09-12T09:00:00Z,7d,2.569254,1.65997,11.71495,18.502855,33.865511,7.35885,3.975471,3.62656,16.726581
2026-09-12T10:00:00Z,7d,2.426423,1.328536,11.929145,18.470339,35.187748,7.18701,3.339791,3.902574,16.228434
2026-09-12T11:00:00Z,7d,2.308284,1.410618,10.883132,19.928187,36.077627,6.822262,3.522271,3.470975,15.576644
2026-09-12T12:00:00Z,7d,2.138346,1.582832,10.455825,20.302869,35.164752,8.30226,3.218933,3.279811,15.554372
2026-09-12T13:00:00Z,7d,2.053183,1.59692,10.893277,20.439153,35.73109,7.157625,3.165324,3.500392,15.463036
2026-09-12T14:00:00Z,7d,2.278838,1.525948,10.836246,19.844044,33.006184,7.48185,3.038451,6.036569,15.951869
2026-09-12T15:00:00Z,7d,1.898559,1.261086,10.781596,19.858647,33.876109,7.330931,3.083426,6.603381,15.306264
2026-09-12T16:00:00Z,7d,2.019981,1.217823,11.543791,20.360242,35.68147,6.796471,3.398235,3.194049,15.787938
2026-09-12T17:00:00Z,7d,1.966996,1.414469,11.772506,20.531899,36.805658,6.195668,3.683513,2.67423,14.955061
2026-09-12T18:00:00Z,7d,1.941615,1.339988,10.343885,21.309906,37.143638,6.481165,3.220072,3.076502,15.143228
2026-09-12T19:00:00Z,7d,1.325495,1.331041,10.16028,18.50147,31.301647,9.112085,3.604903,9.372747,15.290333
2026-09-12T20:00:00Z,7d,1.778809,1.342393,10.324826,18.086399,32.095901,9.192354,2.795271,8.662026,15.72202
2026-09-12T21:00:00Z,7d,1.790476,1.644444,10.025397,20.761905,36.31746,6.977778,3.130159,3.301587,16.050794
2026-09-12T22:00:00Z,7d,1.900947,1.703859,10.541039,20.88499,34.929112,7.279547,3.070761,3.795537,15.894208
2026-09-12T23:00:00Z,7d,1.898531,1.340517,11.096145,20.832532,33.358989,7.99179,2.988904,4.444872,16.04772
2026-09-13T00:00:00Z,7d,1.844696,1.334306,12.387896,21.618666,31.687933,6.722567,2.960262,5.060153,16.383522
2026-09-13T01:00:00Z,7d,1.791229,1.305921,12.212124,20.832966,31.068561,6.159005,3.185388,7.03256,16.412247
2026-09-13T02:00:00Z,7d,1.679888,1.621559,14.430705,19.727018,30.634624,6.206253,3.453103,5.64629,16.60056
2026-09-13T03:00:00Z,7d,1.862547,1.183945,15.391279,18.784291,30.724805,5.861969,3.753971,5.529887,16.907306
2026-09-13T04:00:00Z,7d,2.017154,1.508895,13.929479,18.535578,30.527319,7.576239,3.748412,4.367853,17.789072
2026-09-13T05:00:00Z,7d,1.599478,1.517872,17.480007,17.284152,29.459768,7.768892,3.639628,5.092215,16.157989
2026-09-13T06:00:00Z,7d,1.908726,1.406429,16.331803,16.403559,29.491963,10.117681,3.329506,4.118829,16.891504
2026-09-13T07:00:00Z,7d,1.614205,1.694915,17.421884,14.965986,29.447711,11.022714,3.435951,3.19382,17.202813
2026-09-13T08:00:00Z,7d,1.90409,1.470885,15.51481,16.300625,31.422527,9.873061,3.626839,2.36752,17.519645
2026-09-13T09:00:00Z,7d,1.745234,1.365835,13.724746,17.196244,33.159442,8.925353,4.979607,4.116475,14.787063
2026-09-13T10:00:00Z,7d,2.03429,1.616772,12.392289,18.015457,35.178111,7.328773,3.295727,3.464511,16.674069
2026-09-13T11:00:00Z,7d,1.938378,1.557474,12.138141,19.79008,36.025055,6.754698,3.461994,2.861012,15.473167
2026-09-13T12:00:00Z,7d,1.816231,1.417733,11.633075,20.208445,36.930033,6.284006,3.494521,2.912101,15.303855
2026-09-13T13:00:00Z,7d,1.908614,1.511281,11.302682,21.030226,35.241947,6.492124,3.242515,3.270895,15.999716
2026-09-13T14:00:00Z,7d,1.636703,1.443392,12.255944,20.233262,33.082028,6.611251,3.279851,6.707906,14.749662
2026-09-13T15:00:00Z,7d,1.652122,1.552195,12.530811,19.938712,33.668643,7.647725,2.957831,5.715808,14.336153
2026-09-13T16:00:00Z,7d,1.866219,1.558678,11.30216,20.367652,35.192563,7.101419,3.131334,5.249179,14.230796
2026-09-13T17:00:00Z,7d,1.824075,1.409512,11.253486,20.64521,36.504108,6.602849,4.025024,3.022537,14.713198
2025-09-08T00:00:00Z,52w,0.0,0.0,0.0,0.0,0.0,0.0,0.0,0.0,0.0
2025-09-15T00:00:00Z,52w,0.0,0.0,0.0,0.0,0.0,0.0,0.0,0.0,0.0
2025-09-22T00:00:00Z,52w,0.0,0.0,0.0,0.0,0.0,0.0,0.0,0.0,0.0
2025-09-29T00:00:00Z,52w,0.0,0.0,0.0,0.0,0.0,0.0,0.0,0.0,0.0
2025-10-06T00:00:00Z,52w,0.0,0.0,0.0,0.0,0.0,0.0,0.0,0.0,0.0
2025-10-13T00:00:00Z,52w,0.0,0.0,0.0,0.0,0.0,0.0,0.0,0.0,0.0
2025-10-20T00:00:00Z,52w,0.0,0.0,0.0,0.0,0.0,0.0,0.0,0.0,0.0
2025-10-27T00:00:00Z,52w,0.0,0.0,0.0,0.0,0.0,0.0,0.0,0.0,0.0
2025-11-03T00:00:00Z,52w,0.0,0.0,0.0,0.0,0.0,0.0,0.0,0.0,0.0
2025-11-10T00:00:00Z,52w,0.0,0.0,0.0,0.0,0.0,0.0,0.0,0.0,0.0
2025-11-17T00:00:00Z,52w,0.0,0.0,0.0,0.0,0.0,0.0,0.0,0.0,0.0
2025-11-24T00:00:00Z,52w,0.0,0.0,0.0,0.0,0.0,0.0,0.0,0.0,0.0
2025-12-01T00:00:00Z,52w,0.0,0.0,0.0,0.0,0.0,0.0,0.0,0.0,0.0
2025-12-08T00:00:00Z,52w,0.0,0.0,0.0,0.0,0.0,0.0,0.0,0.0,0.0
2025-12-15T00:00:00Z,52w,0.0,0.0,0.0,0.0,0.0,0.0,0.0,0.0,0.0
2025-12-22T00:00:00Z,52w,0.0,0.0,0.0,0.0,0.0,0.0,0.0,0.0,0.0
2025-12-29T00:00:00Z,52w,0.0,0.0,0.0,0.0,0.0,0.0,0.0,0.0,0.0
2026-01-05T00:00:00Z,52w,0.0,0.0,0.0,0.0,0.0,0.0,0.0,0.0,0.0
2026-01-12T00:00:00Z,52w,0.0,0.0,0.0,0.0,0.0,0.0,0.0,0.0,0.0
2026-01-19T00:00:00Z,52w,0.0,0.0,0.0,0.0,0.0,0.0,0.0,0.0,0.0
2026-01-26T00:00:00Z,52w,0.0,0.0,0.0,0.0,0.0,0.0,0.0,0.0,0.0
2026-02-02T00:00:00Z,52w,0.0,0.0,0.0,0.0,0.0,0.0,0.0,0.0,0.0
2026-02-09T00:00:00Z,52w,0.0,0.0,0.0,0.0,0.0,0.0,0.0,0.0,0.0
2026-02-16T00:00:00Z,52w,0.0,0.0,0.0,0.0,0.0,0.0,0.0,0.0,0.0
2026-02-23T00:00:00Z,52w,0.0,0.0,0.0,0.0,0.0,0.0,0.0,0.0,0.0
2026-03-02T00:00:00Z,52w,0.0,0.0,0.0,0.0,0.0,0.0,0.0,0.0,0.0
2026-03-09T00:00:00Z,52w,0.0,0.0,0.0,0.0,0.0,0.0,0.0,0.0,0.0
2026-03-16T00:00:00Z,52w,0.0,0.0,0.0,0.0,0.0,0.0,0.0,0.0,0.0
2026-03-23T00:00:00Z,52w,0.0,0.0,0.0,0.0,0.0,0.0,0.0,0.0,0.0
2026-03-30T00:00:00Z,52w,0.0,0.0,0.0,0.0,0.0,0.0,0.0,0.0,0.0
2026-04-06T00:00:00Z,52w,0.0,0.0,0.0,0.0,0.0,0.0,0.0,0.0,0.0
2026-04-13T00:00:00Z,52w,0.0,0.0,0.0,0.0,0.0,0.0,0.0,0.0,0.0
2026-04-20T00:00:00Z,52w,0.0,0.0,0.0,0.0,0.0,0.0,0.0,0.0,0.0
2026-04-27T00:00:00Z,52w,2.025441,1.236556,10.943386,16.110717,38.625321,5.617732,4.075449,6.788775,14.576623
2026-05-04T00:00:00Z,52w,1.858954,1.161619,13.035679,14.752668,38.199365,6.531383,4.608374,6.295947,13.556011
2026-05-11T00:00:00Z,52w,1.802371,1.153404,14.322689,14.231757,37.243347,6.652487,4.955347,6.157001,13.481597
2026-05-18T00:00:00Z,52w,1.775505,1.198106,14.303476,14.303932,37.644086,6.102498,4.768775,5.827218,14.076403
2026-05-25T00:00:00Z,52w,1.894588,1.21705,15.101095,14.383318,35.411793,5.595358,4.751295,5.648607,15.996895
2026-06-01T00:00:00Z,52w,1.853549,1.22944,14.978521,14.442013,37.119821,5.691284,4.808256,4.921974,14.955142
2026-06-08T00:00:00Z,52w,1.807941,1.171231,14.113486,14.077977,36.868332,6.280087,4.603879,5.788175,15.288891
2026-06-15T00:00:00Z,52w,1.722701,1.248461,13.577521,13.844883,34.462145,7.789228,3.818554,8.979505,14.557002
2026-06-22T00:00:00Z,52w,1.75331,1.298513,13.88092,14.364203,35.377985,7.084377,3.825701,7.49371,14.921282
2026-06-29T00:00:00Z,52w,1.924137,1.179203,13.471555,13.835411,33.301821,8.313137,4.887191,9.00043,14.087115
2026-07-06T00:00:00Z,52w,1.900246,1.316462,13.856118,14.13057,35.12647,8.351958,3.837035,7.229301,14.251843
2026-07-13T00:00:00Z,52w,1.85644,1.343663,14.994801,14.187987,35.078791,7.23972,3.882652,6.224114,15.191832
2026-07-20T00:00:00Z,52w,2.243136,1.537893,13.484656,16.214934,37.512797,5.806063,4.370481,3.384644,15.445397
2026-07-27T00:00:00Z,52w,2.072862,1.482301,13.561687,17.01083,35.833568,6.287612,4.228282,3.406437,16.116421
2026-08-03T00:00:00Z,52w,2.050785,1.389525,14.788032,16.519975,35.129798,5.835203,4.57602,3.197614,16.513048
2026-08-10T00:00:00Z,52w,2.091431,1.300153,13.819143,19.074785,34.541697,5.80396,4.101163,3.504624,15.763043
2026-08-17T00:00:00Z,52w,2.048007,1.322291,13.174894,18.763714,34.044235,6.20086,4.12985,4.759812,15.556336
2026-08-24T00:00:00Z,52w,2.016877,1.345162,12.603607,18.96017,34.785216,6.481991,3.787571,4.537987,15.481418
2026-08-31T00:00:00Z,52w,2.031157,1.280472,12.196514,19.779384,34.803532,6.284653,3.68234,4.495885,15.446063
2026-09-07T00:00:00Z,52w,2.049254,1.358693,12.301686,19.509457,33.728351,7.012702,3.5987,4.77238,15.668777
