timestamp,date_range,netflows_total_volume,netflows_bytes_trend,http_requests_normalized
2026-09-06T18:00:00Z,7d,9.341428,0.375055,0.605363
2026-09-06T19:00:00Z,7d,15.061985,0.416682,0.603474
2026-09-06T20:00:00Z,7d,23.862257,0.461497,0.658107
2026-09-06T21:00:00Z,7d,7.726623,0.410822,0.651687
2026-09-06T22:00:00Z,7d,5.580215,0.423667,0.641616
2026-09-06T23:00:00Z,7d,30.352123,0.455433,0.62928
2026-09-07T00:00:00Z,7d,54.477674,0.478246,0.590886
2026-09-07T01:00:00Z,7d,62.038676,0.484844,0.507553
2026-09-07T02:00:00Z,7d,58.721746,0.426863,0.40005
2026-09-07T03:00:00Z,7d,46.610909,0.340137,0.299094
2026-09-07T04:00:00Z,7d,31.115702,0.296236,0.277442
2026-09-07T05:00:00Z,7d,33.078004,0.272609,0.268756
2026-09-07T06:00:00Z,7d,27.57585,0.259772,0.281219
2026-09-07T07:00:00Z,7d,20.166766,0.274884,0.330816
2026-09-07T08:00:00Z,7d,21.459025,0.28665,0.379783
2026-09-07T09:00:00Z,7d,25.16799,0.309349,0.415785
2026-09-07T10:00:00Z,7d,24.274534,0.326781,0.465383
2026-09-07T11:00:00Z,7d,18.872347,0.341197,0.499119
2026-09-07T12:00:00Z,7d,14.66915,0.354335,0.542674
2026-09-07T13:00:00Z,7d,17.886791,0.376375,0.564451
2026-09-07T14:00:00Z,7d,16.978979,0.376207,0.566591
2026-09-07T15:00:00Z,7d,18.408235,0.369306,0.540911
2026-09-07T16:00:00Z,7d,11.603424,0.361679,0.542674
2026-09-07T17:00:00Z,7d,10.882545,0.346293,0.535121
2026-09-07T18:00:00Z,7d,6.947372,0.366669,0.610272
2026-09-07T19:00:00Z,7d,-38.139408,0.367946,0.568353
2026-09-07T20:00:00Z,7d,-47.816757,0.38812,0.611908
2026-09-07T21:00:00Z,7d,-32.345619,0.415606,0.655463
2026-09-07T22:00:00Z,7d,19.972683,0.441008,0.643756
2026-09-07T23:00:00Z,7d,17.095421,0.467553,0.619461
2026-09-08T00:00:00Z,7d,16.66769,0.479131,0.563444
2026-09-08T01:00:00Z,7d,21.708524,0.496545,0.501511
2026-09-08T02:00:00Z,7d,20.721009,0.43426,0.379783
2026-09-08T03:00:00Z,7d,28.103798,0.352438,0.30929
2026-09-08T04:00:00Z,7d,27.66432,0.315798,0.28638
2026-09-08T05:00:00Z,7d,27.086701,0.292558,0.263721
2026-09-08T06:00:00Z,7d,30.008435,0.284175,0.286883
2026-09-08T07:00:00Z,7d,22.129518,0.295874,0.369713
2026-09-08T08:00:00Z,7d,21.084673,0.302759,0.39791
2026-09-08T09:00:00Z,7d,18.578022,0.316962,0.435297
2026-09-08T10:00:00Z,7d,17.734086,0.339788,0.491692
2026-09-08T11:00:00Z,7d,14.755903,0.341164,0.500378
2026-09-08T12:00:00Z,7d,14.881077,0.364594,0.558409
2026-09-08T13:00:00Z,7d,14.977121,0.384993,0.591767
2026-09-08T14:00:00Z,7d,19.703665,0.396731,0.596047
2026-09-08T15:00:00Z,7d,15.648678,0.37067,0.554507
2026-09-08T16:00:00Z,7d,21.576982,0.389565,0.587739
2026-09-08T17:00:00Z,7d,33.178087,0.415977,0.580186
2026-09-08T18:00:00Z,7d,45.749397,0.478093,0.65647
2026-09-08T19:00:00Z,7d,207.180025,1.0,0.996098
2026-09-08T20:00:00Z,7d,184.501942,0.957124,1.0
2026-09-08T21:00:00Z,7d,32.194961,0.473835,0.686682
2026-09-08T22:00:00Z,7d,25.701944,0.471557,0.69499
2026-09-08T23:00:00Z,7d,31.663102,0.510568,0.64854
2026-09-09T00:00:00Z,7d,36.381885,0.529583,0.600579
2026-09-09T01:00:00Z,7d,34.976422,0.526959,0.515358
2026-09-09T02:00:00Z,7d,35.038006,0.466854,0.401057
2026-09-09T03:00:00Z,7d,32.552015,0.379212,0.310926
2026-09-09T04:00:00Z,7d,31.345413,0.351723,0.282603
2026-09-09T05:00:00Z,7d,27.02745,0.307346,0.276561
2026-09-09T06:00:00Z,7d,24.140974,0.291795,0.320242
2026-09-09T07:00:00Z,7d,24.83154,0.311001,0.365559
2026-09-09T08:00:00Z,7d,24.140777,0.321781,0.414149
2026-09-09T09:00:00Z,7d,26.214782,0.338198,0.458207
2026-09-09T10:00:00Z,7d,25.98211,0.35727,0.494335
2026-09-09T11:00:00Z,7d,19.205903,0.370791,0.509441
2026-09-09T12:00:00Z,7d,15.333141,0.381128,0.579305
2026-09-09T13:00:00Z,7d,10.714448,0.403566,0.605363
2026-09-09T14:00:00Z,7d,13.446703,0.40723,0.606118
2026-09-09T15:00:00Z,7d,11.648834,0.394869,0.567976
2026-09-09T16:00:00Z,7d,44.783449,0.504732,0.615181
2026-09-09T17:00:00Z,7d,112.684224,0.719132,0.746601
2026-09-09T18:00:00Z,7d,112.11518,0.727486,0.833585
2026-09-09T19:00:00Z,7d,67.603908,0.593333,0.714376
2026-09-09T20:00:00Z,7d,49.791835,0.567046,0.752014
2026-09-09T21:00:00Z,7d,-0.03768,0.393919,0.627895
2026-09-09T22:00:00Z,7d,8.12044,0.447663,0.670947
2026-09-09T23:00:00Z,7d,14.337176,0.501828,0.648666
2026-09-10T00:00:00Z,7d,17.276016,0.52952,0.57855
2026-09-10T01:00:00Z,7d,16.53473,0.515941,0.498364
2026-09-10T02:00:00Z,7d,18.485543,0.460281,0.365433
2026-09-10T03:00:00Z,7d,20.610515,0.380372,0.288394
2026-09-10T04:00:00Z,7d,27.182066,0.365448,0.274043
2026-09-10T05:00:00Z,7d,33.649789,0.330519,0.257049
2026-09-10T06:00:00Z,7d,28.948883,0.308217,0.294436
2026-09-10T07:00:00Z,7d,22.24664,0.31208,0.363545
2026-09-10T08:00:00Z,7d,22.350674,0.3224,0.394512
2026-09-10T09:00:00Z,7d,18.436126,0.334222,0.456067
2026-09-10T10:00:00Z,7d,13.607887,0.346046,0.482377
2026-09-10T11:00:00Z,7d,11.937689,0.358947,0.510826
2026-09-10T12:00:00Z,7d,16.667307,0.393144,0.553499
2026-09-10T13:00:00Z,7d,11.940766,0.401516,0.597558
2026-09-10T14:00:00Z,7d,9.523931,0.398795,0.591138
2026-09-10T15:00:00Z,7d,8.672145,0.381464,0.545821
2026-09-10T16:00:00Z,7d,10.835826,0.383168,0.551234
2026-09-10T17:00:00Z,7d,11.335345,0.390491,0.528323
2026-09-10T18:00:00Z,7d,13.124442,0.411125,0.597936
2026-09-10T19:00:00Z,7d,35.344824,0.485597,0.644512
2026-09-10T20:00:00Z,7d,35.700872,0.509955,0.685297
2026-09-10T21:00:00Z,7d,15.068307,0.439205,0.652568
2026-09-10T22:00:00Z,7d,12.327446,0.459357,0.660498
2026-09-10T23:00:00Z,7d,13.862862,0.499605,0.668303
2026-09-11T00:00:00Z,7d,20.265491,0.552156,0.624622
2026-09-11T01:00:00Z,7d,19.42805,0.564785,0.556143
2026-09-11T02:00:00Z,7d,23.314718,0.521303,0.453802
2026-09-11T03:00:00Z,7d,21.351872,0.412194,0.336984
2026-09-11T04:00:00Z,7d,21.037042,0.368177,0.293303
2026-09-11T05:00:00Z,7d,16.990175,0.318292,0.27933
2026-09-11T06:00:00Z,7d,24.102568,0.292099,0.280463
2026-09-11T07:00:00Z,7d,31.236318,0.29113,0.318857
2026-09-11T08:00:00Z,7d,22.7679,0.2919,0.354733
2026-09-11T09:00:00Z,7d,17.406502,0.307563,0.392497
2026-09-11T10:00:00Z,7d,11.637543,0.316468,0.412261
2026-09-11T11:00:00Z,7d,11.053936,0.312814,0.399043
2026-09-11T12:00:00Z,7d,6.894736,0.348971,0.498867
2026-09-11T13:00:00Z,7d,6.686281,0.381688,0.547583
2026-09-11T14:00:00Z,7d,7.57337,0.395741,0.553248
2026-09-11T15:00:00Z,7d,8.589184,0.381779,0.545443
2026-09-11T16:00:00Z,7d,8.164184,0.385742,0.562689
2026-09-11T17:00:00Z,7d,1.925775,0.366483,0.527568
2026-09-11T18:00:00Z,7d,0.492063,0.387413,0.572633
2026-09-11T19:00:00Z,7d,-53.655949,0.402203,0.587991
2026-09-11T20:00:00Z,7d,-36.812413,0.415556,0.639854
2026-09-11T21:00:00Z,7d,-0.646553,0.432851,0.647784
2026-09-11T22:00:00Z,7d,9.149012,0.449936,0.663268
2026-09-11T23:00:00Z,7d,10.785861,0.493681,0.664023
2026-09-12T00:00:00Z,7d,13.982695,0.526308,0.611279
2026-09-12T01:00:00Z,7d,11.935379,0.518622,0.524169
2026-09-12T02:00:00Z,7d,11.064304,0.447777,0.401561
2026-09-12T03:00:00Z,7d,11.798627,0.357398,0.31571
2026-09-12T04:00:00Z,7d,11.40232,0.332503,0.276435
2026-09-12T05:00:00Z,7d,7.037741,0.297069,0.266113
2026-09-12T06:00:00Z,7d,9.567651,0.280038,0.281848
2026-09-12T07:00:00Z,7d,9.627612,0.283762,0.324899
2026-09-12T08:00:00Z,7d,4.781416,0.28466,0.37072
2026-09-12T09:00:00Z,7d,5.685005,0.301814,0.407603
2026-09-12T10:00:00Z,7d,6.650417,0.325419,0.469285
2026-09-12T11:00:00Z,7d,1.303452,0.337644,0.502392
2026-09-12T12:00:00Z,7d,1.278251,0.37077,0.565081
2026-09-12T13:00:00Z,7d,-1.844605,0.386923,0.602467
2026-09-12T14:00:00Z,7d,-3.633872,0.449382,0.632679
2026-09-12T15:00:00Z,7d,-7.150558,0.434376,0.616566
2026-09-12T16:00:00Z,7d,-6.726427,0.396134,0.581445
2026-09-12T17:00:00Z,7d,0.4228,0.391412,0.578298
2026-09-12T18:00:00Z,7d,4.276264,0.413889,0.612538
2026-09-12T19:00:00Z,7d,61.20443,0.650179,0.785876
2026-09-12T20:00:00Z,7d,64.009999,0.660145,0.771777
2026-09-12T21:00:00Z,7d,6.329686,0.426457,0.660624
2026-09-12T22:00:00Z,7d,5.234068,0.440099,0.666289
2026-09-12T23:00:00Z,7d,6.876173,0.472411,0.673968
2026-09-13T00:00:00Z,7d,6.843251,0.484384,0.596928
2026-09-13T01:00:00Z,7d,4.307664,0.471995,0.482125
2026-09-13T02:00:00Z,7d,2.752162,0.397492,0.369587
2026-09-13T03:00:00Z,7d,3.745917,0.323105,0.283736
2026-09-13T04:00:00Z,7d,-2.483984,0.287647,0.268127
2026-09-13T05:00:00Z,7d,4.488363,0.278866,0.265358
2026-09-13T06:00:00Z,7d,-0.645501,0.264929,0.295317
2026-09-13T07:00:00Z,7d,5.738796,0.291901,0.375629
2026-09-13T08:00:00Z,7d,6.731535,0.305192,0.420947
2026-09-13T09:00:00Z,7d,7.339846,0.319046,0.45783
2026-09-13T10:00:00Z,7d,3.794675,0.332479,0.473817
2026-09-13T11:00:00Z,7d,2.378125,0.343064,0.496098
2026-09-13T12:00:00Z,7d,0.438913,0.363012,0.557528
2026-09-13T13:00:00Z,7d,-17.446872,0.396796,0.591138
2026-09-13T14:00:00Z,7d,-23.798539,0.495934,0.651435
2026-09-13T15:00:00Z,7d,-3.094132,0.537772,0.638469
2026-09-13T16:00:00Z,7d,-5.489119,0.483698,0.599698
2026-09-13T17:00:00Z,7d,,,0.551737
2026-08-14T18:00:00Z,30d,-9.55969,0.199869,0.400201
2026-08-14T19:00:00Z,30d,-64.584817,0.211266,0.429276
2026-08-14T20:00:00Z,30d,-67.657705,0.212359,0.425252
2026-08-14T21:00:00Z,30d,-24.477129,0.219704,0.462374
2026-08-14T22:00:00Z,30d,-11.983617,0.232445,0.474648
2026-08-14T23:00:00Z,30d,-11.551593,0.24903,0.482294
2026-08-15T00:00:00Z,30d,-9.776859,0.265587,0.452213
2026-08-15T01:00:00Z,30d,-10.112,0.260342,0.392254
2026-08-15T02:00:00Z,30d,-8.048937,0.218622,0.302817
2026-08-15T03:00:00Z,30d,-11.673653,0.177828,0.245674
2026-08-15T04:00:00Z,30d,-7.989575,0.164982,0.218008
2026-08-15T05:00:00Z,30d,-6.193446,0.145017,0.195473
2026-08-15T06:00:00Z,30d,-11.141497,0.135334,0.212173
2026-08-15T07:00:00Z,30d,-15.382215,0.140099,0.236821
2026-08-15T08:00:00Z,30d,-12.966862,0.144691,0.272233
2026-08-15T09:00:00Z,30d,-10.993007,0.157501,0.299899
2026-08-15T10:00:00Z,30d,-10.144755,0.170742,0.344668
2026-08-15T11:00:00Z,30d,-7.536345,0.184795,0.389336
2026-08-15T12:00:00Z,30d,-5.797373,0.195286,0.432897
2026-08-15T13:00:00Z,30d,-1.728085,0.213995,0.462575
2026-08-15T14:00:00Z,30d,-5.625437,0.214791,0.475755
2026-08-15T15:00:00Z,30d,-4.052358,0.209265,0.436922
2026-08-15T16:00:00Z,30d,3.618877,0.217548,0.456137
2026-08-15T17:00:00Z,30d,0.919131,0.214649,0.440141
2026-08-15T18:00:00Z,30d,-6.808806,0.18937,0.427666
2026-08-15T19:00:00Z,30d,-13.499418,0.19096,0.40493
2026-08-15T20:00:00Z,30d,-26.159228,0.189021,0.422636
2026-08-15T21:00:00Z,30d,-70.223571,0.195999,0.443058
2026-08-15T22:00:00Z,30d,-72.254239,0.204838,0.439437
2026-08-15T23:00:00Z,30d,-68.052158,0.220354,0.459759
2026-08-16T00:00:00Z,30d,-30.706733,0.228001,0.40493
2026-08-16T01:00:00Z,30d,-61.788594,0.226513,0.364185
2026-08-16T02:00:00Z,30d,-69.634166,0.173417,0.260765
2026-08-16T03:00:00Z,30d,-73.123771,0.149816,0.207746
2026-08-16T04:00:00Z,30d,-32.244411,0.134837,0.191449
2026-08-16T05:00:00Z,30d,-23.651785,0.122019,0.180684
2026-08-16T06:00:00Z,30d,-16.268274,0.122278,0.204125
2026-08-16T07:00:00Z,30d,-12.937772,0.136696,0.241348
2026-08-16T08:00:00Z,30d,-10.54004,0.147085,0.313179
2026-08-16T09:00:00Z,30d,-6.590293,0.158007,0.338833
2026-08-16T10:00:00Z,30d,-7.176594,0.16818,0.36992
2026-08-16T11:00:00Z,30d,-6.835945,0.175673,0.390241
2026-08-16T12:00:00Z,30d,-7.54705,0.183123,0.411871
2026-08-16T13:00:00Z,30d,-3.602214,0.201966,0.453722
2026-08-16T14:00:00Z,30d,30.623521,0.270635,0.517505
2026-08-16T15:00:00Z,30d,35.976018,0.277073,0.488531
2026-08-16T16:00:00Z,30d,16.756857,0.237926,0.445372
2026-08-16T17:00:00Z,30d,-5.130803,0.187419,0.413481
2026-08-16T18:00:00Z,30d,-4.721138,0.182488,0.403622
2026-08-16T19:00:00Z,30d,-2.839401,0.195254,0.441247
2026-08-16T20:00:00Z,30d,-7.988568,0.191176,0.429175
2026-08-16T21:00:00Z,30d,-29.905255,0.155379,0.392052
2026-08-16T22:00:00Z,30d,-29.917067,0.163917,0.380382
2026-08-16T23:00:00Z,30d,-34.551198,0.166117,0.379577
2026-08-17T00:00:00Z,30d,-36.24269,0.170176,0.347082
2026-08-17T01:00:00Z,30d,-35.818794,0.16156,0.283602
2026-08-17T02:00:00Z,30d,-34.45664,0.141637,0.227968
2026-08-17T03:00:00Z,30d,-33.537103,0.123273,0.191247
2026-08-17T04:00:00Z,30d,-27.806269,0.11703,0.168511
2026-08-17T05:00:00Z,30d,-26.753035,0.106564,0.165091
2026-08-17T06:00:00Z,30d,-21.152258,0.111053,0.188632
2026-08-17T07:00:00Z,30d,-19.080592,0.123293,0.236318
2026-08-17T08:00:00Z,30d,-22.757323,0.124053,0.277867
2026-08-17T09:00:00Z,30d,-31.513921,0.116901,0.265191
2026-08-17T10:00:00Z,30d,-34.206036,0.12013,0.267203
2026-08-17T11:00:00Z,30d,-32.526271,0.128261,0.280785
2026-08-17T12:00:00Z,30d,-29.555598,0.138223,0.295674
2026-08-17T13:00:00Z,30d,-35.319707,0.132883,0.30664
2026-08-17T14:00:00Z,30d,-35.345644,0.131568,0.30996
2026-08-17T15:00:00Z,30d,-28.261165,0.141371,0.303924
2026-08-17T16:00:00Z,30d,25.794551,0.144018,0.302314
2026-08-17T17:00:00Z,30d,2.918435,0.142316,0.314688
2026-08-17T18:00:00Z,30d,-22.141765,0.146787,0.327867
2026-08-17T19:00:00Z,30d,-22.880166,0.15407,0.356539
2026-08-17T20:00:00Z,30d,-17.172485,0.16794,0.380986
2026-08-17T21:00:00Z,30d,-16.344888,0.181072,0.401408
2026-08-17T22:00:00Z,30d,-18.981049,0.187983,0.413682
2026-08-17T23:00:00Z,30d,-12.45836,0.217408,0.414487
2026-08-18T00:00:00Z,30d,-15.665882,0.22103,0.38169
2026-08-18T01:00:00Z,30d,-17.310144,0.217944,0.32505
2026-08-18T02:00:00Z,30d,-10.387504,0.191296,0.274648
2026-08-18T03:00:00Z,30d,-16.611855,0.15139,0.199296
2026-08-18T04:00:00Z,30d,-12.869243,0.138915,0.191046
2026-08-18T05:00:00Z,30d,-6.425417,0.130588,0.184909
2026-08-18T06:00:00Z,30d,-9.124173,0.126125,0.198089
2026-08-18T07:00:00Z,30d,-9.615139,0.138653,0.244567
2026-08-18T08:00:00Z,30d,-6.921304,0.148209,0.299799
2026-08-18T09:00:00Z,30d,-7.061173,0.157587,0.330382
2026-08-18T10:00:00Z,30d,-2.393654,0.171569,0.36841
2026-08-18T11:00:00Z,30d,-0.678334,0.181417,0.392757
2026-08-18T12:00:00Z,30d,-0.278681,0.189906,0.427465
2026-08-18T13:00:00Z,30d,-1.889226,0.198233,0.440744
2026-08-18T14:00:00Z,30d,-2.558556,0.200821,0.444668
2026-08-18T15:00:00Z,30d,-3.168125,0.193696,0.403119
2026-08-18T16:00:00Z,30d,-3.503028,0.190674,0.412072
2026-08-18T17:00:00Z,30d,-10.333848,0.182229,0.417907
2026-08-18T18:00:00Z,30d,-23.997209,0.188267,0.416499
2026-08-18T19:00:00Z,30d,-79.357169,0.198282,0.410865
2026-08-18T20:00:00Z,30d,-78.853396,0.211466,0.455835
2026-08-18T21:00:00Z,30d,-26.665375,0.220064,0.467907
2026-08-18T22:00:00Z,30d,-5.534022,0.229554,0.472837
2026-08-18T23:00:00Z,30d,-6.245637,0.236522,0.455936
2026-08-19T00:00:00Z,30d,-6.081469,0.243258,0.437726
2026-08-19T01:00:00Z,30d,-3.788229,0.241583,0.360865
2026-08-19T02:00:00Z,30d,2.121483,0.211831,0.294064
2026-08-19T03:00:00Z,30d,-3.660087,0.170674,0.2334
2026-08-19T04:00:00Z,30d,-1.023927,0.15821,0.212374
2026-08-19T05:00:00Z,30d,-2.18481,0.140834,0.195775
2026-08-19T06:00:00Z,30d,0.69171,0.136232,0.230483
2026-08-19T07:00:00Z,30d,3.285644,0.153754,0.284507
2026-08-19T08:00:00Z,30d,0.987497,0.157728,0.320926
2026-08-19T09:00:00Z,30d,1.408635,0.169279,0.336318
2026-08-19T10:00:00Z,30d,-0.403145,0.180582,0.357042
2026-08-19T11:00:00Z,30d,-2.474816,0.183118,0.387425
2026-08-19T12:00:00Z,30d,-2.692984,0.194423,0.412978
2026-08-19T13:00:00Z,30d,2.610646,0.210366,0.465996
2026-08-19T14:00:00Z,30d,1.680362,0.208631,0.468511
2026-08-19T15:00:00Z,30d,1.464508,0.199211,0.437726
2026-08-19T16:00:00Z,30d,1.201677,0.198362,0.430785
2026-08-19T17:00:00Z,30d,0.410133,0.195729,0.437425
2026-08-19T18:00:00Z,30d,-6.390061,0.220426,0.469819
2026-08-19T19:00:00Z,30d,-46.505274,0.238986,0.484004
2026-08-19T20:00:00Z,30d,-66.906118,0.229744,0.487425
2026-08-19T21:00:00Z,30d,86.753932,0.224567,0.507545
2026-08-19T22:00:00Z,30d,13.209453,0.23343,0.489537
2026-08-19T23:00:00Z,30d,-5.711516,0.237983,0.480382
2026-08-20T00:00:00Z,30d,-2.992388,0.247442,0.430382
2026-08-20T01:00:00Z,30d,-0.070797,0.24027,0.382998
2026-08-20T02:00:00Z,30d,2.25633,0.203221,0.313783
2026-08-20T03:00:00Z,30d,-0.562949,0.171775,0.232193
2026-08-20T04:00:00Z,30d,3.453977,0.156884,0.198893
2026-08-20T05:00:00Z,30d,7.734878,0.14747,0.207042
2026-08-20T06:00:00Z,30d,3.603249,0.138928,0.220423
2026-08-20T07:00:00Z,30d,4.266963,0.148223,0.269115
2026-08-20T08:00:00Z,30d,9.531359,0.160901,0.294064
2026-08-20T09:00:00Z,30d,9.35006,0.169259,0.325855
2026-08-20T10:00:00Z,30d,6.970509,0.177208,0.374044
2026-08-20T11:00:00Z,30d,9.561556,0.190676,0.37334
2026-08-20T12:00:00Z,30d,10.628024,0.209194,0.405835
2026-08-20T13:00:00Z,30d,5.912512,0.215906,0.446982
2026-08-20T14:00:00Z,30d,4.322286,0.214711,0.44326
2026-08-20T15:00:00Z,30d,8.0559,0.205233,0.407344
2026-08-20T16:00:00Z,30d,7.801421,0.20429,0.407243
2026-08-20T17:00:00Z,30d,9.415697,0.201978,0.394668
2026-08-20T18:00:00Z,30d,13.375901,0.198182,0.403722
2026-08-20T19:00:00Z,30d,10.298144,0.204056,0.424648
2026-08-20T20:00:00Z,30d,4.222942,0.200809,0.411972
2026-08-20T21:00:00Z,30d,-2.755595,0.196552,0.404628
2026-08-20T22:00:00Z,30d,-3.365772,0.206861,0.425151
2026-08-20T23:00:00Z,30d,2.508687,0.233981,0.428873
2026-08-21T00:00:00Z,30d,3.222464,0.247273,0.449698
2026-08-21T01:00:00Z,30d,-0.521674,0.239444,0.381388
2026-08-21T02:00:00Z,30d,2.936253,0.215417,0.302716
2026-08-21T03:00:00Z,30d,6.768183,0.18868,0.250503
2026-08-21T04:00:00Z,30d,19.219994,0.174612,0.223239
2026-08-21T05:00:00Z,30d,29.124537,0.16,0.200604
2026-08-21T06:00:00Z,30d,22.778457,0.146103,0.208451
2026-08-21T07:00:00Z,30d,15.472313,0.141124,0.22998
2026-08-21T08:00:00Z,30d,20.400151,0.157793,0.244668
2026-08-21T09:00:00Z,30d,17.407082,0.169437,0.280584
2026-08-21T10:00:00Z,30d,10.699213,0.171872,0.310664
2026-08-21T11:00:00Z,30d,6.877115,0.164368,0.298994
2026-08-21T12:00:00Z,30d,5.047571,0.187733,0.388531
2026-08-21T13:00:00Z,30d,9.484312,0.215329,0.431489
2026-08-21T14:00:00Z,30d,10.541863,0.223691,0.441952
2026-08-21T15:00:00Z,30d,6.297004,0.207716,0.411469
2026-08-21T16:00:00Z,30d,8.980112,0.207434,0.418109
2026-08-21T17:00:00Z,30d,13.768842,0.207466,0.424447
2026-08-21T18:00:00Z,30d,17.238533,0.211193,0.432998
2026-08-21T19:00:00Z,30d,37.673665,0.260275,0.486922
2026-08-21T20:00:00Z,30d,36.753661,0.260433,0.491851
2026-08-21T21:00:00Z,30d,8.050908,0.223325,0.473441
2026-08-21T22:00:00Z,30d,16.015629,0.230266,0.496177
2026-08-21T23:00:00Z,30d,40.764726,0.247577,0.485714
2026-08-22T00:00:00Z,30d,44.682471,0.267763,0.480181
2026-08-22T01:00:00Z,30d,47.212196,0.263061,0.39326
2026-08-22T02:00:00Z,30d,33.698565,0.210306,0.2834
2026-08-22T03:00:00Z,30d,11.615224,0.147297,0.195875
2026-08-22T04:00:00Z,30d,23.205717,0.140755,0.18159
2026-08-22T05:00:00Z,30d,10.565194,0.114808,0.155634
2026-08-22T06:00:00Z,30d,6.771612,0.110671,0.174648
2026-08-22T07:00:00Z,30d,10.336176,0.125118,0.21499
2026-08-22T08:00:00Z,30d,7.713935,0.129128,0.25332
2026-08-22T09:00:00Z,30d,12.079374,0.145821,0.294869
2026-08-22T10:00:00Z,30d,11.615746,0.159069,0.344567
2026-08-22T11:00:00Z,30d,34.304484,0.201308,0.41841
2026-08-22T12:00:00Z,30d,55.077163,0.250151,0.463581
2026-08-22T13:00:00Z,30d,40.280913,0.247147,0.491952
2026-08-22T14:00:00Z,30d,15.556143,0.213062,0.440744
2026-08-22T15:00:00Z,30d,22.638335,0.211482,0.438531
2026-08-22T16:00:00Z,30d,25.81322,0.218147,0.442455
2026-08-22T17:00:00Z,30d,26.716667,0.215413,0.434406
2026-08-22T18:00:00Z,30d,33.051803,0.21106,0.417404
2026-08-22T19:00:00Z,30d,96.917692,0.3473,0.522233
2026-08-22T20:00:00Z,30d,108.319759,0.435343,0.59004
2026-08-22T21:00:00Z,30d,-24.959395,0.380232,0.592757
2026-08-22T22:00:00Z,30d,-59.353737,0.21943,0.474447
2026-08-22T23:00:00Z,30d,-11.7497,0.239227,0.4833
2026-08-23T00:00:00Z,30d,21.68239,0.249282,0.451911
2026-08-23T01:00:00Z,30d,28.625122,0.24641,0.377666
2026-08-23T02:00:00Z,30d,33.780379,0.21931,0.309859
2026-08-23T03:00:00Z,30d,27.766866,0.175269,0.240342
2026-08-23T04:00:00Z,30d,33.676631,0.165221,0.226861
2026-08-23T05:00:00Z,30d,27.785045,0.146042,0.210765
2026-08-23T06:00:00Z,30d,25.0617,0.144487,0.221429
2026-08-23T07:00:00Z,30d,21.193828,0.155469,0.288934
2026-08-23T08:00:00Z,30d,11.694154,0.158176,0.328471
2026-08-23T09:00:00Z,30d,11.386747,0.172651,0.345674
2026-08-23T10:00:00Z,30d,10.713203,0.178604,0.38169
2026-08-23T11:00:00Z,30d,12.399291,0.18706,0.405231
2026-08-23T12:00:00Z,30d,18.689824,0.204648,0.449799
2026-08-23T13:00:00Z,30d,44.67667,0.266227,0.503521
2026-08-23T14:00:00Z,30d,46.226388,0.269537,0.492857
2026-08-23T15:00:00Z,30d,46.60634,0.255915,0.455634
2026-08-23T16:00:00Z,30d,76.450157,0.285805,0.464286
2026-08-23T17:00:00Z,30d,53.404721,0.253938,0.449296
2026-08-23T18:00:00Z,30d,-9.109624,0.215895,0.439034
2026-08-23T19:00:00Z,30d,-59.21351,0.357673,0.557344
2026-08-23T20:00:00Z,30d,-47.327974,0.445821,0.645573
2026-08-23T21:00:00Z,30d,-67.451462,0.32378,0.551006
2026-08-23T22:00:00Z,30d,-58.142716,0.220535,0.478672
2026-08-23T23:00:00Z,30d,0.510095,0.237093,0.473239
2026-08-24T00:00:00Z,30d,4.405649,0.251453,0.440946
2026-08-24T01:00:00Z,30d,3.306186,0.247073,0.36841
2026-08-24T02:00:00Z,30d,5.239013,0.208591,0.289537
2026-08-24T03:00:00Z,30d,-2.81392,0.167635,0.237726
2026-08-24T04:00:00Z,30d,6.799685,0.15503,0.214286
2026-08-24T05:00:00Z,30d,15.297343,0.141923,0.203219
2026-08-24T06:00:00Z,30d,9.630483,0.133928,0.20332
2026-08-24T07:00:00Z,30d,12.963805,0.145451,0.267103
2026-08-24T08:00:00Z,30d,10.084944,0.155336,0.320926
2026-08-24T09:00:00Z,30d,8.60119,0.163246,0.33672
2026-08-24T10:00:00Z,30d,9.941278,0.176265,0.374648
2026-08-24T11:00:00Z,30d,8.701352,0.183092,0.393662
2026-08-24T12:00:00Z,30d,5.642075,0.19102,0.424849
2026-08-24T13:00:00Z,30d,8.084404,0.206811,0.461972
2026-08-24T14:00:00Z,30d,6.205517,0.207091,0.438431
2026-08-24T15:00:00Z,30d,5.531663,0.196046,0.420121
2026-08-24T16:00:00Z,30d,0.970566,0.187562,0.401811
2026-08-24T17:00:00Z,30d,4.036499,0.185968,0.422938
2026-08-24T18:00:00Z,30d,11.843312,0.1895,0.419014
2026-08-24T19:00:00Z,30d,37.141253,0.24888,0.452616
2026-08-24T20:00:00Z,30d,40.339312,0.2618,0.490946
2026-08-24T21:00:00Z,30d,8.360186,0.211746,0.451911
2026-08-24T22:00:00Z,30d,6.8153,0.218468,0.471227
2026-08-24T23:00:00Z,30d,5.824845,0.232245,0.456841
2026-08-25T00:00:00Z,30d,5.071922,0.241286,0.452213
2026-08-25T01:00:00Z,30d,4.467689,0.239374,0.389336
2026-08-25T02:00:00Z,30d,9.825351,0.213842,0.320825
2026-08-25T03:00:00Z,30d,-0.710541,0.165483,0.238431
2026-08-25T04:00:00Z,30d,4.851558,0.153619,0.228873
2026-08-25T05:00:00Z,30d,10.286609,0.13692,0.196076
2026-08-25T06:00:00Z,30d,6.377947,0.128709,0.201408
2026-08-25T07:00:00Z,30d,3.667129,0.137521,0.238129
2026-08-25T08:00:00Z,30d,-0.922154,0.138471,0.26831
2026-08-25T09:00:00Z,30d,0.05817,0.151578,0.312877
2026-08-25T10:00:00Z,30d,5.597522,0.164348,0.344869
2026-08-25T11:00:00Z,30d,7.105635,0.170823,0.391046
2026-08-25T12:00:00Z,30d,7.597103,0.18338,0.429175
2026-08-25T13:00:00Z,30d,8.483922,0.196013,0.451911
2026-08-25T14:00:00Z,30d,8.636852,0.198839,0.448189
2026-08-25T15:00:00Z,30d,11.860249,0.194941,0.42334
2026-08-25T16:00:00Z,30d,11.410838,0.194041,0.415091
2026-08-25T17:00:00Z,30d,5.421268,0.182581,0.395473
2026-08-25T18:00:00Z,30d,14.07979,0.188529,0.415392
2026-08-25T19:00:00Z,30d,16.335142,0.204015,0.470423
2026-08-25T20:00:00Z,30d,19.280352,0.209725,0.471026
2026-08-25T21:00:00Z,30d,11.734352,0.210038,0.457847
2026-08-25T22:00:00Z,30d,10.018926,0.217515,0.486419
2026-08-25T23:00:00Z,30d,6.221598,0.231802,0.471328
2026-08-26T00:00:00Z,30d,3.114431,0.237407,0.45171
2026-08-26T01:00:00Z,30d,13.643376,0.240337,0.380885
2026-08-26T02:00:00Z,30d,10.442249,0.209952,0.294769
2026-08-26T03:00:00Z,30d,5.879427,0.171148,0.237827
2026-08-26T04:00:00Z,30d,9.277719,0.159844,0.218511
2026-08-26T05:00:00Z,30d,16.579997,0.145804,0.197284
2026-08-26T06:00:00Z,30d,16.835945,0.13753,0.227062
2026-08-26T07:00:00Z,30d,21.398143,0.151688,0.277465
2026-08-26T08:00:00Z,30d,14.981071,0.155971,0.305332
2026-08-26T09:00:00Z,30d,14.399948,0.163128,0.341851
2026-08-26T10:00:00Z,30d,18.104818,0.176408,0.396982
2026-08-26T11:00:00Z,30d,21.809909,0.188228,0.409256
2026-08-26T12:00:00Z,30d,15.960361,0.199529,0.444567
2026-08-26T13:00:00Z,30d,10.695448,0.207614,0.467103
2026-08-26T14:00:00Z,30d,12.657894,0.21492,0.46841
2026-08-26T15:00:00Z,30d,7.21739,0.194861,0.434909
2026-08-26T16:00:00Z,30d,10.498956,0.19174,0.42163
2026-08-26T17:00:00Z,30d,14.154089,0.19935,0.42666
2026-08-26T18:00:00Z,30d,28.02459,0.207094,0.455231
2026-08-26T19:00:00Z,30d,176.961891,0.465506,0.651308
2026-08-26T20:00:00Z,30d,192.114022,0.508473,0.682696
2026-08-26T21:00:00Z,30d,22.319201,0.230181,0.490543
2026-08-26T22:00:00Z,30d,15.429368,0.229651,0.494366
2026-08-26T23:00:00Z,30d,11.040961,0.240621,0.482093
2026-08-27T00:00:00Z,30d,13.421069,0.251958,0.457746
2026-08-27T01:00:00Z,30d,15.703914,0.249645,0.378571
2026-08-27T02:00:00Z,30d,14.107537,0.211247,0.307344
2026-08-27T03:00:00Z,30d,5.233799,0.170444,0.247586
2026-08-27T04:00:00Z,30d,15.252982,0.162445,0.232998
2026-08-27T05:00:00Z,30d,31.339286,0.145619,0.214789
2026-08-27T06:00:00Z,30d,31.69816,0.144887,0.219819
2026-08-27T07:00:00Z,30d,29.027099,0.153889,0.254125
2026-08-27T08:00:00Z,30d,25.410718,0.160567,0.301308
2026-08-27T09:00:00Z,30d,20.35461,0.168685,0.339135
2026-08-27T10:00:00Z,30d,18.936946,0.178315,0.386519
2026-08-27T11:00:00Z,30d,19.591788,0.19227,0.421831
2026-08-27T12:00:00Z,30d,16.806078,0.201096,0.445372
2026-08-27T13:00:00Z,30d,16.661165,0.212772,0.45835
2026-08-27T14:00:00Z,30d,15.117058,0.211218,0.472435
2026-08-27T15:00:00Z,30d,13.289372,0.199427,0.433903
2026-08-27T16:00:00Z,30d,30.516785,0.203026,0.428773
2026-08-27T17:00:00Z,30d,21.741561,0.191282,0.402414
2026-08-27T18:00:00Z,30d,37.261028,0.211954,0.455835
2026-08-27T19:00:00Z,30d,188.259472,0.480063,0.670523
2026-08-27T20:00:00Z,30d,194.774681,0.521064,0.660161
2026-08-27T21:00:00Z,30d,33.558576,0.251254,0.501911
2026-08-27T22:00:00Z,30d,14.871442,0.228212,0.488431
2026-08-27T23:00:00Z,30d,17.53499,0.247472,0.484406
2026-08-28T00:00:00Z,30d,13.211311,0.261455,0.460765
2026-08-28T01:00:00Z,30d,19.857635,0.273115,0.431791
2026-08-28T02:00:00Z,30d,30.31327,0.249737,0.342153
2026-08-28T03:00:00Z,30d,38.078482,0.204603,0.291348
2026-08-28T04:00:00Z,30d,39.239533,0.18122,0.238833
2026-08-28T05:00:00Z,30d,42.10736,0.15903,0.194064
2026-08-28T06:00:00Z,30d,36.955146,0.142969,0.197988
2026-08-28T07:00:00Z,30d,29.674501,0.142837,0.213883
2026-08-28T08:00:00Z,30d,24.884895,0.141649,0.243863
2026-08-28T09:00:00Z,30d,23.813378,0.157123,0.288129
2026-08-28T10:00:00Z,30d,20.321758,0.164646,0.31006
2026-08-28T11:00:00Z,30d,19.729176,0.162996,0.320724
2026-08-28T12:00:00Z,30d,21.923384,0.190155,0.408551
2026-08-28T13:00:00Z,30d,17.995201,0.209613,0.454326
2026-08-28T14:00:00Z,30d,15.739036,0.2153,0.451509
2026-08-28T15:00:00Z,30d,20.222168,0.208406,0.425453
2026-08-28T16:00:00Z,30d,17.690069,0.204273,0.444668
2026-08-28T17:00:00Z,30d,23.742894,0.206826,0.415292
2026-08-28T18:00:00Z,30d,51.816162,0.233023,0.473441
2026-08-28T19:00:00Z,30d,89.893371,0.273757,0.506942
2026-08-28T20:00:00Z,30d,98.378243,0.287175,0.506338
2026-08-28T21:00:00Z,30d,38.300013,0.225487,0.512475
2026-08-28T22:00:00Z,30d,35.319003,0.233047,0.505231
2026-08-28T23:00:00Z,30d,30.753497,0.251839,0.497988
2026-08-29T00:00:00Z,30d,33.788308,0.268299,0.452213
2026-08-29T01:00:00Z,30d,33.090061,0.265925,0.404427
2026-08-29T02:00:00Z,30d,38.43995,0.234667,0.306338
2026-08-29T03:00:00Z,30d,22.113672,0.182392,0.233602
2026-08-29T04:00:00Z,30d,26.705486,0.170597,0.215996
2026-08-29T05:00:00Z,30d,33.105893,0.149216,0.190141
2026-08-29T06:00:00Z,30d,30.940787,0.140453,0.199396
2026-08-29T07:00:00Z,30d,25.171454,0.140367,0.236821
2026-08-29T08:00:00Z,30d,23.006542,0.150049,0.281087
2026-08-29T09:00:00Z,30d,26.801376,0.163937,0.327465
2026-08-29T10:00:00Z,30d,17.347486,0.175381,0.354125
2026-08-29T11:00:00Z,30d,18.699197,0.192467,0.387223
2026-08-29T12:00:00Z,30d,31.771796,0.223056,0.436922
2026-08-29T13:00:00Z,30d,28.708675,0.235669,0.458853
2026-08-29T14:00:00Z,30d,10.110733,0.212598,0.448692
2026-08-29T15:00:00Z,30d,23.146176,0.210282,0.429175
2026-08-29T16:00:00Z,30d,30.11078,0.222075,0.435614
2026-08-29T17:00:00Z,30d,32.115866,0.218807,0.4334
2026-08-29T18:00:00Z,30d,38.340481,0.223885,0.460362
2026-08-29T19:00:00Z,30d,37.92861,0.231278,0.462475
2026-08-29T20:00:00Z,30d,44.780958,0.246083,0.48008
2026-08-29T21:00:00Z,30d,31.474502,0.240114,0.483803
2026-08-29T22:00:00Z,30d,20.214896,0.235044,0.486419
2026-08-29T23:00:00Z,30d,18.939349,0.253367,0.503722
2026-08-30T00:00:00Z,30d,17.304633,0.260706,0.447887
2026-08-30T01:00:00Z,30d,11.650298,0.250294,0.358853
2026-08-30T02:00:00Z,30d,15.755305,0.226898,0.302012
2026-08-30T03:00:00Z,30d,8.330095,0.184072,0.252113
2026-08-30T04:00:00Z,30d,19.000032,0.169333,0.212072
2026-08-30T05:00:00Z,30d,19.460007,0.148127,0.197988
2026-08-30T06:00:00Z,30d,18.532167,0.144871,0.207243
2026-08-30T07:00:00Z,30d,18.11476,0.154876,0.273843
2026-08-30T08:00:00Z,30d,16.165859,0.163635,0.31328
2026-08-30T09:00:00Z,30d,12.772952,0.166858,0.333199
2026-08-30T10:00:00Z,30d,15.70355,0.180102,0.372334
2026-08-30T11:00:00Z,30d,16.583558,0.187623,0.404427
2026-08-30T12:00:00Z,30d,17.61803,0.208006,0.44336
2026-08-30T13:00:00Z,30d,43.578534,0.263562,0.51338
2026-08-30T14:00:00Z,30d,43.297516,0.262278,0.505332
2026-08-30T15:00:00Z,30d,91.234568,0.32988,0.519215
2026-08-30T16:00:00Z,30d,98.365975,0.3431,0.515091
2026-08-30T17:00:00Z,30d,31.07234,0.218017,0.445875
2026-08-30T18:00:00Z,30d,26.149964,0.201894,0.448893
2026-08-30T19:00:00Z,30d,24.044688,0.21315,0.445573
2026-08-30T20:00:00Z,30d,24.830578,0.219302,0.470423
2026-08-30T21:00:00Z,30d,20.297089,0.224463,0.489437
2026-08-30T22:00:00Z,30d,20.762315,0.236186,0.491046
2026-08-30T23:00:00Z,30d,-2.212879,0.205645,0.406539
2026-08-31T00:00:00Z,30d,-15.554594,0.182221,0.343763
2026-08-31T01:00:00Z,30d,-18.854877,0.176115,0.277062
2026-08-31T02:00:00Z,30d,-13.68774,0.158294,0.231992
2026-08-31T03:00:00Z,30d,-13.085652,0.136553,0.195976
2026-08-31T04:00:00Z,30d,-7.706741,0.132983,0.181187
2026-08-31T05:00:00Z,30d,-3.857949,0.120572,0.172535
2026-08-31T06:00:00Z,30d,-3.488829,0.11985,0.184507
2026-08-31T07:00:00Z,30d,3.251912,0.134641,0.241247
2026-08-31T08:00:00Z,30d,-1.713085,0.13891,0.270724
2026-08-31T09:00:00Z,30d,-4.96708,0.145468,0.292254
2026-08-31T10:00:00Z,30d,-4.400278,0.15477,0.322535
2026-08-31T11:00:00Z,30d,0.259146,0.168942,0.349296
2026-08-31T12:00:00Z,30d,0.407058,0.181878,0.398893
2026-08-31T13:00:00Z,30d,-1.625793,0.187918,0.407143
2026-08-31T14:00:00Z,30d,-1.217374,0.189292,0.410865
2026-08-31T15:00:00Z,30d,1.915056,0.183577,0.388531
2026-08-31T16:00:00Z,30d,8.147908,0.190747,0.408954
2026-08-31T17:00:00Z,30d,6.382235,0.18382,0.396076
2026-08-31T18:00:00Z,30d,28.356535,0.201798,0.426861
2026-08-31T19:00:00Z,30d,109.573178,0.350093,0.553521
2026-08-31T20:00:00Z,30d,149.497049,0.437772,0.610765
2026-08-31T21:00:00Z,30d,87.021416,0.361575,0.56992
2026-08-31T22:00:00Z,30d,6.63493,0.21636,0.472032
2026-08-31T23:00:00Z,30d,8.483096,0.235019,0.4667
2026-09-01T00:00:00Z,30d,9.890111,0.241722,0.429779
2026-09-01T01:00:00Z,30d,7.377369,0.240132,0.355734
2026-09-01T02:00:00Z,30d,11.194686,0.211729,0.291952
2026-09-01T03:00:00Z,30d,-0.610831,0.161932,0.223441
2026-09-01T04:00:00Z,30d,1.488495,0.145597,0.206036
2026-09-01T05:00:00Z,30d,6.937958,0.135495,0.199296
2026-09-01T06:00:00Z,30d,4.069611,0.128655,0.22334
2026-09-01T07:00:00Z,30d,11.228196,0.142593,0.273239
2026-09-01T08:00:00Z,30d,7.226267,0.147171,0.299195
2026-09-01T09:00:00Z,30d,5.969503,0.157331,0.339235
2026-09-01T10:00:00Z,30d,8.919142,0.169871,0.380181
2026-09-01T11:00:00Z,30d,8.402046,0.174985,0.398692
2026-09-01T12:00:00Z,30d,13.271577,0.186799,0.445775
2026-09-01T13:00:00Z,30d,9.904769,0.197085,0.47002
2026-09-01T14:00:00Z,30d,7.879667,0.195075,0.456338
2026-09-01T15:00:00Z,30d,10.135305,0.188651,0.435513
2026-09-01T16:00:00Z,30d,9.643823,0.1886,0.420221
2026-09-01T17:00:00Z,30d,9.030384,0.183844,0.42505
2026-09-01T18:00:00Z,30d,21.708771,0.193072,0.431791
2026-09-01T19:00:00Z,30d,21.961091,0.191611,0.444869
2026-09-01T20:00:00Z,30d,19.378485,0.198014,0.462676
2026-09-01T21:00:00Z,30d,17.34784,0.210972,0.47998
2026-09-01T22:00:00Z,30d,36.206631,0.220803,0.498893
2026-09-01T23:00:00Z,30d,19.365375,0.228246,0.482294
2026-09-02T00:00:00Z,30d,8.018356,0.228555,0.432193
2026-09-02T01:00:00Z,30d,9.769118,0.22979,0.388833
2026-09-02T02:00:00Z,30d,11.936271,0.203488,0.292455
2026-09-02T03:00:00Z,30d,8.213803,0.168387,0.241147
2026-09-02T04:00:00Z,30d,8.71742,0.157615,0.219517
2026-09-02T05:00:00Z,30d,12.867793,0.142411,0.211469
2026-09-02T06:00:00Z,30d,13.658576,0.138349,0.226761
2026-09-02T07:00:00Z,30d,9.29481,0.146639,0.292757
2026-09-02T08:00:00Z,30d,2.789138,0.152566,0.324145
2026-09-02T09:00:00Z,30d,13.109622,0.157715,0.337425
2026-09-02T10:00:00Z,30d,24.039789,0.166917,0.367706
2026-09-02T11:00:00Z,30d,25.092238,0.183081,0.423038
2026-09-02T12:00:00Z,30d,21.470722,0.194505,0.445372
2026-09-02T13:00:00Z,30d,22.604829,0.214547,0.479678
2026-09-02T14:00:00Z,30d,16.759487,0.211281,0.465493
2026-09-02T15:00:00Z,30d,18.550928,0.208167,0.452113
2026-09-02T16:00:00Z,30d,16.795984,0.205189,0.435312
2026-09-02T17:00:00Z,30d,11.023142,0.199015,0.446982
2026-09-02T18:00:00Z,30d,13.4636,0.201867,0.470221
2026-09-02T19:00:00Z,30d,25.507136,0.208366,0.453421
2026-09-02T20:00:00Z,30d,39.403814,0.222814,0.471127
2026-09-02T21:00:00Z,30d,37.071835,0.231944,0.49497
2026-09-02T22:00:00Z,30d,30.448708,0.2437,0.512173
2026-09-02T23:00:00Z,30d,25.245241,0.258333,0.49668
2026-09-03T00:00:00Z,30d,18.558742,0.265758,0.465996
2026-09-03T01:00:00Z,30d,7.298685,0.26059,0.408149
2026-09-03T02:00:00Z,30d,3.459479,0.22865,0.334205
2026-09-03T03:00:00Z,30d,1.331126,0.185625,0.252213
2026-09-03T04:00:00Z,30d,2.280681,0.169127,0.239235
2026-09-03T05:00:00Z,30d,1.303711,0.145559,0.216499
2026-09-03T06:00:00Z,30d,0.804581,0.140686,0.22666
2026-09-03T07:00:00Z,30d,3.695826,0.150259,0.271529
2026-09-03T08:00:00Z,30d,1.277284,0.155096,0.315392
2026-09-03T09:00:00Z,30d,11.262445,0.166098,0.326258
2026-09-03T10:00:00Z,30d,17.994958,0.179282,0.38008
2026-09-03T11:00:00Z,30d,22.85102,0.188741,0.410563
2026-09-03T12:00:00Z,30d,18.489782,0.198342,0.43662
2026-09-03T13:00:00Z,30d,18.359544,0.211119,0.481187
2026-09-03T14:00:00Z,30d,15.988376,0.214316,0.480483
2026-09-03T15:00:00Z,30d,17.500935,0.206608,0.453521
2026-09-03T16:00:00Z,30d,15.693483,0.20348,0.440342
2026-09-03T17:00:00Z,30d,17.187791,0.206438,0.427264
2026-09-03T18:00:00Z,30d,24.679932,0.21391,0.446076
2026-09-03T19:00:00Z,30d,20.045338,0.211177,0.461368
2026-09-03T20:00:00Z,30d,24.401013,0.221188,0.509658
2026-09-03T21:00:00Z,30d,16.318229,0.224659,0.490342
2026-09-03T22:00:00Z,30d,15.26759,0.240701,0.511167
2026-09-03T23:00:00Z,30d,15.750978,0.25826,0.508652
2026-09-04T00:00:00Z,30d,15.5545,0.27023,0.480181
2026-09-04T01:00:00Z,30d,28.451172,0.278349,0.425352
2026-09-04T02:00:00Z,30d,210.793508,0.248821,0.334608
2026-09-04T03:00:00Z,30d,-3.732021,0.199926,0.274547
2026-09-04T04:00:00Z,30d,-6.823473,0.179041,0.240543
2026-09-04T05:00:00Z,30d,-0.150882,0.160136,0.211066
2026-09-04T06:00:00Z,30d,-0.214149,0.138536,0.203219
2026-09-04T07:00:00Z,30d,-7.288562,0.130571,0.219819
2026-09-04T08:00:00Z,30d,-4.004458,0.139946,0.247686
2026-09-04T09:00:00Z,30d,-6.524282,0.15419,0.29004
2026-09-04T10:00:00Z,30d,-2.926389,0.166852,0.30664
2026-09-04T11:00:00Z,30d,-4.325575,0.165792,0.310966
2026-09-04T12:00:00Z,30d,6.581189,0.192153,0.405835
2026-09-04T13:00:00Z,30d,7.015023,0.210578,0.443058
2026-09-04T14:00:00Z,30d,3.284142,0.21653,0.448793
2026-09-04T15:00:00Z,30d,-0.22087,0.206937,0.428773
2026-09-04T16:00:00Z,30d,5.690536,0.209907,0.434909
2026-09-04T17:00:00Z,30d,11.891307,0.211632,0.449095
2026-09-04T18:00:00Z,30d,19.595272,0.226911,0.49839
2026-09-04T19:00:00Z,30d,138.137669,0.510816,0.713682
2026-09-04T20:00:00Z,30d,82.106,0.387089,0.632193
2026-09-04T21:00:00Z,30d,18.68798,0.25643,0.531791
2026-09-04T22:00:00Z,30d,9.762138,0.24263,0.529276
2026-09-04T23:00:00Z,30d,19.445625,0.262286,0.50674
2026-09-05T00:00:00Z,30d,18.461074,0.271778,0.479678
2026-09-05T01:00:00Z,30d,17.92571,0.272707,0.420825
2026-09-05T02:00:00Z,30d,22.187106,0.237301,0.325755
2026-09-05T03:00:00Z,30d,13.938379,0.188161,0.256439
2026-09-05T04:00:00Z,30d,20.375314,0.175677,0.229678
2026-09-05T05:00:00Z,30d,22.659264,0.163355,0.215996
2026-09-05T06:00:00Z,30d,17.202141,0.150434,0.215694
2026-09-05T07:00:00Z,30d,11.514459,0.152352,0.251006
2026-09-05T08:00:00Z,30d,14.908164,0.159902,0.280584
2026-09-05T09:00:00Z,30d,4.215996,0.168089,0.323742
2026-09-05T10:00:00Z,30d,5.002672,0.179595,0.371932
2026-09-05T11:00:00Z,30d,9.882118,0.196177,0.406036
2026-09-05T12:00:00Z,30d,14.605479,0.215477,0.441549
2026-09-05T13:00:00Z,30d,14.771892,0.232019,0.496579
2026-09-05T14:00:00Z,30d,33.668054,0.274476,0.525553
2026-09-05T15:00:00Z,30d,40.601101,0.275359,0.497183
2026-09-05T16:00:00Z,30d,26.62694,0.249975,0.462978
2026-09-05T17:00:00Z,30d,17.946917,0.229411,0.458954
2026-09-05T18:00:00Z,30d,31.520681,0.23362,0.485714
2026-09-05T19:00:00Z,30d,26.572198,0.237394,0.481388
2026-09-05T20:00:00Z,30d,20.15189,0.236909,0.494165
2026-09-05T21:00:00Z,30d,11.852038,0.236066,0.526559
2026-09-05T22:00:00Z,30d,9.815767,0.246154,0.504326
2026-09-05T23:00:00Z,30d,6.41617,0.260167,0.50332
2026-09-06T00:00:00Z,30d,2.790226,0.266843,0.467304
2026-09-06T01:00:00Z,30d,4.665156,0.266338,0.399095
2026-09-06T02:00:00Z,30d,4.381128,0.227694,0.295171
2026-09-06T03:00:00Z,30d,-0.723265,0.18331,0.235915
2026-09-06T04:00:00Z,30d,7.566014,0.173619,0.217404
2026-09-06T05:00:00Z,30d,8.326233,0.157087,0.206036
2026-09-06T06:00:00Z,30d,12.245018,0.156947,0.223944
2026-09-06T07:00:00Z,30d,10.698872,0.162485,0.273944
2026-09-06T08:00:00Z,30d,9.994983,0.168303,0.326157
2026-09-06T09:00:00Z,30d,6.664141,0.174947,0.335211
2026-09-06T10:00:00Z,30d,10.596583,0.18854,0.374044
2026-09-06T11:00:00Z,30d,12.013052,0.197234,0.406137
2026-09-06T12:00:00Z,30d,12.069696,0.212732,0.444165
2026-09-06T13:00:00Z,30d,41.828439,0.282909,0.512173
2026-09-06T14:00:00Z,30d,92.857507,0.383066,0.600201
2026-09-06T15:00:00Z,30d,74.582717,0.326634,0.544165
2026-09-06T16:00:00Z,30d,57.096435,0.301235,0.516197
2026-09-06T17:00:00Z,30d,40.56807,0.263046,0.465191
2026-09-06T18:00:00Z,30d,20.405602,0.220754,0.483803
2026-09-06T19:00:00Z,30d,25.627755,0.245255,0.482294
2026-09-06T20:00:00Z,30d,38.098061,0.271632,0.525956
2026-09-06T21:00:00Z,30d,15.82256,0.241806,0.520825
2026-09-06T22:00:00Z,30d,13.261537,0.249366,0.512777
2026-09-06T23:00:00Z,30d,9.202488,0.268063,0.502918
2026-09-07T00:00:00Z,30d,8.112699,0.281491,0.472233
2026-09-07T01:00:00Z,30d,11.536903,0.285374,0.405634
2026-09-07T02:00:00Z,30d,12.906167,0.251247,0.319718
2026-09-07T03:00:00Z,30d,6.123144,0.200201,0.239034
2026-09-07T04:00:00Z,30d,1.382626,0.174362,0.22173
2026-09-07T05:00:00Z,30d,6.173494,0.160455,0.214789
2026-09-07T06:00:00Z,30d,11.339205,0.152899,0.224748
2026-09-07T07:00:00Z,30d,9.453878,0.161794,0.264386
2026-09-07T08:00:00Z,30d,4.987983,0.168719,0.303521
2026-09-07T09:00:00Z,30d,9.46252,0.18208,0.332294
2026-09-07T10:00:00Z,30d,9.615784,0.19234,0.371932
2026-09-07T11:00:00Z,30d,11.774708,0.200825,0.398893
2026-09-07T12:00:00Z,30d,10.591949,0.208558,0.433702
2026-09-07T13:00:00Z,30d,6.725576,0.22153,0.451107
2026-09-07T14:00:00Z,30d,5.614669,0.221432,0.452817
2026-09-07T15:00:00Z,30d,9.188739,0.21737,0.432294
2026-09-07T16:00:00Z,30d,7.502866,0.212881,0.433702
2026-09-07T17:00:00Z,30d,4.471136,0.203825,0.427666
2026-09-07T18:00:00Z,30d,15.257826,0.215818,0.487726
2026-09-07T19:00:00Z,30d,1.075673,0.216569,0.454225
2026-09-07T20:00:00Z,30d,11.488,0.228443,0.489034
2026-09-07T21:00:00Z,30d,11.371491,0.244621,0.523843
2026-09-07T22:00:00Z,30d,10.881828,0.259573,0.514487
2026-09-07T23:00:00Z,30d,10.087217,0.275197,0.49507
2026-09-08T00:00:00Z,30d,10.253163,0.282012,0.450302
2026-09-08T01:00:00Z,30d,15.697169,0.292262,0.400805
2026-09-08T02:00:00Z,30d,17.572317,0.255601,0.303521
2026-09-08T03:00:00Z,30d,15.013449,0.207441,0.247183
2026-09-08T04:00:00Z,30d,16.126104,0.185876,0.228873
2026-09-08T05:00:00Z,30d,20.090659,0.172197,0.210765
2026-09-08T06:00:00Z,30d,18.73949,0.167263,0.229276
2026-09-08T07:00:00Z,30d,14.163281,0.174149,0.295473
2026-09-08T08:00:00Z,30d,11.177459,0.178201,0.318008
2026-09-08T09:00:00Z,30d,10.550495,0.18656,0.347887
2026-09-08T10:00:00Z,30d,12.781419,0.199996,0.392958
2026-09-08T11:00:00Z,30d,9.805915,0.200806,0.399899
2026-09-08T12:00:00Z,30d,9.850921,0.214597,0.446278
2026-09-08T13:00:00Z,30d,10.350602,0.226603,0.472938
2026-09-08T14:00:00Z,30d,12.159566,0.233512,0.476358
2026-09-08T15:00:00Z,30d,9.396976,0.218173,0.443159
2026-09-08T16:00:00Z,30d,14.827375,0.229294,0.469718
2026-09-08T17:00:00Z,30d,24.947626,0.24484,0.463682
2026-09-08T18:00:00Z,30d,47.726145,0.281401,0.524648
2026-09-08T19:00:00Z,30d,199.877618,0.58859,0.796076
2026-09-08T20:00:00Z,30d,178.127395,0.563353,0.799195
2026-09-08T21:00:00Z,30d,29.885409,0.278894,0.548793
2026-09-08T22:00:00Z,30d,21.133843,0.277554,0.555433
2026-09-08T23:00:00Z,30d,20.996655,0.300515,0.51831
2026-09-09T00:00:00Z,30d,24.638758,0.311707,0.47998
2026-09-09T01:00:00Z,30d,32.539976,0.310163,0.411871
2026-09-09T02:00:00Z,30d,38.091772,0.274786,0.320523
2026-09-09T03:00:00Z,30d,33.128851,0.2232,0.248491
2026-09-09T04:00:00Z,30d,40.223855,0.20702,0.225855
2026-09-09T05:00:00Z,30d,34.943701,0.180901,0.221026
2026-09-09T06:00:00Z,30d,34.026617,0.171748,0.255936
2026-09-09T07:00:00Z,30d,27.742877,0.183052,0.292153
2026-09-09T08:00:00Z,30d,21.008582,0.189397,0.330986
2026-09-09T09:00:00Z,30d,21.293532,0.19906,0.366197
2026-09-09T10:00:00Z,30d,21.295951,0.210285,0.39507
2026-09-09T11:00:00Z,30d,11.788115,0.218244,0.407143
2026-09-09T12:00:00Z,30d,9.686414,0.224328,0.462978
2026-09-09T13:00:00Z,30d,13.871208,0.237535,0.483803
2026-09-09T14:00:00Z,30d,16.527246,0.239691,0.484406
2026-09-09T15:00:00Z,30d,19.202614,0.232416,0.453924
2026-09-09T16:00:00Z,30d,50.209448,0.29708,0.49165
2026-09-09T17:00:00Z,30d,122.285092,0.423274,0.59668
2026-09-09T18:00:00Z,30d,132.595339,0.428191,0.666197
2026-09-09T19:00:00Z,30d,78.353331,0.34923,0.570926
2026-09-09T20:00:00Z,30d,67.83334,0.333757,0.601006
2026-09-09T21:00:00Z,30d,12.328715,0.231857,0.501811
2026-09-09T22:00:00Z,30d,18.118135,0.26349,0.536217
2026-09-09T23:00:00Z,30d,25.837065,0.295371,0.51841
2026-09-10T00:00:00Z,30d,28.1379,0.31167,0.462374
2026-09-10T01:00:00Z,30d,26.203365,0.303678,0.39829
2026-09-10T02:00:00Z,30d,26.865342,0.270917,0.292052
2026-09-10T03:00:00Z,30d,23.811728,0.223883,0.230483
2026-09-10T04:00:00Z,30d,32.730713,0.215099,0.219014
2026-09-10T05:00:00Z,30d,41.407113,0.19454,0.205433
2026-09-10T06:00:00Z,30d,36.397111,0.181414,0.235312
2026-09-10T07:00:00Z,30d,29.077907,0.183687,0.290543
2026-09-10T08:00:00Z,30d,28.828224,0.189761,0.315292
2026-09-10T09:00:00Z,30d,24.509807,0.19672,0.364487
2026-09-10T10:00:00Z,30d,19.628015,0.203679,0.385513
2026-09-10T11:00:00Z,30d,19.629091,0.211272,0.408249
2026-09-10T12:00:00Z,30d,19.639491,0.231401,0.442354
2026-09-10T13:00:00Z,30d,15.481402,0.236328,0.477565
2026-09-10T14:00:00Z,30d,14.157821,0.234727,0.472435
2026-09-10T15:00:00Z,30d,12.414499,0.224526,0.436217
2026-09-10T16:00:00Z,30d,14.9235,0.225529,0.440543
2026-09-10T17:00:00Z,30d,21.226512,0.229839,0.422233
2026-09-10T18:00:00Z,30d,28.646318,0.241984,0.477867
2026-09-10T19:00:00Z,30d,43.39265,0.285818,0.515091
2026-09-10T20:00:00Z,30d,47.06478,0.300154,0.547686
2026-09-10T21:00:00Z,30d,20.317396,0.258512,0.521529
2026-09-10T22:00:00Z,30d,17.896139,0.270373,0.527867
2026-09-10T23:00:00Z,30d,18.230631,0.294063,0.534105
2026-09-11T00:00:00Z,30d,20.103298,0.324993,0.499195
2026-09-11T01:00:00Z,30d,18.528489,0.332427,0.444467
2026-09-11T02:00:00Z,30d,24.676884,0.306833,0.362676
2026-09-11T03:00:00Z,30d,18.31464,0.242613,0.269316
2026-09-11T04:00:00Z,30d,23.646623,0.216706,0.234406
2026-09-11T05:00:00Z,30d,28.514562,0.187344,0.223239
2026-09-11T06:00:00Z,30d,26.59578,0.171926,0.224145
2026-09-11T07:00:00Z,30d,24.114983,0.171356,0.254829
2026-09-11T08:00:00Z,30d,22.414499,0.171809,0.283501
2026-09-11T09:00:00Z,30d,18.890626,0.181029,0.313682
2026-09-11T10:00:00Z,30d,13.862307,0.18627,0.329477
2026-09-11T11:00:00Z,30d,12.941328,0.184119,0.318913
2026-09-11T12:00:00Z,30d,10.934379,0.205401,0.398692
2026-09-11T13:00:00Z,30d,5.300994,0.224658,0.437626
2026-09-11T14:00:00Z,30d,7.173797,0.232929,0.442153
2026-09-11T15:00:00Z,30d,8.01318,0.224711,0.435915
2026-09-11T16:00:00Z,30d,13.601782,0.227044,0.449698
2026-09-11T17:00:00Z,30d,13.012795,0.215708,0.42163
2026-09-11T18:00:00Z,30d,21.652725,0.228027,0.457646
2026-09-11T19:00:00Z,30d,21.38671,0.236733,0.46992
2026-09-11T20:00:00Z,30d,21.922771,0.244592,0.511368
2026-09-11T21:00:00Z,30d,22.309989,0.254772,0.517706
2026-09-11T22:00:00Z,30d,20.776814,0.264828,0.53008
2026-09-11T23:00:00Z,30d,21.233731,0.290576,0.530684
2026-09-12T00:00:00Z,30d,21.91295,0.30978,0.488531
2026-09-12T01:00:00Z,30d,18.236797,0.305256,0.418913
2026-09-12T02:00:00Z,30d,16.501747,0.263557,0.320926
2026-09-12T03:00:00Z,30d,12.988208,0.210361,0.252314
2026-09-12T04:00:00Z,30d,13.454209,0.195708,0.220926
2026-09-12T05:00:00Z,30d,16.471822,0.174852,0.212676
2026-09-12T06:00:00Z,30d,21.258778,0.164827,0.225252
2026-09-12T07:00:00Z,30d,15.237411,0.167019,0.259658
2026-09-12T08:00:00Z,30d,14.622202,0.167548,0.296278
2026-09-12T09:00:00Z,30d,10.366548,0.177645,0.325755
2026-09-12T10:00:00Z,30d,10.175441,0.191538,0.37505
2026-09-12T11:00:00Z,30d,7.572546,0.198734,0.401509
2026-09-12T12:00:00Z,30d,22.558297,0.218231,0.45161
2026-09-12T13:00:00Z,30d,20.753075,0.227739,0.481489
2026-09-12T14:00:00Z,30d,30.32027,0.264502,0.505634
2026-09-12T15:00:00Z,30d,22.978554,0.25567,0.492757
2026-09-12T16:00:00Z,30d,12.290431,0.23316,0.464688
2026-09-12T17:00:00Z,30d,5.981941,0.230381,0.462173
2026-09-12T18:00:00Z,30d,20.645537,0.243611,0.489537
2026-09-12T19:00:00Z,30d,96.043186,0.382689,0.628068
2026-09-12T20:00:00Z,30d,103.549045,0.388555,0.616801
2026-09-12T21:00:00Z,30d,31.311702,0.251009,0.527968
2026-09-12T22:00:00Z,30d,30.481603,0.259038,0.532495
2026-09-12T23:00:00Z,30d,24.771165,0.278056,0.538632
2026-09-13T00:00:00Z,30d,14.323744,0.285104,0.477062
2026-09-13T01:00:00Z,30d,3.478007,0.277811,0.385312
2026-09-13T02:00:00Z,30d,-1.85677,0.23396,0.295372
2026-09-13T03:00:00Z,30d,-2.621557,0.190176,0.226761
2026-09-13T04:00:00Z,30d,-2.721314,0.169306,0.214286
2026-09-13T05:00:00Z,30d,7.769265,0.164138,0.212072
2026-09-13T06:00:00Z,30d,4.729168,0.155934,0.236016
2026-09-13T07:00:00Z,30d,6.313468,0.17181,0.300201
2026-09-13T08:00:00Z,30d,6.352076,0.179633,0.336419
2026-09-13T09:00:00Z,30d,0.25904,0.187787,0.365895
2026-09-13T10:00:00Z,30d,1.27487,0.195694,0.378672
2026-09-13T11:00:00Z,30d,4.745555,0.201924,0.396479
2026-09-13T12:00:00Z,30d,1.172957,0.213665,0.445573
2026-09-13T13:00:00Z,30d,2.846207,0.23355,0.472435
2026-09-13T14:00:00Z,30d,31.837077,0.291902,0.520624
2026-09-13T15:00:00Z,30d,55.860174,0.316527,0.510262
2026-09-13T16:00:00Z,30d,43.444677,0.2847,0.479276
2026-09-13T17:00:00Z,30d,,,0.440946
2026-06-21T00:00:00Z,12w,54.383809,0.83653,
2026-06-22T00:00:00Z,12w,57.620352,0.888138,
2026-06-23T00:00:00Z,12w,54.547737,0.932361,
2026-06-24T00:00:00Z,12w,32.765639,0.803298,
2026-06-25T00:00:00Z,12w,24.23184,0.725799,
2026-06-26T00:00:00Z,12w,14.209067,0.736892,
2026-06-27T00:00:00Z,12w,11.924552,0.853484,
2026-06-28T00:00:00Z,12w,34.846784,0.788532,
2026-06-29T00:00:00Z,12w,54.301512,0.910233,
2026-06-30T00:00:00Z,12w,54.375428,0.976401,
2026-07-01T00:00:00Z,12w,33.803373,0.878863,
2026-07-02T00:00:00Z,12w,29.860171,0.754016,
2026-07-03T00:00:00Z,12w,39.275091,0.945227,
2026-07-04T00:00:00Z,12w,16.215308,0.789393,
2026-07-05T00:00:00Z,12w,24.227709,0.736983,
2026-07-06T00:00:00Z,12w,54.980428,0.900304,
2026-07-07T00:00:00Z,12w,51.866865,1.0,
2026-07-08T00:00:00Z,12w,3.895366,0.654915,
2026-07-09T00:00:00Z,12w,10.549794,0.64334,
2026-07-10T00:00:00Z,12w,28.974568,0.813551,
2026-07-11T00:00:00Z,12w,34.982553,0.862405,
2026-07-12T00:00:00Z,12w,24.244426,0.792735,
2026-07-13T00:00:00Z,12w,6.198196,0.609097,
2026-07-14T00:00:00Z,12w,35.62257,0.853685,
2026-07-15T00:00:00Z,12w,9.549788,0.710379,
2026-07-16T00:00:00Z,12w,-1.097516,0.591098,
2026-07-17T00:00:00Z,12w,-11.592006,0.56655,
2026-07-18T00:00:00Z,12w,-8.26003,0.604029,
2026-07-19T00:00:00Z,12w,49.63656,0.875383,
2026-07-20T00:00:00Z,12w,-4.211117,0.568626,
2026-07-21T00:00:00Z,12w,-6.976058,0.550308,
2026-07-22T00:00:00Z,12w,-14.530485,0.543727,
2026-07-23T00:00:00Z,12w,-9.229092,0.528948,
2026-07-24T00:00:00Z,12w,-14.062611,0.503041,
2026-07-25T00:00:00Z,12w,-18.147516,0.518896,
2026-07-26T00:00:00Z,12w,-12.810335,0.545734,
2026-07-27T00:00:00Z,12w,1.070263,0.550431,
2026-07-28T00:00:00Z,12w,-5.259906,0.529874,
2026-07-29T00:00:00Z,12w,-7.437909,0.528951,
2026-07-30T00:00:00Z,12w,4.817843,0.570911,
2026-07-31T00:00:00Z,12w,8.83402,0.597612,
2026-08-01T00:00:00Z,12w,-0.069025,0.591975,
2026-08-02T00:00:00Z,12w,2.042973,0.610319,
2026-08-03T00:00:00Z,12w,13.619531,0.630183,
2026-08-04T00:00:00Z,12w,11.202272,0.623752,
2026-08-05T00:00:00Z,12w,2.915339,0.605123,
2026-08-06T00:00:00Z,12w,4.721532,0.610583,
2026-08-07T00:00:00Z,12w,6.951678,0.624223,
2026-08-08T00:00:00Z,12w,3.545861,0.61298,
2026-08-09T00:00:00Z,12w,9.498332,0.653377,
2026-08-10T00:00:00Z,12w,19.281096,0.642011,
2026-08-11T00:00:00Z,12w,16.251856,0.644109,
2026-08-12T00:00:00Z,12w,19.909876,0.650371,
2026-08-13T00:00:00Z,12w,13.913073,0.613271,
2026-08-14T00:00:00Z,12w,16.050239,0.630565,
2026-08-15T00:00:00Z,12w,5.739741,0.616265,
2026-08-16T00:00:00Z,12w,4.836391,0.580712,
2026-08-17T00:00:00Z,12w,-11.953288,0.457313,
2026-08-18T00:00:00Z,12w,31.313028,0.588638,
2026-08-19T00:00:00Z,12w,27.562489,0.631909,
2026-08-20T00:00:00Z,12w,9.382536,0.619251,
2026-08-21T00:00:00Z,12w,8.953136,0.64786,
2026-08-22T00:00:00Z,12w,2.524075,0.693802,
2026-08-23T00:00:00Z,12w,24.052706,0.738039,
2026-08-24T00:00:00Z,12w,3.965272,0.622204,
2026-08-25T00:00:00Z,12w,0.810844,0.593833,
2026-08-26T00:00:00Z,12w,23.124492,0.696987,
2026-08-27T00:00:00Z,12w,18.505844,0.713232,
2026-08-28T00:00:00Z,12w,16.519,0.664091,
2026-08-29T00:00:00Z,12w,8.724365,0.664854,
2026-08-30T00:00:00Z,12w,18.593571,0.688439,
2026-08-31T00:00:00Z,12w,1.013493,0.625272,
2026-09-01T00:00:00Z,12w,-5.936647,0.592046,
2026-09-02T00:00:00Z,12w,-4.759905,0.623416,
2026-09-03T00:00:00Z,12w,-5.994285,0.646141,
2026-09-04T00:00:00Z,12w,-0.289748,0.715562,
2026-09-05T00:00:00Z,12w,-15.65785,0.699063,
2026-09-06T00:00:00Z,12w,0.602369,0.745372,
2026-09-07T00:00:00Z,12w,-24.17709,0.685069,
2026-09-08T00:00:00Z,12w,-1.304025,0.821357,
2026-09-09T00:00:00Z,12w,-16.332681,0.831504,
2026-09-10T00:00:00Z,12w,-5.486027,0.762671,
2026-09-11T00:00:00Z,12w,-13.489308,0.737046,
2026-09-12T00:00:00Z,12w,-10.037198,0.76799,
2026-03-09T00:00:00Z,26w,44.57223,0.64487,
2026-03-16T00:00:00Z,26w,46.145105,0.67026,
2026-03-23T00:00:00Z,26w,47.379475,0.683211,
2026-03-30T00:00:00Z,26w,47.224885,0.715381,
2026-04-06T00:00:00Z,26w,53.056337,0.72566,
2026-04-13T00:00:00Z,26w,45.982544,0.717168,
2026-04-20T00:00:00Z,26w,37.465698,0.712883,
2026-04-27T00:00:00Z,26w,38.801883,0.699054,
2026-05-04T00:00:00Z,26w,36.225156,0.651395,
2026-05-11T00:00:00Z,26w,42.430551,0.667735,
2026-05-18T00:00:00Z,26w,27.257354,0.63388,
2026-05-25T00:00:00Z,26w,11.20107,0.640842,
2026-06-01T00:00:00Z,26w,11.16307,0.677356,
2026-06-08T00:00:00Z,26w,42.575531,0.802433,
2026-06-15T00:00:00Z,26w,81.01948,1.0,
2026-06-22T00:00:00Z,26w,57.236018,0.942396,
2026-06-29T00:00:00Z,26w,63.703386,0.985598,
2026-07-06T00:00:00Z,26w,44.71758,0.932319,
2026-07-13T00:00:00Z,26w,31.621699,0.79133,
2026-07-20T00:00:00Z,26w,1.826326,0.618439,
2026-07-27T00:00:00Z,26w,4.144785,0.654762,
2026-08-03T00:00:00Z,26w,21.421593,0.7173,
2026-08-10T00:00:00Z,26w,22.326311,0.72011,
2026-08-17T00:00:00Z,26w,24.003946,0.720029,
2026-08-24T00:00:00Z,26w,25.565182,0.763925,
2026-08-31T00:00:00Z,26w,14.724812,0.764457,
2025-09-08T00:00:00Z,52w,0.446054,0.446054,
2025-09-15T00:00:00Z,52w,0.458627,0.458627,
2025-09-22T00:00:00Z,52w,0.463572,0.463572,
2025-09-29T00:00:00Z,52w,0.48591,0.48591,
2025-10-06T00:00:00Z,52w,0.474113,0.474113,
2025-10-13T00:00:00Z,52w,0.49127,0.49127,
2025-10-20T00:00:00Z,52w,0.51859,0.51859,
2025-10-27T00:00:00Z,52w,0.503634,0.503634,
2025-11-03T00:00:00Z,52w,0.478175,0.478175,
2025-11-10T00:00:00Z,52w,0.468815,0.468815,
2025-11-17T00:00:00Z,52w,0.498108,0.498108,
2025-11-24T00:00:00Z,52w,0.576291,0.576291,
2025-12-01T00:00:00Z,52w,0.609335,0.609335,
2025-12-08T00:00:00Z,52w,0.562813,0.562813,
2025-12-15T00:00:00Z,52w,0.552427,0.552427,
2025-12-22T00:00:00Z,52w,0.599351,0.599351,
2025-12-29T00:00:00Z,52w,0.602063,0.602063,
2026-01-05T00:00:00Z,52w,0.644233,0.644233,
2026-01-12T00:00:00Z,52w,0.601215,0.601215,
2026-01-19T00:00:00Z,52w,0.607347,0.607347,
2026-01-26T00:00:00Z,52w,0.628703,0.628703,
2026-02-02T00:00:00Z,52w,0.590752,0.590752,
2026-02-09T00:00:00Z,52w,0.58868,0.58868,
2026-02-16T00:00:00Z,52w,0.58065,0.58065,
2026-02-23T00:00:00Z,52w,0.608389,0.608389,
2026-03-02T00:00:00Z,52w,0.66634,0.66634,
2026-03-09T00:00:00Z,52w,0.64487,0.64487,
2026-03-16T00:00:00Z,52w,0.67026,0.67026,
2026-03-23T00:00:00Z,52w,0.683211,0.683211,
2026-03-30T00:00:00Z,52w,0.715381,0.715381,
2026-04-06T00:00:00Z,52w,0.72566,0.72566,
2026-04-13T00:00:00Z,52w,0.717168,0.717168,
2026-04-20T00:00:00Z,52w,0.712883,0.712883,
2026-04-27T00:00:00Z,52w,0.699054,0.699054,
2026-05-04T00:00:00Z,52w,0.651395,0.651395,
2026-05-11T00:00:00Z,52w,0.667735,0.667735,
2026-05-18T00:00:00Z,52w,0.63388,0.63388,
2026-05-25T00:00:00Z,52w,0.640842,0.640842,
2026-06-01T00:00:00Z,52w,0.677356,0.677356,
2026-06-08T00:00:00Z,52w,0.802433,0.802433,
2026-06-15T00:00:00Z,52w,1.0,1.0,
2026-06-22T00:00:00Z,52w,0.942396,0.942396,
2026-06-29T00:00:00Z,52w,0.985598,0.985598,
2026-07-06T00:00:00Z,52w,0.932319,0.932319,
2026-07-13T00:00:00Z,52w,0.79133,0.79133,
2026-07-20T00:00:00Z,52w,0.618439,0.618439,
2026-07-27T00:00:00Z,52w,0.654762,0.654762,
2026-08-03T00:00:00Z,52w,0.7173,0.7173,
2026-08-10T00:00:00Z,52w,0.72011,0.72011,
2026-08-17T00:00:00Z,52w,0.720029,0.720029,
2026-08-24T00:00:00Z,52w,0.763925,0.763925,
2026-08-31T00:00:00Z,52w,0.764457,0.764457,
