place_name,geo_code,latitude,longitude,rank_annual_overall,ai_best_place_prediction_score,digital_connectivity_index,annual_stability_score_52w,hourly_stability_score_7d,http_requests_share_52w_pct,total_bytes_share_52w_pct,http_bytes_share_52w_pct,http_requests_share_26w_pct,http_requests_share_12w_pct,http_requests_share_30d_pct,http_requests_share_7d_pct,total_bytes_share_7d_pct,http_bytes_share_7d_pct,annual_traffic_growth_52w_pct,short_term_traffic_growth_30d_pct,mean_annual_weekly_traffic_normalized,std_annual_weekly_traffic_volatility,mean_hourly_traffic_normalized,peak_to_trough_ratio_7d
Tripoli,2210245,32.56667,13.4,1,48.2662,54.3524,0.8571,0.7657,53.952255,53.068387,53.584675,55.435577,56.330587,55.199428,55.898639,53.682303,53.790197,3.608,1.267,0.744407,0.124146,0.479257,4.485
Banghazi,88318,32.08723,20.18738,2,16.813,21.8286,0.8386,0.7737,23.592298,23.876529,23.820325,20.476775,22.553783,22.63998,21.668874,20.381736,20.388695,-8.153,-4.289,0.324549,0.062462,0.185765,4.146
Misratah,2214845,32.31035,15.07324,3,3.856,4.8858,0.7987,0.7764,4.114653,4.196761,4.065542,4.464182,3.809643,4.001495,4.065831,6.145762,6.000354,-1.187,1.608,0.056839,0.014326,0.034865,3.865
Sabha District,2212774,26.9,14.96667,4,2.6053,3.0458,0.8691,0.7314,3.33058,2.847249,3.041239,3.253543,3.346866,3.250285,3.277998,2.563112,2.739704,-1.579,0.853,0.045774,0.006894,0.028133,7.058
Az Zawiyah,2218972,32.46667,12.51667,5,3.0753,3.2785,0.8828,0.7843,2.835463,3.31395,3.276014,2.743941,2.849447,2.785976,3.012848,3.828907,3.835434,6.256,8.143,0.038876,0.00516,0.025872,3.409
Al Jabal al Akhdar,443289,32.15,21.81667,6,0.7165,1.9544,0.5,0.5,2.11943,2.266814,2.247856,2.705672,1.032359,1.527855,1.553985,2.026254,2.094483,-26.679,1.71,0.021194,0.0,0.01554,1.0
Al Marqab,7602691,32.16667,14.16667,7,0.5151,1.4547,0.5,0.5,1.601542,1.608703,1.522136,1.68588,1.234176,1.171106,1.134091,1.549945,1.503385,-29.188,-3.161,0.016015,0.0,0.011341,1.0
Al Butnan,7602688,29.93333,24.03333,8,2.0873,2.1139,0.5,0.5,1.340738,1.795805,1.440448,1.772923,2.270231,2.462966,2.647742,2.650048,2.263333,97.484,7.502,0.013407,0.0,0.026477,1.0
An Nuqat al Khams,2593778,32.63333,11.9,9,0.7529,1.3747,0.5,0.5,1.303574,1.317633,1.32048,1.230138,1.242506,1.364859,1.427905,1.398725,1.408477,9.538,4.619,0.013036,0.0,0.014279,1.0
Darnah,87204,31.83333,22.66667,10,0.3083,0.9332,0.5,0.5,1.241169,1.182527,1.030608,1.507879,0.830444,0.876156,0.819964,0.719909,0.749068,-33.936,-6.413,0.012412,0.0,0.0082,1.0
Jabal al Gharbi,7602689,30.46666,13.0,11,0.5234,0.9601,0.5,0.5,0.890103,0.809637,0.840424,0.98421,0.950881,1.020049,0.970459,0.998365,1.031273,9.028,-4.862,0.008901,0.0,0.009705,1.0
Al Jafarah,7602690,32.5,12.91667,12,0.3361,0.7149,0.5,0.5,0.752312,0.735872,0.756742,0.779047,0.769199,0.856305,0.707311,0.679244,0.694512,-5.982,-17.4,0.007523,0.0,0.007073,1.0
Al Wahat,7602692,28.66667,21.38333,13,0.49,0.8199,0.5,0.5,0.708247,0.725384,0.75524,0.838392,0.732502,0.807466,0.846625,0.873513,0.928028,19.538,4.85,0.007082,0.0,0.008466,1.0
Surt,2210553,30.03333,16.85,14,0.3979,0.7481,0.5,0.5,0.590725,0.600719,0.562573,0.544481,0.611576,0.700453,0.628401,0.991303,0.930004,6.378,-10.286,0.005907,0.0,0.006284,1.0
Al Marj,88904,31.78333,21.2,15,0.315,0.6274,0.5,0.5,0.55077,0.616468,0.649341,0.63358,0.709477,0.677082,0.553104,0.712411,0.769251,0.424,-18.311,0.005508,0.0,0.005531,1.0
Al Jufrah,2219944,27.73333,17.05,16,0.2065,0.487,0.5,0.5,0.516143,0.442608,0.470332,0.432601,0.406556,0.304012,0.437669,0.468714,0.515818,-15.204,43.964,0.005161,0.0,0.004377,1.0
Nalut,2214432,30.18333,10.83333,17,0.1028,0.1727,0.5,0.5,0.169542,0.187211,0.187793,0.20427,0.125498,0.17897,0.201866,0.153391,0.160868,19.065,12.793,0.001695,0.0,0.002019,1.0
Murzuq District,2214602,24.6,15.6,18,0.0438,0.1258,0.5,0.5,0.155212,0.12112,0.132505,0.163352,0.160589,0.151015,0.10816,0.103727,0.118381,-30.315,-28.378,0.001552,0.0,0.001082,1.0
Wadi ash Shati',2219413,27.8,12.73333,19,0.0142,0.0567,0.5,0.5,0.112784,0.149498,0.153876,0.042248,0.013505,0.01178,0.011524,0.033301,0.038331,-89.782,-2.173,0.001128,0.0,0.000115,1.0
Wadi al Hayat,7602693,26.31667,12.7,20,0.0087,0.0347,0.5,0.5,0.099025,0.108123,0.111674,0.092782,0.00705,0.000927,0.0,0.0,0.0,-100.0,-100.0,0.00099,0.0,0.0,1.0
Al Kufrah,88932,23.76667,22.21667,21,0.0179,0.0308,0.5,0.5,0.023195,0.028638,0.029813,0.008487,0.01304,0.011833,0.027003,0.039329,0.040404,16.417,128.201,0.000232,0.0,0.00027,1.0
Ghat,2217350,25.91667,10.58333,22,0.0,0.0001,0.5,0.5,0.000241,0.000366,0.000365,3.9e-05,8.6e-05,0.0,0.0,0.0,0.0,-100.0,,2e-06,0.0,0.0,1.0
