rank_overall_annual,name,code,latitude,longitude,http_requests_share_52w_pct,total_bytes_share_52w_pct,http_bytes_share_52w_pct,http_requests_share_26w_pct,total_bytes_share_26w_pct,http_bytes_share_26w_pct,http_requests_share_12w_pct,total_bytes_share_12w_pct,http_bytes_share_12w_pct,http_requests_share_30d_pct,total_bytes_share_30d_pct,http_bytes_share_30d_pct,http_requests_share_7d_pct,total_bytes_share_7d_pct,http_bytes_share_7d_pct
1,Tripoli,2210245,32.56667,13.4,53.952255,53.068387,53.584675,55.435577,54.114309,54.770122,56.330587,55.071522,55.621699,55.199428,53.331845,53.687152,55.898639,53.682303,53.790197
2,Banghazi,88318,32.08723,20.18738,23.592298,23.876529,23.820325,20.476775,21.109113,21.001669,22.553783,21.94299,21.782857,22.63998,21.629849,21.637058,21.668874,20.381736,20.388695
3,Misratah,2214845,32.31035,15.07324,4.114653,4.196761,4.065542,4.464182,4.65252,4.54897,3.809643,4.677442,4.565251,4.001495,5.919082,5.769593,4.065831,6.145762,6.000354
4,Sabha District,2212774,26.9,14.96667,3.33058,2.847249,3.041239,3.253543,2.755341,2.925407,3.346866,2.837301,3.012249,3.250285,2.570386,2.735092,3.277998,2.563112,2.739704
5,Az Zawiyah,2218972,32.46667,12.51667,2.835463,3.31395,3.276014,2.743941,3.302508,3.299881,2.849447,3.411157,3.399176,2.785976,3.432661,3.415847,3.012848,3.828907,3.835434
6,Al Jabal al Akhdar,443289,32.15,21.81667,2.11943,2.266814,2.247856,2.705672,2.722926,2.659631,1.032359,1.358064,1.386999,1.527855,1.986264,2.033693,1.553985,2.026254,2.094483
7,Al Marqab,7602691,32.16667,14.16667,1.601542,1.608703,1.522136,1.68588,1.727561,1.667108,1.234176,1.34649,1.307965,1.171106,1.405928,1.361847,1.134091,1.549945,1.503385
8,Al Butnan,7602688,29.93333,24.03333,1.340738,1.795805,1.440448,1.772923,2.332208,1.891935,2.270231,2.727177,2.109351,2.462966,2.788546,2.226912,2.647742,2.650048,2.263333
9,An Nuqat al Khams,2593778,32.63333,11.9,1.303574,1.317633,1.32048,1.230138,1.182736,1.191593,1.242506,1.233733,1.25203,1.364859,1.299623,1.31484,1.427905,1.398725,1.408477
10,Darnah,87204,31.83333,22.66667,1.241169,1.182527,1.030608,1.507879,1.371594,1.178029,0.830444,0.7362,0.75488,0.876156,0.743306,0.764249,0.819964,0.719909,0.749068
11,Jabal al Gharbi,7602689,30.46666,13.0,0.890103,0.809637,0.840424,0.98421,0.859691,0.891466,0.950881,0.854862,0.883052,1.020049,0.921148,0.941206,0.970459,0.998365,1.031273
12,Al Jafarah,7602690,32.5,12.91667,0.752312,0.735872,0.756742,0.779047,0.781087,0.801728,0.769199,0.8462,0.865527,0.856305,0.817401,0.835908,0.707311,0.679244,0.694512
13,Al Wahat,7602692,28.66667,21.38333,0.708247,0.725384,0.75524,0.838392,0.880251,0.905861,0.732502,0.748404,0.785207,0.807466,0.794885,0.842956,0.846625,0.873513,0.928028
14,Surt,2210553,30.03333,16.85,0.590725,0.600719,0.562573,0.544481,0.61275,0.576999,0.611576,0.715884,0.681545,0.700453,0.885405,0.840455,0.628401,0.991303,0.930004
15,Al Marj,88904,31.78333,21.2,0.55077,0.616468,0.649341,0.63358,0.732943,0.779571,0.709477,0.819099,0.863814,0.677082,0.764267,0.810915,0.553104,0.712411,0.769251
16,Al Jufrah,2219944,27.73333,17.05,0.516143,0.442608,0.470332,0.432601,0.391339,0.422366,0.406556,0.391645,0.424972,0.304012,0.39227,0.434361,0.437669,0.468714,0.515818
17,Nalut,2214432,30.18333,10.83333,0.169542,0.187211,0.187793,0.20427,0.182632,0.179671,0.125498,0.102039,0.104675,0.17897,0.139513,0.147624,0.201866,0.153391,0.160868
18,Murzuq District,2214602,24.6,15.6,0.155212,0.12112,0.132505,0.163352,0.111775,0.121013,0.160589,0.106421,0.117372,0.151015,0.114069,0.129353,0.10816,0.103727,0.118381
19,Wadi ash Shati',2219413,27.8,12.73333,0.112784,0.149498,0.153876,0.042248,0.071181,0.076346,0.013505,0.0434,0.049681,0.01178,0.041739,0.048582,0.011524,0.033301,0.038331
20,Wadi al Hayat,7602693,26.31667,12.7,0.099025,0.108123,0.111674,0.092782,0.093899,0.098357,0.00705,0.008205,0.008744,0.000927,0.001245,0.001259,,,
21,Al Kufrah,88932,23.76667,22.21667,0.023195,0.028638,0.029813,0.008487,0.011377,0.011974,0.01304,0.02122,0.022325,0.011833,0.020569,0.0211,0.027003,0.039329,0.040404
22,Ghat,2217350,25.91667,10.58333,0.000241,0.000366,0.000365,3.9e-05,0.00026,0.000302,8.6e-05,0.000544,0.000628,,,,,,
