Date,earfcndl,Actual,Predicted
2026-06-05,350,0.21,0.2131
2026-06-05,400,0.16,0.1561
2026-06-05,1556,0.09,0.0925
2026-06-05,1700,0.12,0.1177
2026-06-05,3500,0.63,0.6401
2026-06-05,6200,0.67,0.6796
2026-06-06,350,0.24,0.2333
2026-06-06,400,0.13,0.1306
2026-06-06,1556,0.1,0.1008
2026-06-06,1700,0.15,0.1487
2026-06-06,3500,0.69,0.7349
2026-06-06,6200,0.7,0.7006
2026-06-07,350,0.25,0.2485
2026-06-07,400,0.16,0.148
2026-06-07,1556,0.11,0.1107
2026-06-07,1700,0.14,0.1375
2026-06-07,3500,0.68,0.6894
2026-06-07,6200,0.68,0.686
2026-06-08,350,0.23,0.2228
2026-06-08,400,0.12,0.126
2026-06-08,1556,0.12,0.1184
2026-06-08,1700,0.13,0.129
2026-06-08,3500,0.54,0.5296
2026-06-08,6200,0.71,0.7214
2026-06-09,350,0.25,0.2498
2026-06-09,400,0.12,0.1217
2026-06-09,1556,0.14,0.129
2026-06-09,1700,0.13,0.1281
2026-06-09,3500,0.57,0.5716
2026-06-09,6200,0.74,0.7516
2026-06-10,350,0.25,0.2475
2026-06-10,400,0.12,0.1214
2026-06-10,1556,0.1,0.1048
2026-06-10,1700,0.13,0.1313
2026-06-10,3500,0.46,0.486
2026-06-10,6200,0.74,0.7396
2026-06-11,350,0.24,0.2406
2026-06-11,400,0.11,0.1134
2026-06-11,1556,0.11,0.1113
2026-06-11,1700,0.12,0.1187
2026-06-11,3500,0.51,0.551
2026-06-11,6200,0.68,0.6625
2026-06-12,350,0.21,0.213
2026-06-12,400,0.13,0.1225
2026-06-12,1556,0.09,0.0932
2026-06-12,1700,0.1,0.1044
2026-06-12,3500,0.52,0.495
2026-06-12,6200,0.69,0.6774
2026-06-13,350,0.22,0.2211
2026-06-13,400,0.13,0.1245
2026-06-13,1556,0.09,0.0959
2026-06-13,1700,0.11,0.1111
2026-06-13,3500,0.52,0.4768
2026-06-13,6200,0.65,0.6273
2026-06-14,350,0.23,0.23
2026-06-14,400,0.12,0.1142
2026-06-14,1556,0.09,0.0958
2026-06-14,1700,0.11,0.1111
2026-06-14,3500,0.42,0.4398
2026-06-14,6200,0.56,0.5817
2026-06-15,350,0.24,0.2405
2026-06-15,400,0.12,0.1207
2026-06-15,1556,0.1,0.1012
2026-06-15,1700,0.12,0.1218
2026-06-15,3500,0.49,0.498
2026-06-15,6200,0.66,0.6665
2026-06-16,350,0.23,0.2291
2026-06-16,400,0.13,0.1312
2026-06-16,1556,0.13,0.1227
2026-06-16,1700,0.12,0.1167
2026-06-16,3500,0.48,0.4611
2026-06-16,6200,0.66,0.6864
2026-06-17,350,0.24,0.2416
2026-06-17,400,0.13,0.1308
2026-06-17,1556,0.11,0.107
2026-06-17,1700,0.12,0.1182
2026-06-17,3500,0.44,0.4497
2026-06-17,6200,0.65,0.6607
2026-06-18,350,0.23,0.2309
2026-06-18,400,0.12,0.1233
2026-06-18,1556,0.11,0.1039
2026-06-18,1700,0.12,0.1177
2026-06-18,3500,0.51,0.5058
2026-06-18,6200,0.72,0.7173
2026-06-19,350,0.21,0.2153
2026-06-19,400,0.13,0.127
2026-06-19,1556,0.09,0.089
2026-06-19,1700,0.11,0.112
2026-06-19,3500,0.49,0.4899
2026-06-19,6200,0.73,0.7355
2026-06-20,350,0.22,0.2262
2026-06-20,400,0.12,0.1183
2026-06-20,1556,0.11,0.1126
2026-06-20,1700,0.11,0.1094
2026-06-20,3500,0.46,0.4442
2026-06-20,6200,0.61,0.6146
2026-06-21,350,0.24,0.2413
2026-06-21,400,0.12,0.1225
2026-06-21,1556,0.1,0.1016
2026-06-21,1700,0.12,0.121
2026-06-21,3500,0.46,0.4541
2026-06-21,6200,0.64,0.6054
2026-06-22,350,0.24,0.1991
2026-06-22,400,0.12,0.1229
2026-06-22,1556,0.1,0.1021
2026-06-22,1700,0.12,0.1183
2026-06-22,3500,0.52,0.5432
2026-06-22,6200,0.71,0.7131
2026-06-23,350,0.24,0.1998
2026-06-23,400,0.13,0.1303
2026-06-23,1556,0.1,0.1006
2026-06-23,1700,0.12,0.1184
2026-06-23,3500,0.51,0.586
2026-06-23,6200,0.78,0.7391
2026-06-24,350,0.24,0.2011
2026-06-24,400,0.13,0.1266
2026-06-24,1556,0.11,0.1069
2026-06-24,1700,0.12,0.1181
2026-06-24,3500,0.47,0.5235
2026-06-24,6200,0.62,0.6537
2026-06-25,350,0.23,0.1916
2026-06-25,400,0.12,0.1204
2026-06-25,1556,0.11,0.1054
2026-06-25,1700,0.12,0.1174
2026-06-25,3500,0.47,0.4521
2026-06-25,6200,0.61,0.6304
2026-06-26,350,0.21,0.1723
2026-06-26,400,0.15,0.1548
2026-06-26,1556,0.09,0.0905
2026-06-26,1700,0.11,0.1084
2026-06-26,3500,0.54,0.5535
2026-06-26,6200,0.73,0.7199
2026-06-27,350,0.24,0.2055
2026-06-27,400,0.12,0.1182
2026-06-27,1556,0.1,0.0992
2026-06-27,1700,0.12,0.1203
2026-06-27,3500,0.51,0.511
2026-06-27,6200,0.72,0.6704
2026-06-28,350,0.26,0.2075
2026-06-28,400,0.12,0.1218
2026-06-28,1556,0.11,0.1107
2026-06-28,1700,0.12,0.1201
2026-06-28,3500,0.48,0.4806
2026-06-28,6200,0.73,0.7173
2026-06-29,350,0.25,0.2062
2026-06-29,400,0.12,0.1224
2026-06-29,1556,0.09,0.0973
2026-06-29,1700,0.13,0.1307
2026-06-29,3500,0.45,0.4942
2026-06-29,6200,0.63,0.6608
2026-06-30,350,0.25,0.2085
2026-06-30,400,0.13,0.1299
2026-06-30,1556,0.1,0.1038
2026-06-30,1700,0.13,0.1293
2026-06-30,3500,0.46,0.4729
2026-06-30,6200,0.65,0.6667
2026-07-01,350,0.25,0.2048
2026-07-01,400,0.13,0.1268
2026-07-01,1556,0.11,0.1064
2026-07-01,1700,0.12,0.1186
2026-07-01,3500,0.52,0.5457
2026-07-01,6200,0.71,0.6742
2026-07-02,350,0.24,0.2012
2026-07-02,400,0.11,0.1136
2026-07-02,1556,0.11,0.1009
2026-07-02,1700,0.13,0.1303
2026-07-02,3500,0.47,0.4643
2026-07-02,6200,0.63,0.6139
2026-07-03,350,0.22,0.1795
2026-07-03,400,0.12,0.117
2026-07-03,1556,0.11,0.1052
2026-07-03,1700,0.12,0.1211
2026-07-03,3500,0.49,0.4639
2026-07-03,6200,0.74,0.7077
2026-07-04,350,0.24,0.2001
2026-07-04,400,0.12,0.1195
2026-07-04,1556,0.09,0.0929
2026-07-04,1700,0.13,0.1313
2026-07-04,3500,0.44,0.4459
2026-07-04,6200,0.67,0.6754
2026-07-05,350,0.25,0.2005
2026-07-05,400,0.13,0.1349
2026-07-05,1556,0.14,0.1314
2026-07-05,1700,0.14,0.1402
2026-07-05,3500,0.42,0.4164
2026-07-05,6200,0.63,0.6468
2026-07-06,350,0.25,0.2024
2026-07-06,400,0.12,0.121
2026-07-06,1556,0.13,0.1263
2026-07-06,1700,0.14,0.1382
2026-07-06,3500,0.43,0.4366
2026-07-06,6200,0.6,0.5899
2026-07-07,350,0.25,0.2037
2026-07-07,400,0.11,0.1161
2026-07-07,1556,0.09,0.102
2026-07-07,1700,0.13,0.1259
2026-07-07,3500,0.42,0.428
2026-07-07,6200,0.58,0.5801
2026-07-08,350,0.26,0.2085
2026-07-08,400,0.12,0.1207
2026-07-08,1556,0.1,0.1066
2026-07-08,1700,0.13,0.1303
2026-07-08,3500,0.51,0.5039
2026-07-08,6200,0.72,0.7442
2026-07-09,350,0.27,0.2196
2026-07-09,400,0.11,0.1129
2026-07-09,1556,0.1,0.1038
2026-07-09,1700,0.14,0.1409
2026-07-09,3500,0.52,0.543
2026-07-09,6200,0.71,0.6717
2026-07-10,350,0.26,0.2136
2026-07-10,400,0.11,0.11
2026-07-10,1556,0.09,0.0929
2026-07-10,1700,0.13,0.1273
2026-07-10,3500,0.5,0.5718
2026-07-10,6200,0.57,0.6219
2026-07-11,350,0.27,0.2176
2026-07-11,400,0.13,0.1309
2026-07-11,1556,0.11,0.1147
2026-07-11,1700,0.13,0.1269
2026-07-11,3500,0.49,0.5252
2026-07-11,6200,0.62,0.667
2026-07-12,350,0.28,0.2199
2026-07-12,400,0.14,0.137
2026-07-12,1556,0.1,0.0962
2026-07-12,1700,0.13,0.1258
2026-07-12,3500,0.58,0.6705
2026-07-12,6200,0.8,0.7813
2026-07-13,350,0.27,0.2116
2026-07-13,400,0.14,0.1372
2026-07-13,1556,0.13,0.126
2026-07-13,1700,0.13,0.126
2026-07-13,3500,0.53,0.5402
2026-07-13,6200,0.69,0.6447
2026-07-14,350,0.28,0.2204
2026-07-14,400,0.13,0.1324
2026-07-14,1556,0.12,0.1191
2026-07-14,1700,0.14,0.1415
2026-07-14,3500,0.5,0.5189
2026-07-14,6200,0.62,0.6171
2026-07-15,350,0.29,0.2236
2026-07-15,400,0.13,0.1308
2026-07-15,1556,0.14,0.1362
2026-07-15,1700,0.15,0.1502
2026-07-15,3500,0.56,0.5974
2026-07-15,6200,0.68,0.7013
2026-07-16,350,0.29,0.2202
2026-07-16,400,0.13,0.1332
2026-07-16,1556,0.1,0.1074
2026-07-16,1700,0.14,0.1324
2026-07-16,3500,0.61,0.6234
2026-07-16,6200,0.79,0.7599
2026-07-17,350,0.28,0.2119
2026-07-17,400,0.13,0.1376
2026-07-17,1556,0.14,0.1422
2026-07-17,1700,0.15,0.1496
2026-07-17,3500,0.55,0.6025
2026-07-17,6200,0.78,0.823
2026-07-18,350,0.29,0.2206
2026-07-18,400,0.12,0.1187
2026-07-18,1556,0.11,0.1114
2026-07-18,1700,0.15,0.1475
2026-07-18,3500,0.5,0.5571
2026-07-18,6200,0.68,0.7013
2026-07-19,350,0.28,0.2166
2026-07-19,400,0.1,0.1086
2026-07-19,1556,0.1,0.1046
2026-07-19,1700,0.15,0.151
2026-07-19,3500,0.52,0.5561
2026-07-19,6200,0.65,0.6717
2026-07-20,350,0.27,0.2084
2026-07-20,400,0.12,0.1262
2026-07-20,1556,0.11,0.1145
2026-07-20,1700,0.14,0.1423
2026-07-20,3500,0.53,0.5744
2026-07-20,6200,0.77,0.7551
2026-07-21,350,0.29,0.2244
2026-07-21,400,0.12,0.1218
2026-07-21,1556,0.14,0.1383
2026-07-21,1700,0.15,0.1529
2026-07-21,3500,0.57,0.6073
2026-07-21,6200,0.79,0.8194
2026-07-22,350,0.2999999999999999,0.2281
2026-07-22,400,0.12,0.1204
2026-07-22,1556,0.11,0.1096
2026-07-22,1700,0.15,0.1458
2026-07-22,3500,0.49,0.5392
2026-07-22,6200,0.7,0.7408
2026-07-23,350,0.2999999999999999,0.2245
2026-07-23,400,0.12,0.1183
2026-07-23,1556,0.11,0.1118
2026-07-23,1700,0.17,0.1604
2026-07-23,3500,0.49,0.5512
2026-07-23,6200,0.72,0.7651
2026-07-24,350,0.2999999999999999,0.2285
2026-07-24,400,0.11,0.1105
2026-07-24,1556,0.1,0.0967
2026-07-24,1700,0.15,0.1366
2026-07-24,3500,0.54,0.5878
2026-07-24,6200,0.76,0.779
2026-07-25,350,0.2999999999999999,0.2238
2026-07-25,400,0.13,0.1306
2026-07-25,1556,0.12,0.123
2026-07-25,1700,0.17,0.1578
2026-07-25,3500,0.59,0.6105
2026-07-25,6200,0.75,0.7358
2026-07-26,350,0.2999999999999999,0.2311
2026-07-26,400,0.12,0.1233
2026-07-26,1556,0.12,0.1227
2026-07-26,1700,0.185,0.1655
2026-07-26,3500,0.54,0.5632
2026-07-26,6200,0.72,0.6989
2026-07-27,350,0.2999999999999999,0.2253
2026-07-27,400,0.11,0.1128
2026-07-27,1556,0.12,0.1208
2026-07-27,1700,0.185,0.1641
2026-07-27,3500,0.52,0.5582
2026-07-27,6200,0.77,0.7575
2026-07-28,350,0.2999999999999999,0.2254
2026-07-28,400,0.12,0.1215
2026-07-28,1556,0.12,0.1158
2026-07-28,1700,0.17,0.1549
2026-07-28,3500,0.56,0.5983
2026-07-28,6200,0.99,0.8662
2026-07-29,350,0.2999999999999999,0.2241
2026-07-29,400,0.13,0.1343
2026-07-29,1556,0.12,0.1216
2026-07-29,1700,0.18,0.1685
2026-07-29,3500,0.58,0.5901
2026-07-29,6200,0.94,0.8841
2026-07-30,350,0.28,0.2021
2026-07-30,400,0.14,0.1378
2026-07-30,1556,0.14,0.1396
2026-07-30,1700,0.15,0.1315
2026-07-30,3500,0.46,0.4537
2026-07-30,6200,0.69,0.7167
2026-07-31,350,0.26,0.1878
2026-07-31,400,0.14,0.1487
2026-07-31,1556,0.14,0.1389
2026-07-31,1700,0.13,0.1232
2026-07-31,3500,0.45,0.4179
2026-07-31,6200,0.63,0.6546
2026-08-01,350,0.2999999999999999,0.2277
2026-08-01,400,0.14,0.1387
2026-08-01,1556,0.14,0.1403
2026-08-01,1700,0.14,0.1347
2026-08-01,3500,0.57,0.584
2026-08-01,6200,0.86,0.8455
2026-08-02,350,0.29,0.2172
2026-08-02,400,0.13,0.1297
2026-08-02,1556,0.13,0.1302
2026-08-02,1700,0.14,0.1315
2026-08-02,3500,0.51,0.5284
2026-08-02,6200,0.71,0.7632
2026-08-03,350,0.29,0.2192
2026-08-03,400,0.11,0.1165
2026-08-03,1556,0.1,0.1132
2026-08-03,1700,0.14,0.1298
2026-08-03,3500,0.53,0.5729
2026-08-03,6200,0.64,0.7097
2026-08-04,350,0.2999999999999999,0.2262
2026-08-04,400,0.12,0.1241
2026-08-04,1556,0.12,0.1281
2026-08-04,1700,0.16,0.1446
2026-08-04,3500,0.6,0.6104
2026-08-04,6200,0.79,0.8141
2026-08-05,350,0.2999999999999999,0.2238
2026-08-05,400,0.12,0.122
2026-08-05,1556,0.11,0.1148
2026-08-05,1700,0.18,0.1596
2026-08-05,3500,0.58,0.5798
2026-08-05,6200,0.86,0.8576
2026-08-06,350,0.2999999999999999,0.2316
2026-08-06,400,0.12,0.12
2026-08-06,1556,0.11,0.1126
2026-08-06,1700,0.16,0.143
2026-08-06,3500,0.53,0.5635
2026-08-06,6200,0.74,0.762
2026-08-07,350,0.25,0.1888
2026-08-07,400,0.13,0.1239
2026-08-07,1556,0.09,0.0968
2026-08-07,1700,0.15,0.1471
2026-08-07,3500,0.44,0.4418
2026-08-07,6200,0.61,0.7053
2026-08-08,350,0.28,0.2198
2026-08-08,400,0.12,0.1171
2026-08-08,1556,0.1,0.1032
2026-08-08,1700,0.16,0.1529
2026-08-08,3500,0.54,0.6044
2026-08-08,6200,0.65,0.708
2026-08-09,350,0.2999999999999999,0.2288
2026-08-09,400,0.13,0.1271
2026-08-09,1556,0.12,0.1193
2026-08-09,1700,0.16,0.1572
2026-08-09,3500,0.61,0.6002
2026-08-09,6200,0.88,0.9184
2026-08-10,350,0.2999999999999999,0.2241
2026-08-10,400,0.12,0.1225
2026-08-10,1556,0.12,0.1208
2026-08-10,1700,0.15,0.1507
2026-08-10,3500,0.56,0.5836
2026-08-10,6200,0.81,0.8283
2026-08-11,350,0.2999999999999999,0.2227
2026-08-11,400,0.12,0.1228
2026-08-11,1556,0.11,0.1099
2026-08-11,1700,0.15,0.1427
2026-08-11,3500,0.49,0.5268
2026-08-11,6200,0.69,0.7617
2026-08-12,350,0.2999999999999999,0.2243
2026-08-12,400,0.12,0.1228
2026-08-12,1556,0.13,0.1304
2026-08-12,1700,0.16,0.1467
2026-08-12,3500,0.67,0.6698
2026-08-12,6200,0.87,0.8764
2026-08-13,350,0.2999999999999999,0.2242
2026-08-13,400,0.13,0.1365
2026-08-13,1556,0.12,0.1188
2026-08-13,1700,0.15,0.1446
2026-08-13,3500,0.59,0.5907
2026-08-13,6200,0.89,0.9202
2026-08-14,350,0.28,0.209
2026-08-14,400,0.11,0.1112
2026-08-14,1556,0.11,0.116
2026-08-14,1700,0.14,0.1312
2026-08-14,3500,0.55,0.5364
2026-08-14,6200,0.73,0.7266
2026-08-15,350,0.2999999999999999,0.2318
2026-08-15,400,0.16,0.1573
2026-08-15,1556,0.13,0.1316
2026-08-15,1700,0.17,0.1564
2026-08-15,3500,0.78,0.7328
2026-08-15,6200,0.78,0.801
2026-08-16,350,0.2999999999999999,0.2239
2026-08-16,400,0.16,0.1611
2026-08-16,1556,0.14,0.1387
2026-08-16,1700,0.185,0.1636
2026-08-16,3500,0.65,0.6662
2026-08-16,6200,0.88,0.8569
2026-08-17,350,0.2999999999999999,0.2243
2026-08-17,400,0.14,0.1455
2026-08-17,1556,0.14,0.1494
2026-08-17,1700,0.185,0.1791
2026-08-17,3500,0.84,0.8624
2026-08-17,6200,1.185,0.9812
2026-08-18,350,0.2999999999999999,0.2237
2026-08-18,400,0.15,0.1535
2026-08-18,1556,0.13,0.1336
2026-08-18,1700,0.185,0.1628
2026-08-18,3500,0.58,0.6152
2026-08-18,6200,0.83,0.7768
2026-08-19,350,0.2999999999999999,0.2242
2026-08-19,400,0.12,0.1226
2026-08-19,1556,0.14,0.143
2026-08-19,1700,0.185,0.1615
2026-08-19,3500,0.54,0.5682
2026-08-19,6200,0.75,0.7812
2026-08-20,350,0.2999999999999999,0.2242
2026-08-20,400,0.13,0.1303
2026-08-20,1556,0.13,0.13
2026-08-20,1700,0.17,0.1554
2026-08-20,3500,0.46,0.4634
2026-08-20,6200,0.69,0.7038
2026-08-21,350,0.28,0.2041
2026-08-21,400,0.13,0.137
2026-08-21,1556,0.12,0.1224
2026-08-21,1700,0.17,0.1584
2026-08-21,3500,0.38,0.3995
2026-08-21,6200,0.6,0.6886
2026-08-22,350,0.2999999999999999,0.2245
2026-08-22,400,0.11,0.1069
2026-08-22,1556,0.14,0.1429
2026-08-22,1700,0.185,0.1687
2026-08-22,3500,0.55,0.6082
2026-08-22,6200,0.91,0.914
2026-08-23,350,0.2999999999999999,0.2232
2026-08-23,400,0.13,0.1228
2026-08-23,1556,0.14,0.1325
2026-08-23,1700,0.18,0.1605
2026-08-23,3500,0.55,0.6016
2026-08-23,6200,0.82,0.8247
2026-08-24,350,0.2999999999999999,0.222
2026-08-24,400,0.13,0.1243
2026-08-24,1556,0.14,0.1324
2026-08-24,1700,0.185,0.1665
2026-08-24,3500,0.58,0.6716
2026-08-24,6200,0.86,0.8106
2026-08-25,350,0.2999999999999999,0.2232
2026-08-25,400,0.12,0.1155
2026-08-25,1556,0.13,0.1265
2026-08-25,1700,0.185,0.1617
2026-08-25,3500,0.62,0.6761
2026-08-25,6200,0.91,0.8604
2026-08-26,350,0.2999999999999999,0.2237
2026-08-26,400,0.16,0.1601
2026-08-26,1556,0.12,0.1183
2026-08-26,1700,0.18,0.1615
2026-08-26,3500,0.51,0.5552
2026-08-26,6200,0.75,0.7844
2026-08-27,350,0.2999999999999999,0.2237
2026-08-27,400,0.12,0.1246
2026-08-27,1556,0.12,0.122
2026-08-27,1700,0.18,0.1655
2026-08-27,3500,0.61,0.6827
2026-08-27,6200,0.74,0.7891
2026-08-28,350,0.2999999999999999,0.2278
2026-08-28,400,0.13,0.1252
2026-08-28,1556,0.13,0.1319
2026-08-28,1700,0.16,0.1444
2026-08-28,3500,0.51,0.5621
2026-08-28,6200,0.66,0.6884
2026-08-29,350,0.2999999999999999,0.221
2026-08-29,400,0.16,0.1572
2026-08-29,1556,0.12,0.117
2026-08-29,1700,0.17,0.1604
2026-08-29,3500,0.56,0.5789
2026-08-29,6200,0.84,0.8521
2026-08-30,350,0.2999999999999999,0.2233
2026-08-30,400,0.16,0.1617
2026-08-30,1556,0.12,0.1206
2026-08-30,1700,0.16,0.1524
2026-08-30,3500,0.52,0.5484
2026-08-30,6200,0.79,0.7921
2026-08-31,350,0.2999999999999999,0.2239
2026-08-31,400,0.13,0.1338
2026-08-31,1556,0.14,0.1365
2026-08-31,1700,0.185,0.1662
2026-08-31,3500,0.73,0.7717
2026-08-31,6200,1.185,0.9845
2026-09-01,350,0.2999999999999999,0.2235
2026-09-01,400,0.13,0.1356
2026-09-01,1556,0.14,0.1397
2026-09-01,1700,0.185,0.1603
2026-09-01,3500,0.64,0.6605
2026-09-01,6200,0.92,0.8204
2026-09-02,350,0.2999999999999999,0.224
2026-09-02,400,0.16,0.1429
2026-09-02,1556,0.12,0.1195
2026-09-02,1700,0.16,0.1413
2026-09-02,3500,0.48,0.5315
2026-09-02,6200,0.72,0.7707
2026-09-03,350,0.28,0.2039
2026-09-03,400,0.14,0.1461
2026-09-03,1556,0.12,0.1215
2026-09-03,1700,0.15,0.1394
2026-09-03,3500,0.52,0.5075
2026-09-03,6200,0.73,0.7942
2026-09-04,350,0.26,0.189
2026-09-04,400,0.13,0.1271
2026-09-04,1556,0.12,0.1177
2026-09-04,1700,0.14,0.1293
2026-09-04,3500,0.5,0.4894
2026-09-04,6200,0.79,0.8259
2026-09-05,350,0.28,0.2157
2026-09-05,400,0.12,0.1151
2026-09-05,1556,0.12,0.1196
2026-09-05,1700,0.15,0.1379
2026-09-05,3500,0.51,0.49
2026-09-05,6200,0.83,0.8708
2026-09-06,350,0.29,0.2208
2026-09-06,400,0.15,0.1465
2026-09-06,1556,0.12,0.1211
2026-09-06,1700,0.16,0.1472
2026-09-06,3500,0.53,0.4833
2026-09-06,6200,0.84,0.8677
2026-09-07,350,0.29,0.2192
2026-09-07,400,0.12,0.1295
2026-09-07,1556,0.11,0.1113
2026-09-07,1700,0.14,0.1281
2026-09-07,3500,0.53,0.5179
2026-09-07,6200,0.83,0.7765
2026-09-08,350,0.29,0.2192
2026-09-08,400,0.13,0.1385
2026-09-08,1556,0.11,0.1089
2026-09-08,1700,0.14,0.1293
2026-09-08,3500,0.55,0.5263
2026-09-08,6200,0.82,0.8171
2026-09-09,350,0.29,0.2201
2026-09-09,400,0.11,0.1157
2026-09-09,1556,0.11,0.1089
2026-09-09,1700,0.15,0.1433
2026-09-09,3500,0.54,0.5383
2026-09-09,6200,0.83,0.8203
2026-09-10,350,0.2999999999999999,0.2315
2026-09-10,400,0.13,0.1278
2026-09-10,1556,0.11,0.109
2026-09-10,1700,0.15,0.1438
2026-09-10,3500,0.61,0.5693
2026-09-10,6200,1.03,0.9546
2026-09-11,350,0.28,0.2056
2026-09-11,400,0.14,0.1399
2026-09-11,1556,0.1,0.0989
2026-09-11,1700,0.13,0.1224
2026-09-11,3500,0.57,0.5745
2026-09-11,6200,0.97,0.8727
2026-09-12,350,0.2999999999999999,0.2324
2026-09-12,400,0.16,0.1582
2026-09-12,1556,0.12,0.1215
2026-09-12,1700,0.15,0.1436
2026-09-12,3500,0.62,0.6012
2026-09-12,6200,0.97,0.9126
2026-09-13,350,0.2999999999999999,0.2254
2026-09-13,400,0.14,0.1306
2026-09-13,1556,0.12,0.1173
2026-09-13,1700,0.16,0.1476
2026-09-13,3500,0.55,0.5317
2026-09-13,6200,0.95,0.8384
2026-09-14,350,0.29,0.2174
2026-09-14,400,0.12,0.1203
2026-09-14,1556,0.12,0.1203
2026-09-14,1700,0.15,0.1482
2026-09-14,3500,0.5,0.4868
2026-09-14,6200,0.85,0.7987
2026-09-15,350,0.28,0.2137
2026-09-15,400,0.12,0.1222
2026-09-15,1556,0.11,0.1111
2026-09-15,1700,0.14,0.1365
2026-09-15,3500,0.46,0.4332
2026-09-15,6200,0.67,0.6827
2026-09-16,350,0.25,0.1876
2026-09-16,400,0.12,0.1285
2026-09-16,1556,0.1,0.103
2026-09-16,1700,0.13,0.1266
2026-09-16,3500,0.39,0.3959
2026-09-16,6200,0.55,0.5981
2026-09-17,350,0.26,0.208
2026-09-17,400,0.11,0.1147
2026-09-17,1556,0.11,0.1129
2026-09-17,1700,0.13,0.1282
2026-09-17,3500,0.4,0.4056
2026-09-17,6200,0.57,0.6717
