Date,Avg RRC Connected users [Actual],Avg RRC Connected users [Forecast],E-UTRAN IP Throughput UE DL [Actual],E-UTRAN IP Throughput UE DL [Forecast],4G Cell Av. (%) [Actual],4G Cell Av. (%) [Forecast],E-RAB Drop Rate [Actual],E-RAB Drop Rate [Forecast]
2026-06-03,16562.66,16605.027,10.665748331744519,10.772923,96.06193517635843,97.058014,0.23523355576739752,0.2407674
2026-06-04,16612.21,16581.336,10.343752380952381,10.756433,95.88707619047618,96.416435,0.2957238095238095,0.24658665
2026-06-05,15733.85,15663.181,10.487359389895138,10.501726,96.17146806482364,96.24784,0.2559580552907531,0.27373213
2026-06-06,16353.59,16198.37,10.383870352716874,10.370744,95.95094375595805,95.72849,0.2806959008579599,0.26966634
2026-06-07,16970.05,16661.549,10.086809523809524,10.511143,95.1783619047619,96.58702,0.2797904761904762,0.27675334
2026-06-08,16865.96,16826.049,10.492745471877978,10.3938875,96.33104861773117,96.197754,0.25876072449952336,0.2829304
2026-06-09,16967.91,16810.66,10.224289799809343,10.427329,96.02482364156339,96.41589,0.2721163012392755,0.26381508
2026-06-10,16962.68,16956.111,10.283742857142858,10.301931,95.31937142857143,96.24353,0.25046666666666667,0.26429906
2026-06-11,16853.92,16842.82,10.448515699333967,10.39808,95.0601617507136,96.22658,0.24821122740247384,0.26982492
2026-06-12,15652.83,16010.914,10.953813155386081,10.334594,96.87691134413728,96.415,0.22799809342230698,0.26102668
2026-06-13,16220.03,16441.504,10.93693994280267,10.501348,97.13610104861773,96.50401,0.22795042897998094,0.24500667
2026-06-14,16857.16,16919.666,10.628809523809524,10.606076,97.02162857142858,96.91477,0.21045714285714284,0.2368
2026-06-15,16719.23,16984.838,10.647333333333334,10.622711,96.9992380952381,96.72313,0.2339809523809524,0.23371144
2026-06-16,16420.63,16857.447,10.562607040913415,10.5328045,96.63671741198858,96.76606,0.23856327307326355,0.2396137
2026-06-17,16635.68,16650.95,10.670579847908746,10.516517,96.76858365019012,96.933075,0.22804182509505705,0.24151616
2026-06-18,16477.37,16632.783,11.043678707224336,10.747508,96.96096958174905,97.00371,0.24552281368821294,0.23838402
2026-06-19,15460.31,15923.111,11.059695817490494,10.651483,97.43230038022814,97.04668,0.23849809885931558,0.24570248
2026-06-20,16100.57,16243.486,10.724153992395436,10.763505,97.27025665399239,97.18091,0.22146387832699618,0.2583907
2026-06-21,16663.83,16679.195,10.849220532319391,10.621609,97.08735741444866,97.218155,0.2302091254752852,0.2305171
2026-06-22,16354.54,16651.734,10.559752851711027,11.019171,96.73711977186312,97.17447,0.24243346007604563,0.22773288
2026-06-23,16297.64,16222.595,10.56846958174905,11.05938,96.76404942965779,97.78398,0.25380228136882127,0.23803326
2026-06-24,16233.16,16275.733,10.6556463878327,10.952478,96.09145437262357,97.728165,0.2288403041825095,0.25169677
2026-06-25,16022.06,16090.541,10.765351711026616,10.917282,96.42561787072243,97.466934,0.23166349809885933,0.24110456
2026-06-26,15333.97,15456.844,10.743260456273765,10.470214,97.68506653992395,97.86822,0.24112167300380227,0.24007128
2026-06-27,16040.18,15881.01,10.81367619047619,10.407131,97.09093333333333,97.60645,0.24571428571428572,0.23804191
2026-06-28,16590.04,16561.256,10.619268060836502,10.416333,96.70743346007605,97.75321,0.24917300380228136,0.25325
2026-06-29,16449.39,16415.715,10.248629876308277,10.732585,96.03420551855376,97.59573,0.23912464319695528,0.24780114
2026-06-30,16772.35,16238.602,10.03495247148289,10.786037,94.61742395437263,97.097916,0.24676806083650193,0.2542386
2026-07-01,16710.44,16650.78,9.97155238095238,10.35385,95.02828571428572,96.3139,0.2604095238095238,0.2534
2026-07-02,16544.13,16473.746,10.290380952380952,10.4078045,95.48121904761905,96.68276,0.23789523809523808,0.2555657
2026-07-03,15418.27,15284.578,10.202235965746906,10.358588,95.96459562321598,96.938034,0.2518934348239772,0.2413844
2026-07-04,16089.93,16090.668,10.095285171102661,10.285834,96.37442015209126,95.83405,0.23151140684410648,0.24930134
2026-07-05,16634.71,16598.158,10.123574144486692,10.29188,95.60346007604562,96.94551,0.24945817490494296,0.23933366
2026-07-06,16716.56,16491.74,10.05240494296578,10.323559,95.90433460076045,96.96557,0.24006653992395438,0.25903326
2026-07-07,16590.02,16590.357,9.884319695528069,10.112325,96.56794481446242,97.467476,0.22624167459562322,0.25311798
2026-07-08,16600.46,16523.748,10.390028571428571,10.092236,96.45743809523809,97.39958,0.2592761904761905,0.2524724
2026-07-09,16330.56,16493.6,9.845731939163498,10.493734,96.51871673003802,97.62356,0.25636882129277566,0.25596198
2026-07-10,15275.61,15420.481,10.069410646387833,10.090224,97.40993346007605,97.56782,0.2283365019011407,0.25212738
2026-07-11,15955.65,16097.112,10.030437262357415,10.302516,96.73247148288974,97.58555,0.2450190114068441,0.24275286
2026-07-12,16593.03,16573.578,9.883263558515699,10.300793,95.8195813510942,97.75027,0.2825594671741199,0.24396765
2026-07-13,16653.12,16526.393,9.936330798479087,10.28748,94.97848859315589,97.55608,0.26461977186311786,0.24906655
2026-07-14,16858.0,16547.639,9.41227619047619,10.085513,94.74298095238096,97.1379,0.2533714285714286,0.24734096
2026-07-15,16949.45,16718.305,9.072207421503329,9.87565,92.80192197906756,97.14191,0.27681255946717415,0.248843
2026-07-16,16613.89,16633.521,9.711342857142856,9.768644,94.02324761904762,97.072105,0.28874285714285713,0.25402287
2026-07-17,15384.36,15479.15,9.87189933523267,9.952156,93.8689648622982,97.1296,0.29417853751187084,0.25789174
2026-07-18,16258.32,16072.601,8.928434535104364,10.019862,88.90980075901328,95.72508,0.27054079696394684,0.26499337
2026-07-19,16977.28,16678.59,8.368519924098672,9.600659,91.32983870967742,94.921875,0.262134724857685,0.25734156
2026-07-20,16674.0,16712.734,8.967521367521368,9.558803,91.38079772079772,95.869484,0.286039886039886,0.26390028
2026-07-21,16637.35,16355.433,8.999799809342232,9.593268,90.65097235462345,95.97429,0.3060057197330791,0.26131552
2026-07-22,16749.69,16369.849,9.022038095238095,9.630751,88.71545714285713,96.17382,0.2864857142857143,0.27705237
2026-07-23,16579.9,16094.22,8.992299618320612,9.855003,86.88685114503816,95.5567,0.2998091603053435,0.26005438
2026-07-24,15802.38,15057.65,9.07666347075743,9.616856,86.16703739213807,95.168816,0.2879194630872483,0.26547462
2026-07-25,16472.34,16074.142,8.793396946564885,9.45333,86.35959923664122,92.65311,0.2979866412213741,0.27072233
2026-07-26,16781.86,16712.188,8.867314285714286,9.243571,87.75047619047619,93.49277,0.29712380952380957,0.28716096
2026-07-27,17133.38,16131.61,8.89694364851958,9.93097,88.64945558739255,93.68508,0.3190353390639924,0.25882712
2026-07-28,17517.96,16329.769,8.441504761904762,9.849406,82.56743809523809,93.99159,0.33763809523809524,0.28576857
2026-07-29,17448.89,16554.836,8.847211079274118,9.505527,83.86018147086915,92.350044,0.3225978987583572,0.29699427
2026-07-30,17094.92,16621.68,9.928164435946464,9.387321,91.50216061185468,92.52458,0.2670267686424474,0.30747896
2026-07-31,16189.67,15861.902,9.72337153772684,9.477635,93.99461318051576,94.25162,0.2534383954154728,0.2910917
2026-08-01,16350.52,16343.128,9.732237093690248,9.5492,92.44575525812618,92.58803,0.29390057361376676,0.26967305
2026-08-02,16951.04,17081.729,9.733704761904761,9.675698,91.67020000000001,94.00741,0.27149523809523807,0.29159904
2026-08-03,17108.34,17081.08,9.612637571157494,9.787471,91.94111954459203,95.11476,0.26002846299810245,0.27489182
2026-08-04,17221.97,17073.129,8.9802192564347,9.480444,89.97784556720686,94.75121,0.30708293612964727,0.2615882
2026-08-05,17089.89,17067.15,9.2771113243762,9.309291,90.26753358925144,93.90534,0.3119673704414587,0.2846315
2026-08-06,16923.0,16869.465,9.376663479923518,9.559505,90.3463862332696,94.99172,0.2873900573613767,0.2819082
2026-08-07,15894.46,15812.221,9.624101338432121,9.549276,92.47550669216062,95.29722,0.2404206500956023,0.282913
2026-08-08,16523.31,16407.18,9.594461391801715,9.719573,91.25637750238323,93.92379,0.26200190657769307,0.26764062
2026-08-09,17123.64,17077.176,9.208284080076263,9.650974,91.12606291706388,94.556015,0.32300285986653954,0.2688341
2026-08-10,17196.2,17043.785,8.515219047619047,9.687105,87.62877142857144,94.90232,0.3051904761904762,0.2833781
2026-08-11,17151.55,17131.37,8.603142857142856,9.139586,86.02193333333334,93.61665,0.2653142857142857,0.27982476
2026-08-12,15885.7,17028.146,8.260604026845638,9.206555,81.33612655800576,93.90375,0.31705656759348033,0.26812845
2026-08-13,16489.14,16175.089,8.997569113441374,9.154603,89.22061963775023,91.07089,0.3173117254528122,0.2654242
2026-08-14,15745.69,15601.371,9.426590476190476,9.284948,91.79442857142857,94.002556,0.2700952380952381,0.27285713
2026-08-15,16339.31,16419.342,8.825462345090562,9.476515,87.86924690181125,93.26721,0.31393708293612965,0.2690801
2026-08-16,17684.99,17062.85,7.414400767018217,9.1216135,71.8526845637584,92.82573,0.377823585810163,0.28028283
2026-08-17,18291.21,17230.283,6.427942307692308,8.656286,56.973230769230774,88.7159,0.5524903846153847,0.2940279
2026-08-18,17692.8,17797.078,7.91665711556829,8.212648,83.52039159503343,85.83498,0.3375835721107927,0.37644315
2026-08-19,17170.52,17236.475,8.413393536121673,8.635537,84.10616920152091,90.65513,0.3084315589353612,0.31810647
2026-08-20,16838.82,16731.242,8.988320610687023,9.038584,86.16914122137405,91.72598,0.2828912213740458,0.31112215
2026-08-21,16074.44,15440.432,9.003511961722488,9.117808,87.84332057416269,92.70067,0.26398086124401915,0.26900765
2026-08-22,16524.49,16195.555,8.475398655139289,9.076542,86.22606147934678,91.24567,0.33341018251681076,0.25587994
2026-08-23,17335.88,17300.55,8.314080076263107,8.882454,85.00520495710201,91.87506,0.314280266920877,0.28107053
2026-08-24,17255.07,17030.256,8.24359344894027,9.249483,83.90679190751445,92.896,0.34131984585741815,0.27089307
2026-08-25,16788.66,16810.338,7.988647342995169,8.873402,81.53868599033815,92.00006,0.3506376811594203,0.3019285
2026-08-26,17216.8,16376.34,8.191023166023166,8.753474,85.04745173745174,91.88862,0.30829150579150577,0.32540348
2026-08-27,17179.57,16712.16,8.220153550863722,9.009488,84.54414587332053,92.42674,0.3184357005758157,0.30177352
2026-08-28,16033.73,15732.464,8.53406007751938,8.639967,87.6740988372093,92.558464,0.2826356589147287,0.31057945
2026-08-29,16708.02,16471.865,8.311203079884505,8.73594,86.18761308950914,91.492874,0.313051010587103,0.29773724
2026-08-30,17301.82,17220.262,8.141708253358924,8.787107,84.791113243762,90.982315,0.31022072936660267,0.31019676
2026-08-31,17649.71,17014.68,7.010107003891051,8.737622,69.41439688715953,91.416534,0.43299610894941637,0.34057102
2026-09-01,17341.35,17418.355,7.760896817743491,7.913424,81.72969141755063,85.62566,0.36137897782063644,0.3690482
2026-09-02,16982.96,17390.688,8.620682692307692,8.3125725,84.22886538461539,89.96388,0.2889326923076923,0.33484712
2026-09-03,16836.2,16820.111,9.047622714148218,8.872976,88.27830606352262,91.70071,0.2887584215591915,0.2669028
2026-09-04,15888.71,15823.99,8.92568683957733,8.88181,88.47747358309319,92.82032,0.2813544668587896,0.2696993
2026-09-05,16464.99,16573.42,9.162595785440613,8.857955,89.54136973180077,90.020546,0.3111494252873563,0.27762452
2026-09-06,16927.94,17234.512,9.011860019175456,8.968506,89.24209012464046,92.396065,0.29539789069990413,0.29493287
2026-09-07,16952.57,16989.943,9.252538167938932,9.2690935,90.06858778625954,92.8425,0.28915076335877865,0.3242061
2026-09-08,16896.86,17029.03,9.051571428571428,9.227701,89.85188571428571,93.5889,0.2870571428571429,0.28507048
2026-09-09,16919.9,17021.107,9.116929657794676,9.226468,88.99923954372623,93.983864,0.2928992395437262,0.28707984
2026-09-10,16805.21,16776.768,9.09730294396961,9.338289,89.2618138651472,93.40617,0.33224121557454894,0.27526972
2026-09-11,16021.42,15828.759,9.155439770554494,9.146237,90.71265774378585,93.8692,0.3090726577437859,0.28915486
2026-09-12,16564.32,16422.059,8.515692307692307,9.319512,88.26277884615384,93.44885,0.31248076923076923,0.2914423
2026-09-13,17024.7,17074.73,8.801680993314232,9.018718,88.12639923591213,92.77147,0.3114040114613181,0.2925368
2026-09-14,16557.93,16966.586,9.804604385128695,9.2410965,92.42825548141087,92.843,0.2873784556720686,0.2821411
2026-09-15,16090.14,16793.932,9.984938036224976,9.650389,94.3731267874166,94.08344,0.2518112488083889,0.27735844
2026-09-16,16081.29,16527.29,10.472183031458531,9.790304,97.23270734032413,95.93807,0.22168732125834129,0.26536417
2026-09-17,15980.71,16305.663,10.718587786259542,10.186079,96.7694751908397,97.13256,0.23481870229007634,0.23511927
2026-09-18,15487.03,15688.374,10.431971428571428,9.9918785,97.54497142857143,97.342354,0.21864761904761906,0.23856094
2026-09-19,16279.11,16112.383,10.319876425855513,10.031172,97.66492395437263,96.70394,0.23814638783269962,0.24007225
