Date,4G Overall Accumulated Data Volume (GB)
2026-01-01,904395.9
2026-01-02,918375.2
2026-01-03,906256.18
2026-01-04,903937.13
2026-01-05,911452.03
2026-01-06,931756.05
2026-01-07,989244.12
2026-01-08,964705.75
2026-01-09,981608.0
2026-01-10,941620.38
2026-01-11,926814.79
2026-01-12,923599.35
2026-01-13,906237.84
2026-01-14,927318.76
2026-01-15,929442.22
2026-01-16,953394.29
2026-01-17,927567.31
2026-01-18,913952.19
2026-01-19,908544.44
2026-01-20,935619.58
2026-01-21,948858.28
2026-01-22,932735.91
2026-01-23,973516.35
2026-01-24,939111.43
2026-01-25,948658.56
2026-01-26,964097.1
2026-01-27,950340.57
2026-01-28,948897.63
2026-01-29,942588.49
2026-01-30,984116.81
2026-01-31,990741.7
2026-02-01,995216.76
2026-02-02,918006.32
2026-02-03,927674.47
2026-02-04,964702.14
2026-02-05,963704.71
2026-02-06,1010238.83
2026-02-07,988981.79
2026-02-08,937522.66
2026-02-09,927685.87
2026-02-10,913803.3
2026-02-11,929423.68
2026-02-12,966761.59
2026-02-13,984594.57
2026-02-14,986203.12
2026-02-15,949274.39
2026-02-16,922072.58
2026-02-17,956075.96
2026-02-18,908353.64
2026-02-19,890401.21
2026-02-20,939423.67
2026-02-21,950825.14
2026-02-22,953249.49
2026-02-23,933360.47
2026-02-24,940399.94
2026-02-25,970931.02
2026-02-26,964212.64
2026-02-27,977667.53
2026-02-28,992667.87
2026-03-01,995319.27
2026-03-02,991142.6
2026-03-03,1014453.42
2026-03-04,999476.82
2026-03-05,1003810.57
2026-03-06,1013808.33
2026-03-07,1010013.24
2026-03-08,999182.1
2026-03-09,993944.28
2026-03-10,1006466.7
2026-03-11,1029100.3
2026-03-12,1065989.14
2026-03-13,1057289.0
2026-03-14,1027901.17
2026-03-15,1024530.06
2026-03-16,1030899.85
2026-03-17,1003872.9
2026-03-18,971764.04
2026-03-19,953577.01
2026-03-20,1057139.95
2026-03-21,1036736.51
2026-03-22,1079966.93
2026-03-23,1047210.5
2026-03-24,1069914.98
2026-03-25,1058825.19
2026-03-26,1039906.57
2026-03-27,1054357.52
2026-03-28,1037871.76
2026-03-29,994355.76
2026-03-30,978622.22
2026-03-31,989815.96
2026-04-01,994202.43
2026-04-02,1011281.41
2026-04-03,1036825.69
2026-04-04,1040895.18
2026-04-05,1004035.29
2026-04-06,970992.65
2026-04-07,988067.01
2026-04-08,999121.07
2026-04-09,1009129.05
2026-04-10,1037147.79
2026-04-11,1028208.4
2026-04-12,1006698.52
2026-04-13,989960.32
2026-04-14,1006923.71
2026-04-15,999345.55
2026-04-16,1009388.25
2026-04-17,1030280.71
2026-04-18,1020609.5
2026-04-19,998177.33
2026-04-20,979718.99
2026-04-21,988764.92
2026-04-22,990592.93
2026-04-23,1008285.59
2026-04-24,1021566.68
2026-04-25,1015889.59
2026-04-26,994453.63
2026-04-27,1001132.07
2026-04-28,1002115.08
2026-04-29,1015974.81
2026-04-30,1008365.7
2026-05-01,1038681.03
2026-05-02,999092.21
2026-05-03,1012858.11
2026-05-04,1003369.14
2026-05-05,1010189.95
2026-05-06,1035615.97
2026-05-07,1015111.47
2026-05-08,1019010.84
2026-05-09,1017032.91
2026-05-10,1022120.18
2026-05-11,988506.01
2026-05-12,1027106.08
2026-05-13,1033392.22
2026-05-14,1041976.07
2026-05-15,1044917.5
2026-05-16,1052013.76
2026-05-17,1041665.64
2026-05-18,1018691.51
2026-05-19,1020075.24
2026-05-20,1023266.39
2026-05-21,1041687.23
2026-05-22,1053389.7
2026-05-23,1044556.13
2026-05-24,1033981.35
2026-05-25,982541.94
2026-05-26,914038.3
2026-05-27,956316.84
2026-05-28,973018.01
2026-05-29,1023262.4
2026-05-30,1052295.36
2026-05-31,1055788.15
2026-06-01,1045079.01
2026-06-02,1051294.86
2026-06-03,1056000.59
2026-06-04,1077255.2
2026-06-05,1074781.85
2026-06-06,1069437.61
2026-06-07,1066998.27
2026-06-08,1059253.2
2026-06-09,1056955.13
2026-06-10,1057604.89
2026-06-11,1058568.63
2026-06-12,1075767.8
2026-06-13,1070826.34
2026-06-14,1086421.35
2026-06-15,1077988.52
2026-06-16,1084746.79
2026-06-17,1103016.18
2026-06-18,1065938.76
2026-06-19,1057278.16
2026-06-20,1070616.69
2026-06-21,1074539.65
2026-06-22,1076996.87
2026-06-23,1066161.51
2026-06-24,1047767.12
2026-06-25,1063918.37
2026-06-26,1076825.94
2026-06-27,1076234.23
2026-06-28,1077899.32
2026-06-29,1072585.3
2026-06-30,1091696.69
2026-07-01,1078342.15
2026-07-02,1070623.73
2026-07-03,1099363.63
2026-07-04,1108024.17
2026-07-05,1057777.53
2026-07-06,1093505.51
2026-07-07,1097879.1
2026-07-08,1069038.67
2026-07-09,1105912.95
2026-07-10,1106262.54
2026-07-11,1087239.65
2026-07-12,1095199.73
2026-07-13,1065489.99
2026-07-14,1082465.03
2026-07-15,1063358.62
2026-07-16,1059230.5
2026-07-17,1027406.57
2026-07-18,1009339.17
2026-07-19,1076661.35
2026-07-20,1042284.72
2026-07-21,1015456.65
2026-07-22,1013362.56
2026-07-23,990655.57
2026-07-24,992711.71
2026-07-25,1002788.22
2026-07-26,1019064.58
2026-07-27,1018659.22
2026-07-28,970178.98
2026-07-29,986988.99
2026-07-30,957488.8
2026-07-31,986284.6
2026-08-01,1016820.79
2026-08-02,1037792.83
2026-08-03,1038796.16
2026-08-04,1038487.0
2026-08-05,1035656.81
2026-08-06,1042878.92
2026-08-07,1064857.24
2026-08-08,1049000.24
2026-08-09,1038132.66
2026-08-10,1021298.48
2026-08-11,1014132.72
2026-08-12,958233.94
2026-08-13,1054549.76
2026-08-14,1058095.09
2026-08-15,1017321.82
2026-08-16,928046.12
2026-08-17,727726.39
2026-08-18,1025312.51
2026-08-19,1013698.94
2026-08-20,1018229.47
2026-08-21,1037991.25
2026-08-22,1006785.2
2026-08-23,1007432.53
2026-08-24,971386.84
2026-08-25,961836.78
2026-08-26,995688.18
2026-08-27,996572.2
2026-08-28,1017469.38
2026-08-29,1006739.67
2026-08-30,1013799.65
2026-08-31,882393.34
2026-09-01,1003643.72
2026-09-02,1006996.77
2026-09-03,1032074.52
2026-09-04,1040298.75
2026-09-05,1049487.38
2026-09-06,1043868.74
2026-09-07,1046714.74
2026-09-08,1055828.65
2026-09-09,1063009.82
2026-09-10,1064689.34
2026-09-11,1048289.48
2026-09-12,1062093.46
2026-09-13,1055527.5
2026-09-14,1066305.22
2026-09-15,1075243.41
2026-09-16,1115536.59
2026-09-17,1112043.52
2026-09-18,1134556.98
2026-09-19,1135857.32
2026-09-20,1135701.1
2026-09-21,1111492.46
