Date,RRC Setup Success Rate,E-RAB Establishment Success Rate,E-RAB Drop Rate,Handover Success Rate ( 4G Intra System),Handover Success Rate,E-UTRAN IP Throughput UE DL,E-UTRAN IP Throughput UE UL
2025-09-18,99.59,99.69,0.19,0.97,96.66,7.66,0.91
2025-09-19,99.6,99.69,0.19,0.95,94.81,7.19,0.86
2025-09-20,99.66,99.69,0.2,0.95,94.93,7.75,0.88
2025-09-21,99.67,99.69,0.17,0.95,95.27,8.14,0.98
2025-09-22,99.67,99.69,0.18,0.95,95.19,8.21,0.96
2025-09-23,99.66,99.69,0.18,0.95,94.85,8.01,0.95
2025-09-24,99.61,99.68,0.22,0.95,94.91,7.99,0.84
2025-09-25,99.64,99.69,0.2,0.94,94.02,8.22,0.93
2025-09-26,99.28,99.67,0.21,0.93,92.78,7.37,0.85
2025-09-27,99.63,99.68,0.2,0.94,93.61,7.61,0.9
2025-09-28,99.64,99.69,0.2,0.94,94.4,7.99,0.9
2025-09-29,99.64,99.68,0.2,0.95,94.82,8.39,0.9
2025-09-30,99.67,99.69,0.18,0.95,94.91,8.68,1.01
2025-10-01,99.67,99.69,0.17,0.95,95.01,8.42,1.07
2025-10-02,99.66,99.68,0.18,0.96,96.02,8.79,1.02
2025-10-03,99.67,99.69,0.17,0.99,98.69,8.0,1.03
2025-10-04,99.67,99.69,0.16,0.99,98.77,8.22,1.07
2025-10-05,99.67,99.69,0.18,0.98,97.81,8.58,0.96
2025-10-06,99.68,99.71,0.2,0.97,97.42,8.75,0.94
2025-10-07,99.67,99.7,0.2,0.97,97.35,8.86,0.92
2025-10-08,99.67,99.68,0.18,0.98,98.2,8.78,1.05
2025-10-09,99.67,99.68,0.17,0.98,98.08,8.98,1.11
2025-10-10,99.8,99.66,0.1,0.97,97.4,11.67,1.26
2025-10-13,99.68,99.68,0.17,0.98,97.9,8.84,1.06
2025-10-14,99.67,99.68,0.19,0.98,98.31,8.41,1.01
2025-10-15,99.67,99.67,0.18,0.99,98.82,8.25,1.02
2025-10-16,99.67,99.68,0.18,0.99,98.82,8.45,1.05
2025-10-17,98.76,99.66,0.19,0.98,98.23,7.6,0.99
2025-10-18,99.67,99.68,0.16,0.99,98.79,7.84,1.09
2025-10-19,99.65,99.68,0.18,0.98,98.39,7.52,1.06
2025-10-20,99.67,99.68,0.17,0.99,98.8,8.14,1.06
2025-10-21,99.66,99.67,0.17,0.99,98.85,8.08,1.06
2025-10-22,99.57,99.63,0.2,0.99,98.72,7.74,1.04
2025-10-23,99.66,99.67,0.17,0.99,98.81,8.43,1.11
2025-10-24,99.67,99.68,0.16,0.99,98.69,7.79,1.09
2025-10-25,99.66,99.67,0.17,0.99,98.62,7.97,1.06
2025-10-26,98.24,99.64,0.23,0.98,97.89,7.32,0.88
2025-10-27,99.67,99.68,0.17,0.94,94.18,8.07,1.07
2025-10-28,99.67,99.68,0.17,0.94,94.02,8.31,1.09
2025-10-29,99.67,99.68,0.17,0.94,93.86,8.26,1.07
2025-10-30,99.67,99.68,0.18,0.94,94.07,8.42,1.07
2025-10-31,99.68,99.68,0.16,0.95,94.69,7.94,1.08
2025-11-01,99.67,99.68,0.17,0.95,94.89,7.92,1.09
2025-11-02,99.67,99.68,0.17,0.95,94.57,8.29,1.1
2025-11-03,99.67,99.68,0.17,0.94,94.2,8.16,1.11
2025-11-04,99.66,99.68,0.17,0.94,94.23,7.84,1.06
2025-11-05,99.65,99.68,0.18,0.94,94.08,7.89,1.05
2025-11-06,99.65,99.68,0.17,0.94,94.41,8.09,1.09
2025-11-07,99.67,99.68,0.15,0.95,94.83,7.65,1.08
2025-11-08,99.66,99.68,0.16,0.95,94.52,7.78,1.06
2025-11-09,99.66,99.68,0.16,0.95,94.86,7.68,1.08
2025-11-10,99.66,99.68,0.17,0.95,94.51,7.84,1.08
2025-11-11,99.66,99.68,0.17,0.95,94.87,8.08,1.07
2025-11-12,99.66,99.68,0.16,0.95,94.88,8.24,1.09
2025-11-13,99.66,99.68,0.17,0.94,94.2,8.22,1.12
2025-11-14,99.67,99.67,0.16,0.94,94.14,7.74,1.11
2025-11-15,99.66,99.67,0.16,0.94,93.61,7.82,1.09
2025-11-16,99.67,99.67,0.17,0.94,93.85,7.86,1.04
2025-11-17,99.66,99.67,0.18,0.96,96.49,7.89,0.99
2025-11-18,99.67,99.67,0.17,0.99,98.9,7.77,1.03
2025-11-19,99.67,99.67,0.19,0.99,98.83,7.64,0.99
2025-11-20,99.66,99.67,0.18,0.99,98.92,7.87,1.06
2025-11-21,99.68,99.68,0.15,0.99,98.91,7.44,1.07
2025-11-22,99.68,99.67,0.16,0.99,98.95,7.38,1.05
2025-11-23,99.69,99.67,0.16,0.99,98.99,7.6,1.08
2025-11-24,99.69,99.67,0.16,0.99,99.06,8.17,1.09
2025-11-25,99.69,99.66,0.17,0.99,98.97,7.67,1.03
2025-11-26,99.68,99.66,0.18,0.99,98.92,7.49,1.01
2025-11-27,99.68,99.67,0.16,0.99,99.0,7.69,1.1
2025-11-28,99.69,99.67,0.15,0.99,98.94,7.16,1.07
2025-11-29,99.67,99.66,0.17,0.99,98.9,7.07,0.98
2025-11-30,99.67,99.65,0.18,0.99,98.91,7.45,0.98
2025-12-01,99.69,99.66,0.17,0.99,98.8,8.06,1.07
2025-12-02,99.64,99.62,0.2,0.99,98.85,7.7,1.02
2025-12-03,99.65,99.65,0.19,0.99,98.97,7.42,1.02
2025-12-04,99.67,99.68,0.18,0.99,98.97,6.88,1.04
2025-12-05,99.68,99.67,0.17,0.99,98.93,7.13,1.03
2025-12-06,99.67,99.67,0.17,0.99,98.94,6.74,1.01
2025-12-07,99.67,99.65,0.2,0.99,98.89,7.5,0.96
2025-12-08,99.66,99.64,0.26,0.99,98.61,7.09,0.8
2025-12-09,99.66,99.65,0.27,0.99,98.52,7.21,0.77
2025-12-10,99.66,99.65,0.29,0.98,98.28,7.27,0.77
2025-12-11,99.67,99.66,0.19,0.99,98.9,7.76,0.99
2025-12-12,99.69,99.66,0.17,0.99,98.87,7.31,1.01
2025-12-13,99.68,99.66,0.17,0.99,99.0,7.48,1.05
2025-12-14,99.69,99.66,0.17,0.99,99.02,7.8,1.04
2025-12-15,99.69,99.67,0.17,0.99,99.02,7.82,1.05
2025-12-16,99.68,99.66,0.18,0.99,98.99,7.71,1.02
2025-12-17,99.67,99.65,0.23,0.99,98.75,7.7,0.87
2025-12-18,99.66,99.66,0.22,0.99,98.74,7.49,0.9
2025-12-19,99.67,99.65,0.25,0.98,98.29,6.56,0.77
2025-12-20,99.67,99.66,0.26,0.98,98.36,7.23,0.81
2025-12-21,99.67,99.66,0.24,0.99,98.61,7.51,0.85
2025-12-22,99.69,99.68,0.2,0.99,98.84,7.71,0.98
2025-12-23,99.68,99.68,0.17,0.99,98.79,7.55,1.08
2025-12-24,99.65,99.67,0.28,0.99,98.6,7.44,0.98
2025-12-25,99.66,99.66,0.29,0.99,98.75,7.94,1.09
2025-12-26,99.66,99.66,0.28,0.99,98.59,7.24,1.01
2025-12-27,99.53,99.7,0.19,0.99,98.61,7.08,0.95
2025-12-28,99.67,99.67,0.32,0.98,98.46,7.7,0.94
2025-12-29,99.69,99.7,0.17,0.99,98.81,7.85,1.12
2025-12-30,99.68,99.7,0.17,0.99,98.97,8.09,1.13
2025-12-31,99.68,99.7,0.19,0.99,98.91,7.75,1.11
2026-01-01,99.68,99.7,0.22,0.99,98.75,7.86,1.09
2026-01-02,99.69,99.7,0.16,0.99,98.7,7.67,1.14
2026-01-03,99.68,99.7,0.18,0.99,98.76,7.56,1.11
2026-01-04,99.65,99.74,0.2,0.99,98.74,7.68,1.28
2026-01-05,99.68,99.77,0.18,0.99,99.03,7.47,1.39
2026-01-06,99.57,99.74,0.25,0.99,98.99,7.13,1.26
2026-01-07,99.65,99.76,0.2,0.99,98.97,6.84,1.38
2026-01-08,99.66,99.76,0.2,0.99,98.96,7.15,1.41
2026-01-09,99.68,99.76,0.19,0.99,98.88,6.98,1.39
2026-01-10,99.66,99.73,0.31,0.99,98.81,7.06,1.29
2026-01-11,99.62,99.66,0.48,0.98,98.22,6.97,1.21
2026-01-12,99.67,99.74,0.28,0.99,98.56,7.26,1.29
2026-01-13,99.68,99.76,0.2,0.98,98.47,7.59,1.37
2026-01-14,99.66,99.74,0.29,0.98,98.2,6.78,1.28
2026-01-15,99.66,99.76,0.18,0.98,98.32,7.14,1.38
2026-01-16,99.67,99.72,0.31,0.98,98.1,7.06,1.29
2026-01-17,99.66,99.73,0.29,0.98,98.12,7.1,1.28
2026-01-18,99.65,99.71,0.34,0.98,97.83,6.75,1.24
2026-01-19,99.66,99.71,0.36,0.98,97.88,7.17,1.18
2026-01-20,99.64,99.69,0.46,0.98,97.56,6.86,1.12
2026-01-21,99.66,99.72,0.32,0.98,97.63,6.79,1.26
2026-01-22,99.64,99.7,0.36,0.98,97.66,7.25,1.28
2026-01-23,99.67,99.75,0.22,0.98,97.92,6.99,1.34
2026-01-24,99.67,99.76,0.19,0.98,97.73,7.22,1.36
2026-01-25,99.66,99.76,0.18,0.98,97.77,6.8,1.39
2026-01-26,99.66,99.76,0.18,0.98,97.59,6.36,1.32
2026-01-27,99.65,99.75,0.21,0.98,97.53,7.1,1.33
2026-01-28,99.67,99.75,0.21,0.98,97.6,6.91,1.32
2026-01-29,99.65,99.72,0.27,0.97,97.39,7.08,1.32
2026-01-30,99.67,99.73,0.25,0.98,97.52,6.68,1.29
2026-01-31,99.6,99.64,0.49,0.97,97.08,5.77,1.04
2026-02-01,99.65,99.69,0.39,0.97,96.88,6.07,1.07
2026-02-02,99.65,99.72,0.32,0.97,96.96,7.24,1.24
2026-02-03,99.66,99.75,0.18,0.97,97.24,6.72,1.32
2026-02-04,99.64,99.74,0.22,0.97,97.27,6.63,1.28
2026-02-05,99.64,99.75,0.23,0.97,97.15,6.95,1.32
2026-02-06,99.67,99.75,0.22,0.97,97.48,6.51,1.27
2026-02-07,99.66,99.75,0.22,0.97,97.22,6.67,1.32
2026-02-08,99.67,99.76,0.19,0.97,97.16,7.02,1.37
2026-02-09,99.67,99.75,0.22,0.97,97.36,7.12,1.36
2026-02-10,99.67,99.75,0.24,0.97,97.15,7.23,1.34
2026-02-11,99.63,99.71,0.33,0.97,97.06,7.13,1.28
2026-02-12,99.65,99.75,0.22,0.97,97.31,6.79,1.35
2026-02-13,99.66,99.73,0.28,0.97,97.32,6.75,1.25
2026-02-14,99.66,99.75,0.24,0.97,97.26,6.69,1.32
2026-02-15,99.66,99.76,0.2,0.97,97.19,6.89,1.38
2026-02-16,99.64,99.73,0.27,0.97,97.07,7.27,1.34
2026-02-17,99.67,99.76,0.21,0.97,97.26,7.09,1.42
2026-02-18,99.68,99.74,0.32,0.97,97.13,8.3,1.34
2026-02-19,99.73,99.77,0.17,0.98,97.72,8.76,1.42
2026-02-20,99.59,99.67,0.46,0.98,97.61,7.84,1.12
2026-02-21,99.64,99.7,0.32,0.98,97.53,7.6,1.23
2026-02-22,99.71,99.76,0.2,0.98,97.63,7.86,1.35
2026-02-23,99.71,99.77,0.16,0.97,97.48,8.04,1.39
2026-02-24,99.69,99.76,0.22,0.98,97.57,7.82,1.3
2026-02-25,99.69,99.76,0.22,0.98,97.54,7.42,1.26
2026-02-26,99.64,99.7,0.35,0.98,97.58,7.46,1.15
2026-02-27,99.66,99.73,0.25,0.98,97.6,7.25,1.19
2026-02-28,99.6,99.67,0.35,0.97,97.48,7.02,1.15
2026-03-01,99.5,99.65,0.42,0.97,97.37,7.02,1.1
2026-03-02,99.6,99.7,0.38,0.98,97.51,6.98,1.13
2026-03-03,99.68,99.76,0.17,0.98,97.74,6.61,1.24
2026-03-04,99.64,99.72,0.37,0.98,97.69,6.8,1.1
2026-03-05,99.67,99.75,0.25,0.98,97.72,6.81,1.24
2026-03-06,99.67,99.76,0.22,0.98,97.93,6.51,1.26
2026-03-07,99.65,99.74,0.27,0.98,97.73,6.41,1.2
2026-03-08,99.67,99.75,0.25,0.98,97.69,6.68,1.18
2026-03-09,99.61,99.7,0.32,0.98,97.73,6.65,1.12
2026-03-10,99.63,99.74,0.23,0.98,97.68,6.5,1.15
2026-03-11,99.66,99.76,0.19,0.98,97.82,6.35,1.26
2026-03-12,99.66,99.76,0.2,0.98,97.78,6.53,1.15
2026-03-13,99.63,99.72,0.31,0.97,97.47,6.29,1.22
2026-03-14,99.64,99.75,0.23,0.98,97.57,6.45,1.12
2026-03-15,99.66,99.76,0.21,0.98,97.56,6.59,1.23
2026-03-16,99.65,99.76,0.22,0.97,96.78,5.53,1.1
2026-03-17,99.66,99.76,0.19,0.97,97.22,5.37,1.12
2026-03-18,99.65,99.75,0.22,0.98,97.71,6.33,1.07
2026-03-19,99.66,99.75,0.22,0.98,97.7,6.93,1.1
2026-03-20,99.56,99.69,0.35,0.98,97.59,7.21,1.3
2026-03-21,99.68,99.75,0.22,0.98,97.59,7.15,1.25
2026-03-22,99.65,99.74,0.22,0.97,97.44,6.35,1.21
2026-03-23,99.52,99.71,0.29,0.97,97.33,6.77,1.11
2026-03-24,99.66,99.75,0.22,0.98,97.52,6.7,1.17
2026-03-25,99.66,99.75,0.21,0.98,97.55,6.62,1.19
2026-03-26,99.28,99.57,0.51,0.97,97.45,6.72,1.07
2026-03-27,99.61,99.7,0.39,0.97,97.25,6.22,1.01
2026-03-28,99.59,99.68,0.4,0.97,97.07,6.47,1.08
2026-03-29,99.56,99.69,0.35,0.97,97.33,6.89,1.12
2026-03-30,99.62,99.68,0.42,0.97,97.24,6.83,1.01
2026-03-31,99.6,99.67,0.45,0.97,97.07,6.7,0.99
2026-04-01,99.61,99.69,0.4,0.97,97.08,6.51,0.94
2026-04-02,99.64,99.73,0.26,0.97,97.25,6.67,0.96
2026-04-03,99.63,99.72,0.27,0.97,97.32,6.42,0.93
2026-04-04,99.59,99.69,0.32,0.97,97.31,6.1,0.89
2026-04-05,99.64,99.72,0.24,0.97,97.36,6.39,1.02
2026-04-06,99.59,99.61,0.5,0.97,96.76,6.63,0.97
2026-04-07,99.61,99.64,0.37,0.97,96.76,6.47,0.92
2026-04-08,99.64,99.65,0.27,0.97,97.35,6.35,0.83
2026-04-09,99.64,99.66,0.24,0.98,97.63,6.67,0.96
2026-04-10,99.62,99.65,0.22,0.98,97.62,6.32,1.0
2026-04-11,99.63,99.66,0.23,0.98,97.6,6.32,0.92
2026-04-12,99.65,99.67,0.24,0.98,97.66,6.45,0.88
2026-04-13,99.65,99.67,0.24,0.98,97.52,6.66,0.88
2026-04-14,99.64,99.67,0.26,0.97,97.44,6.27,0.86
2026-04-15,99.64,99.67,0.24,0.98,97.5,6.3,0.89
2026-04-16,99.64,99.67,0.28,0.97,97.44,6.53,0.88
2026-04-17,99.66,99.67,0.24,0.98,97.51,6.44,0.94
2026-04-18,99.64,99.66,0.25,0.98,97.52,6.46,0.93
2026-04-19,99.65,99.67,0.24,0.97,97.43,6.57,0.92
2026-04-20,99.65,99.66,0.26,0.97,97.28,6.72,0.88
2026-04-21,99.65,99.66,0.27,0.97,97.23,6.62,0.86
2026-04-22,99.64,99.66,0.26,0.97,97.34,6.49,0.83
2026-04-23,99.65,99.67,0.23,0.97,97.48,6.68,0.94
2026-04-24,99.66,99.67,0.24,0.97,97.35,6.55,0.91
2026-04-25,99.65,99.66,0.24,0.97,97.29,6.45,0.92
2026-04-26,99.65,99.66,0.24,0.97,97.35,6.65,0.92
2026-04-27,99.66,99.66,0.2,0.98,97.72,6.65,1.02
2026-04-28,99.65,99.67,0.24,0.98,97.7,6.67,0.89
2026-04-29,99.65,99.67,0.23,0.98,97.74,6.78,1.02
2026-04-30,99.65,99.67,0.25,0.97,97.48,6.94,0.94
2026-05-01,99.66,99.68,0.22,0.98,97.82,6.29,1.0
2026-05-02,99.61,99.65,0.28,0.98,97.54,6.37,0.9
2026-05-03,99.65,99.67,0.27,0.97,97.48,6.53,0.93
2026-05-04,99.66,99.68,0.23,0.97,97.49,6.72,1.04
2026-05-05,99.64,99.67,0.27,0.97,97.44,6.49,0.86
2026-05-06,99.65,99.68,0.22,0.98,97.71,6.35,0.97
2026-05-07,99.63,99.67,0.28,0.97,97.42,6.65,0.89
2026-05-08,99.63,99.64,0.36,0.97,97.04,6.33,0.7
2026-05-09,99.62,99.68,0.26,0.97,97.48,6.38,0.83
2026-05-10,99.6,99.67,0.28,0.97,97.24,6.27,0.8
2026-05-11,99.63,99.68,0.28,0.97,97.37,6.69,0.86
2026-05-12,99.63,99.68,0.31,0.97,96.63,6.45,0.77
2026-05-13,99.64,99.69,0.24,0.97,97.3,6.48,0.93
2026-05-14,99.63,99.68,0.24,0.98,97.7,6.37,0.95
2026-05-15,99.64,99.68,0.29,0.97,97.14,6.16,0.76
2026-05-16,99.64,99.69,0.26,0.97,97.36,6.32,0.84
2026-05-17,99.64,99.7,0.22,0.98,97.6,6.41,1.02
2026-05-18,99.65,99.69,0.21,0.98,97.61,6.61,1.07
2026-05-19,99.65,99.69,0.23,0.97,97.5,6.73,1.0
2026-05-20,99.64,99.68,0.26,0.97,97.33,6.61,0.92
2026-05-21,99.64,99.68,0.22,0.98,97.59,6.6,1.08
2026-05-22,99.66,99.7,0.22,0.98,97.66,6.45,0.97
2026-05-23,99.65,99.69,0.22,0.98,97.52,6.56,1.01
2026-05-24,99.63,99.68,0.25,0.97,97.26,6.67,0.94
2026-05-25,99.66,99.69,0.24,0.97,97.36,7.45,1.0
2026-05-26,99.69,99.69,0.23,0.97,97.34,8.2,0.97
2026-05-27,99.74,99.7,0.22,0.97,97.44,8.48,1.06
2026-05-28,99.68,99.68,0.23,0.97,97.43,7.35,0.98
2026-05-29,99.66,99.67,0.25,0.97,97.35,6.81,0.9
2026-05-30,99.64,99.68,0.25,0.97,97.34,6.32,0.89
2026-05-31,99.65,99.68,0.24,0.97,97.43,6.43,0.93
2026-06-01,99.65,99.67,0.24,0.97,97.33,6.46,0.95
2026-06-02,99.64,99.67,0.23,0.97,97.43,6.44,1.01
2026-06-03,99.63,99.67,0.22,0.97,97.42,6.18,1.01
2026-06-04,99.6,99.67,0.27,0.97,97.21,5.82,0.84
2026-06-05,99.64,99.68,0.24,0.97,97.45,5.85,0.89
2026-06-06,99.62,99.67,0.26,0.97,97.44,5.96,0.86
2026-06-07,99.61,99.67,0.26,0.97,97.42,5.78,0.85
2026-06-08,99.63,99.67,0.25,0.97,97.32,6.07,0.93
2026-06-09,99.63,99.67,0.26,0.97,97.39,5.84,0.87
2026-06-10,99.63,99.67,0.24,0.97,97.17,5.91,0.89
2026-06-11,99.62,99.68,0.24,0.97,97.21,6.03,0.98
2026-06-12,99.66,99.68,0.23,0.97,97.17,6.22,1.0
2026-06-13,99.66,99.68,0.23,0.97,97.17,6.36,1.03
2026-06-14,99.65,99.67,0.2,0.97,97.31,6.17,1.09
2026-06-15,99.65,99.67,0.23,0.97,97.15,6.2,0.97
2026-06-16,99.64,99.68,0.24,0.97,97.13,6.01,0.94
2026-06-17,99.64,99.67,0.22,0.97,97.25,6.11,0.97
2026-06-18,99.65,99.67,0.24,0.97,97.1,6.45,0.97
2026-06-19,99.66,99.68,0.23,0.97,97.07,6.38,0.94
2026-06-20,99.65,99.68,0.22,0.97,96.96,6.25,1.01
2026-06-21,99.64,99.67,0.22,0.97,97.4,6.26,0.99
2026-06-22,99.63,99.67,0.24,0.98,97.54,6.05,0.91
2026-06-23,99.62,99.67,0.25,0.98,97.5,6.02,0.86
2026-06-24,99.62,99.67,0.23,0.98,97.51,5.94,0.98
2026-06-25,99.63,99.66,0.23,0.98,97.51,6.2,1.02
2026-06-26,99.65,99.67,0.24,0.97,97.23,6.21,0.91
2026-06-27,99.64,99.67,0.24,0.97,97.26,6.18,0.92
2026-06-28,99.64,99.67,0.25,0.97,97.16,6.13,0.92
2026-06-29,99.62,99.66,0.23,0.97,97.08,5.78,0.96
2026-06-30,99.62,99.66,0.23,0.97,97.11,5.68,0.93
2026-07-01,99.62,99.66,0.24,0.97,97.09,5.61,0.89
2026-07-02,99.63,99.66,0.23,0.97,97.31,5.89,0.98
2026-07-03,99.63,99.67,0.25,0.97,97.17,5.68,0.88
2026-07-04,99.63,99.68,0.23,0.97,97.35,5.66,0.98
2026-07-05,99.62,99.66,0.25,0.97,97.31,5.73,1.01
2026-07-06,99.63,99.66,0.24,0.98,97.56,5.64,1.03
2026-07-07,99.63,99.67,0.22,0.98,97.66,5.62,1.07
2026-07-08,99.63,99.66,0.25,0.98,97.52,6.0,0.93
2026-07-09,99.61,99.66,0.25,0.97,97.46,5.77,0.94
2026-07-10,99.62,99.66,0.22,0.98,97.65,5.74,1.04
2026-07-11,99.62,99.65,0.24,0.98,97.62,5.71,1.0
2026-07-12,99.61,99.65,0.27,0.98,97.52,5.61,0.86
2026-07-13,99.61,99.66,0.25,0.98,97.51,5.6,0.91
2026-07-14,99.61,99.65,0.24,0.98,97.52,5.28,0.95
2026-07-15,99.58,99.63,0.27,0.97,97.24,5.02,0.86
2026-07-16,99.58,99.64,0.28,0.97,97.09,5.56,0.82
2026-07-17,99.58,99.62,0.29,0.97,97.29,5.53,0.77
2026-07-18,99.56,99.63,0.26,0.98,97.51,4.76,0.83
2026-07-19,99.58,99.64,0.25,0.98,97.6,4.6,0.9
2026-07-20,99.58,99.62,0.27,0.97,97.43,4.94,0.81
2026-07-21,99.57,99.62,0.29,0.97,97.32,4.84,0.75
2026-07-22,99.56,99.62,0.27,0.97,97.35,4.74,0.8
2026-07-23,99.54,99.61,0.29,0.98,97.5,4.73,0.75
2026-07-24,99.57,99.62,0.28,0.98,97.64,4.7,0.75
2026-07-25,99.55,99.62,0.29,0.98,97.65,4.55,0.76
2026-07-26,99.55,99.62,0.29,0.98,97.76,4.62,0.76
2026-07-27,99.57,99.62,0.3,0.98,97.75,4.61,0.74
2026-07-28,99.45,99.6,0.33,0.97,97.4,4.22,0.6
2026-07-29,99.53,99.62,0.32,0.97,97.45,4.53,0.65
2026-07-30,99.63,99.64,0.27,0.98,97.78,5.6,0.91
2026-07-31,99.64,99.63,0.25,0.98,97.64,5.45,0.97
2026-08-01,99.51,99.62,0.3,0.98,97.61,5.36,0.8
2026-08-02,99.6,99.64,0.27,0.98,97.77,5.25,0.85
2026-08-03,99.59,99.64,0.25,0.98,97.85,5.13,0.87
2026-08-04,99.56,99.62,0.29,0.98,97.67,4.73,0.72
2026-08-05,99.57,99.63,0.31,0.98,97.66,4.8,0.72
2026-08-06,99.58,99.64,0.28,0.98,97.69,4.97,0.8
2026-08-07,99.62,99.65,0.24,0.98,97.76,5.12,0.91
2026-08-08,99.59,99.63,0.26,0.98,97.79,5.0,0.86
2026-08-09,99.56,99.62,0.31,0.98,97.68,4.84,0.71
2026-08-10,99.51,99.61,0.29,0.98,97.64,4.44,0.7
2026-08-11,99.56,99.64,0.26,0.98,97.92,4.37,0.8
2026-08-12,99.4,99.61,0.31,0.98,97.55,4.05,0.69
2026-08-13,99.54,99.62,0.3,0.98,97.69,4.71,0.76
2026-08-14,99.6,99.65,0.27,0.98,97.96,5.01,0.84
2026-08-15,99.45,99.62,0.32,0.98,97.82,4.42,0.74
2026-08-16,99.42,99.59,0.38,0.98,97.85,3.56,0.55
2026-08-17,97.93,99.44,0.59,0.97,96.8,2.52,0.3
2026-08-18,99.51,99.62,0.33,0.98,98.15,4.03,0.7
2026-08-19,99.54,99.62,0.31,0.98,98.29,4.26,0.77
2026-08-20,99.56,99.64,0.28,0.98,98.47,4.62,0.87
2026-08-21,99.6,99.65,0.25,0.99,98.57,4.62,0.95
2026-08-22,99.5,99.62,0.33,0.98,98.18,4.33,0.7
2026-08-23,99.52,99.63,0.31,0.98,98.24,4.23,0.71
2026-08-24,99.45,99.61,0.34,0.98,98.12,4.1,0.65
2026-08-25,99.41,99.59,0.35,0.98,98.13,4.0,0.62
2026-08-26,99.49,99.61,0.3,0.98,98.39,4.05,0.74
2026-08-27,99.55,99.62,0.3,0.98,98.06,4.27,0.75
2026-08-28,99.57,99.63,0.27,0.98,98.1,4.51,0.83
2026-08-29,99.55,99.62,0.31,0.98,98.2,4.37,0.73
2026-08-30,99.53,99.63,0.29,0.98,98.26,4.11,0.76
2026-08-31,98.44,99.54,0.43,0.98,97.54,3.34,0.48
2026-09-01,99.49,99.6,0.35,0.98,97.93,4.03,0.65
2026-09-02,99.5,99.62,0.28,0.98,98.47,4.43,0.82
2026-09-03,99.58,99.64,0.28,0.98,98.28,4.8,0.87
2026-09-04,99.58,99.65,0.28,0.98,98.34,4.68,0.83
2026-09-05,99.59,99.65,0.28,0.98,98.36,4.75,0.88
2026-09-06,99.57,99.65,0.29,0.98,98.39,4.64,0.84
2026-09-07,99.59,99.65,0.28,0.98,98.42,4.78,0.85
2026-09-08,99.59,99.65,0.28,0.98,98.42,4.67,0.87
2026-09-09,99.59,99.65,0.28,0.98,98.45,4.7,0.88
2026-09-10,99.57,99.64,0.32,0.98,98.25,4.76,0.77
2026-09-11,99.57,99.64,0.3,0.98,98.2,4.88,0.79
2026-09-12,98.95,99.63,0.32,0.98,97.98,4.3,0.75
2026-09-13,99.53,99.65,0.31,0.98,98.25,4.53,0.77
2026-09-14,99.6,99.67,0.28,0.98,98.41,5.18,0.91
2026-09-15,99.62,99.67,0.25,0.99,98.6,5.53,1.12
2026-09-16,99.65,99.68,0.21,0.99,98.71,5.91,1.25
2026-09-17,99.64,99.68,0.22,0.99,98.67,6.03,1.21
