id,building_id,source_tile,source_line,footprint_area_m2,building_height_m,building_height_known,height_source,canonical_longitude,canonical_latitude,structural_survey_required,owner_permission_verified,power_verified,backhaul_verified,roof_usable_area_m2,candidate_status,h3_index,area_priority_rank,elevation_m,dist_to_nearest_road_m,dist_to_nearest_site_m,population_sum_3km,feature_version,building_height_status
0,ac8e3febd7823205e591,libya_122012230.csv.gz,227719,2028.2917510641707,,False,unavailable,13.235967293936316,32.88155380276238,True,False,False,False,,preliminary_footprint_review,88384b28e7fffff,1,9.0,16.997411976909323,78.1711654975727,120930.7792268619,gis_v2_density_circles_geodesic_20260922,Unavailable
1,a88a7370dd05828fc0d7,libya_122012230.csv.gz,529032,1606.4442505624354,,False,unavailable,13.237439391366037,32.884531260529315,True,False,False,False,,preliminary_footprint_review,88384b28e7fffff,1,7.0,219.5921837263806,330.4365338974754,118100.60224632017,gis_v2_density_circles_geodesic_20260922,Unavailable
2,6bad3592d3be571931a6,libya_122012230.csv.gz,536393,1600.3229888380604,,False,unavailable,13.234577415614007,32.88031405889543,True,False,False,False,,preliminary_footprint_review,88384b28e7fffff,1,10.0,184.34975950325418,212.38137278597983,121787.59015571486,gis_v2_density_circles_geodesic_20260922,Unavailable
3,392d33605c5c6cbc877c,libya_122012230.csv.gz,45014,1590.4602520299297,,False,unavailable,13.24208965360719,32.88232876356346,True,False,False,False,,preliminary_footprint_review,88384b28e7fffff,1,12.0,308.8117516054529,67.72423422074924,119280.27761024705,gis_v2_density_circles_geodesic_20260922,Unavailable
4,973f967b237516bb671e,libya_122012230.csv.gz,347466,1371.4635550167118,,False,unavailable,13.236852853627411,32.88389364392069,True,False,False,False,,preliminary_footprint_review,88384b28e7fffff,1,7.0,144.89087673658634,254.3215920048742,118815.91962479771,gis_v2_density_circles_geodesic_20260922,Unavailable
5,129e75fb4ef5c649180d,libya_122012230.csv.gz,705738,1954.4094219287285,,False,unavailable,13.172178148984603,32.84093197074982,True,False,False,False,,preliminary_footprint_review,88384b29e5fffff,2,27.0,132.51645488179085,234.7885706364448,103489.71250560778,gis_v2_density_circles_geodesic_20260922,Unavailable
6,e4593d03027766774d32,libya_122012230.csv.gz,438534,1925.1307333260456,,False,unavailable,13.16954958485849,32.842358590891024,True,False,False,False,,preliminary_footprint_review,88384b29e5fffff,2,22.0,151.4926911813189,330.2011642952004,105355.30339101474,gis_v2_density_circles_geodesic_20260922,Unavailable
7,9300e9a9708c351a3211,libya_122012230.csv.gz,690267,1482.6007343029924,,False,unavailable,13.174353802762178,32.840991666237414,True,False,False,False,,preliminary_footprint_review,88384b29e5fffff,2,24.0,323.1147252173705,242.02835682957442,103018.73981339994,gis_v2_density_circles_geodesic_20260922,Unavailable
8,fddb87b84e11662772f4,libya_122012230.csv.gz,282874,1460.5558603613915,,False,unavailable,13.177920939058378,32.83794660496777,True,False,False,False,,preliminary_footprint_review,88384b29e5fffff,2,30.0,748.3132106552112,629.3461241223323,99800.92753380633,gis_v2_density_circles_geodesic_20260922,Unavailable
9,986c0c7aa88258d53ac5,libya_122012230.csv.gz,300906,1241.1823609964765,,False,unavailable,13.174595361799327,32.844540920091134,True,False,False,False,,preliminary_footprint_review,88384b29e5fffff,2,26.0,217.2527445929269,204.2223983156603,106610.76897147347,gis_v2_density_circles_geodesic_20260922,Unavailable
10,e3f9994e18f53a241569,libya_122012230.csv.gz,155042,4320.878237489408,,False,unavailable,13.231316167562774,32.85768575350143,True,False,False,False,,preliminary_footprint_review,88384b2999fffff,3,17.0,104.72068940641914,344.5807246772854,114474.07599071821,gis_v2_density_circles_geodesic_20260922,Unavailable
11,35154d84d91fc0f919d3,libya_122012230.csv.gz,559015,3168.6176259498866,,False,unavailable,13.235959929307406,32.8591860816156,True,False,False,False,,preliminary_footprint_review,88384b2999fffff,3,13.0,450.1150944981277,268.47538630579305,113575.26935903334,gis_v2_density_circles_geodesic_20260922,Unavailable
12,cbef24f804b4ed412374,libya_122012230.csv.gz,581563,2584.8011843852023,,False,unavailable,13.238145969948793,32.85988108395331,True,False,False,False,,preliminary_footprint_review,88384b2999fffff,3,15.0,613.1523893457779,51.936650389734545,112686.23150117206,gis_v2_density_circles_geodesic_20260922,Unavailable
13,b34354c78c2a48b93ed7,libya_122012230.csv.gz,250060,1859.7447322962514,,False,unavailable,13.235682000616933,32.86020417728948,True,False,False,False,,preliminary_footprint_review,88384b2999fffff,3,16.0,385.1364707872439,284.51464888145404,114688.12202780551,gis_v2_density_circles_geodesic_20260922,Unavailable
14,d4e3b1086a52a5f00f32,libya_122012230.csv.gz,422267,1659.8015473221697,,False,unavailable,13.235554284113443,32.85842721993849,True,False,False,False,,preliminary_footprint_review,88384b2999fffff,3,15.0,445.0522400422486,336.7864634792545,113092.72524777509,gis_v2_density_circles_geodesic_20260922,Unavailable
15,de9c0bd91a76b6f04722,libya_122012230.csv.gz,322034,4652.030038672961,,False,unavailable,13.214028329055111,32.844301206704216,True,False,False,False,,preliminary_footprint_review,88384b2987fffff,4,20.0,456.95208914648555,405.1537654588004,101787.6983626597,gis_v2_density_circles_geodesic_20260922,Unavailable
16,913f3858da7c5248e589,libya_122012230.csv.gz,346887,3334.7641749061013,,False,unavailable,13.21518420723989,32.841087110784926,True,False,False,False,,preliminary_footprint_review,88384b2987fffff,4,25.0,341.48167166116843,584.0480689895008,98554.11585591291,gis_v2_density_circles_geodesic_20260922,Unavailable
17,184d49eb907153a7a699,libya_122012230.csv.gz,44228,3259.3967041468345,,False,unavailable,13.212135627107475,32.83780264148297,True,False,False,False,,preliminary_footprint_review,88384b2987fffff,4,23.0,98.02801282540793,265.6377241233147,95171.84585578147,gis_v2_density_circles_geodesic_20260922,Unavailable
18,8bb55eb6647251347518,libya_122012230.csv.gz,565702,3187.315605354428,,False,unavailable,13.216386409234715,32.838841940234374,True,False,False,False,,preliminary_footprint_review,88384b2987fffff,4,28.0,297.01523905339394,317.48827672000596,96075.44766585575,gis_v2_density_circles_geodesic_20260922,Unavailable
19,01d4266e262855e2eda9,libya_122012230.csv.gz,626804,2664.0449181923323,,False,unavailable,13.214729630397358,32.84229311581741,True,False,False,False,,preliminary_footprint_review,88384b2987fffff,4,22.0,380.7028433098127,520.8044201105433,99839.55379538494,gis_v2_density_circles_geodesic_20260922,Unavailable
20,c3b572956229be74f8dd,libya_122012230.csv.gz,491816,5506.886614040732,,False,unavailable,13.240935574040057,32.88843184133424,True,False,False,False,,preliminary_footprint_review,88384b28e3fffff,5,11.0,499.6708359639528,179.33592397990506,112872.01919971147,gis_v2_density_circles_geodesic_20260922,Unavailable
21,54ac322a896f28ad231c,libya_122012230.csv.gz,574235,2327.2708965109446,,False,unavailable,13.248699875862027,32.88478452337041,True,False,False,False,,preliminary_footprint_review,88384b28e3fffff,5,12.0,461.69930168600087,321.16949651736724,115209.81931514911,gis_v2_density_circles_geodesic_20260922,Unavailable
22,f682cda66c68a6680fd6,libya_122012230.csv.gz,725340,1747.787301233524,,False,unavailable,13.242601441495275,32.887051293647815,True,False,False,False,,preliminary_footprint_review,88384b28e3fffff,5,12.0,679.4382077315531,328.20004078341304,114260.13195703192,gis_v2_density_circles_geodesic_20260922,Unavailable
23,7bc435ff7e5e8203460f,libya_122012230.csv.gz,166496,1656.3291498115223,,False,unavailable,13.241520196082519,32.88784345112708,True,False,False,False,,preliminary_footprint_review,88384b28e3fffff,5,11.0,574.0735569608496,262.9472694632349,113517.45078108998,gis_v2_density_circles_geodesic_20260922,Unavailable
24,fd1ae35254a5f1b0f470,libya_122012230.csv.gz,623276,1545.5799966968716,,False,unavailable,13.248228515473727,32.88913244394981,True,False,False,False,,preliminary_footprint_review,88384b28e3fffff,5,14.0,551.7978542978336,172.5938787542761,109990.00068242438,gis_v2_density_circles_geodesic_20260922,Unavailable
25,0c503a9e7b567240d43b,libya_122012230.csv.gz,529202,2691.103367908431,,False,unavailable,13.245402779182047,32.87545483993155,True,False,False,False,,preliminary_footprint_review,88384b28a9fffff,6,9.0,497.74834257900267,317.1353386780809,121180.01303417476,gis_v2_density_circles_geodesic_20260922,Unavailable
26,7aab51e4b82f135c4f1e,libya_122012230.csv.gz,551701,1925.9621453493128,,False,unavailable,13.247902649196128,32.877741493330745,True,False,False,False,,preliminary_footprint_review,88384b28a9fffff,6,9.0,291.954097336117,37.910978803576754,119963.62841099875,gis_v2_density_circles_geodesic_20260922,Unavailable
27,4455efb908b0b3c5906c,libya_122012230.csv.gz,638457,1820.330525623218,,False,unavailable,13.246228781885213,32.88133143054971,True,False,False,False,,preliminary_footprint_review,88384b28a9fffff,6,9.0,128.2929046302233,338.4357518657875,118983.76545030877,gis_v2_density_circles_geodesic_20260922,Unavailable
28,81514ef34a534a564712,libya_122012230.csv.gz,25378,1430.1827484457572,,False,unavailable,13.251656032033228,32.87977116826833,True,False,False,False,,preliminary_footprint_review,88384b28a9fffff,6,12.0,135.90475839386102,451.61266161047746,117571.00541451131,gis_v2_density_circles_geodesic_20260922,Unavailable
29,9b4e2f257978cf353231,libya_122012230.csv.gz,521505,1289.4178751884208,,False,unavailable,13.248202366820411,32.87668074034185,True,False,False,False,,preliminary_footprint_review,88384b28a9fffff,6,9.0,412.7466294551715,130.81166248019758,120121.81438174598,gis_v2_density_circles_geodesic_20260922,Unavailable
30,43176d4cfaaf7df32878,libya_122012230.csv.gz,109493,2129.3010974791487,,False,unavailable,13.177393498689352,32.847402657386816,True,False,False,False,,preliminary_footprint_review,88384b29e1fffff,7,24.0,362.50684493224367,434.2332351158924,109352.97654542168,gis_v2_density_circles_geodesic_20260922,Unavailable
31,ebe1c69f5d94f15ffdd9,libya_122012230.csv.gz,154872,1899.1366277664895,,False,unavailable,13.17847266471254,32.848304252634136,True,False,False,False,,preliminary_footprint_review,88384b29e1fffff,7,24.0,425.76983188343405,521.6831560945168,110191.89012842628,gis_v2_density_circles_geodesic_20260922,Unavailable
32,7d50a2e8b01308b883a2,libya_122012230.csv.gz,732380,1780.5270534158403,,False,unavailable,13.184648125104154,32.84647889794578,True,False,False,False,,preliminary_footprint_review,88384b29e1fffff,7,28.0,1038.252901084875,566.968214923602,107568.66378331977,gis_v2_density_circles_geodesic_20260922,Unavailable
33,630d777dac071cb9a0dc,libya_122012230.csv.gz,436439,1767.4511542259652,,False,unavailable,13.177800366519946,32.84919811794897,True,False,False,False,,preliminary_footprint_review,88384b29e1fffff,7,24.0,334.1647864362765,469.28632094339287,111091.30366037619,gis_v2_density_circles_geodesic_20260922,Unavailable
34,03150a7b7f748dd64757,libya_122012230.csv.gz,572979,1739.526139095221,,False,unavailable,13.179460944960107,32.84812371116034,True,False,False,False,,preliminary_footprint_review,88384b29e1fffff,7,24.0,519.7857771804489,509.65008861584903,109932.26574885493,gis_v2_density_circles_geodesic_20260922,Unavailable
35,36c512aeb5eae84f19d7,libya_122012230.csv.gz,87576,4059.6775515041645,,False,unavailable,13.199988401551163,32.87899715324106,True,False,False,False,,preliminary_footprint_review,88384b2835fffff,8,15.0,106.92417099402904,224.57839818151817,113686.70929720184,gis_v2_density_circles_geodesic_20260922,Unavailable
36,9e306308db13e8a7e268,libya_122012230.csv.gz,249154,2246.142781158048,,False,unavailable,13.20096494260168,32.879524814992045,True,False,False,False,,preliminary_footprint_review,88384b2835fffff,8,16.0,215.29741919562264,293.76624443801416,113445.58128421211,gis_v2_density_circles_geodesic_20260922,Unavailable
37,2e6309d30a61b5cc577e,libya_122012230.csv.gz,132068,2159.483032403696,,False,unavailable,13.198944538788144,32.88023613319673,True,False,False,False,,preliminary_footprint_review,88384b2835fffff,8,15.0,90.31021768592308,98.8288267895871,112222.6743137998,gis_v2_density_circles_geodesic_20260922,Unavailable
38,8dff8a5ba48392c99e68,libya_122012230.csv.gz,474817,1669.3863903483489,,False,unavailable,13.1943705817352,32.88191990213318,True,False,False,False,,preliminary_footprint_review,88384b2835fffff,8,14.0,188.58843542323729,218.8116233695888,109128.65007913673,gis_v2_density_circles_geodesic_20260922,Unavailable
39,2631c528497d02c02bcb,libya_122012230.csv.gz,159469,1177.900452708404,,False,unavailable,13.19938357357714,32.878977073210194,True,False,False,False,,preliminary_footprint_review,88384b2835fffff,8,15.0,56.683261299618955,168.67319354314532,113557.23992246081,gis_v2_density_circles_geodesic_20260922,Unavailable
40,dfa7f16e358b03f4ef27,libya_122012230.csv.gz,311012,4927.793108851974,,False,unavailable,13.213007625336118,32.84513371400658,True,False,False,False,,preliminary_footprint_review,88384b2981fffff,9,20.0,417.4388272852555,323.0852531136635,102526.970526418,gis_v2_density_circles_geodesic_20260922,Unavailable
41,a15b1c25e53cc8958dad,libya_122012230.csv.gz,47398,4675.142941218244,,False,unavailable,13.214259036547526,32.84624341256998,True,False,False,False,,preliminary_footprint_review,88384b2981fffff,9,23.0,571.9163460959973,478.04816549923106,103687.83649983628,gis_v2_density_circles_geodesic_20260922,Unavailable
42,e67b9255ca2d0527fc0b,libya_122012230.csv.gz,53481,3103.6545941561926,,False,unavailable,13.209702226312789,32.84596372057783,True,False,False,False,,preliminary_footprint_review,88384b2981fffff,9,23.0,164.35903110489838,184.42738331210762,103149.41725649491,gis_v2_density_circles_geodesic_20260922,Unavailable
43,b4fc6124d2b2a43b4210,libya_122012230.csv.gz,363946,2785.739729805764,,False,unavailable,13.210908785280365,32.84563064594286,True,False,False,False,,preliminary_footprint_review,88384b2981fffff,9,22.0,255.4988130576274,185.86805502176907,102878.8075659617,gis_v2_density_circles_geodesic_20260922,Unavailable
44,e9b0f7a176238f2d3835,libya_122012230.csv.gz,317476,2654.6102925543987,,False,unavailable,13.207363772092974,32.84969270186406,True,False,False,False,,preliminary_footprint_review,88384b2981fffff,9,20.0,114.76936037984426,435.2305965529663,107057.52871783648,gis_v2_density_circles_geodesic_20260922,Unavailable
45,693b464da93499128d7a,libya_122012230.csv.gz,371548,2292.006178549014,,False,unavailable,13.207019802157102,32.876320153847075,True,False,False,False,,preliminary_footprint_review,88384b29cbfffff,10,22.0,38.106900748037084,79.42961351753293,117894.40461487956,gis_v2_density_circles_geodesic_20260922,Unavailable
46,5d79667230620dbc27d2,libya_122012230.csv.gz,713641,2278.213480678142,,False,unavailable,13.205714767814813,32.87526212223781,True,False,False,False,,preliminary_footprint_review,88384b29cbfffff,10,22.0,166.92332572009718,245.25461641143627,118181.2813861173,gis_v2_density_circles_geodesic_20260922,Unavailable
47,6f4220ea52514b94e60a,libya_122012230.csv.gz,491218,1488.8358817335102,,False,unavailable,13.206337765212373,32.876361006916376,True,False,False,False,,preliminary_footprint_review,88384b29cbfffff,10,22.0,39.900381821411855,139.45939752561335,117677.58352435176,gis_v2_density_circles_geodesic_20260922,Unavailable
48,57bd10aadb494c40af07,libya_122012230.csv.gz,386558,1467.9378994717244,,False,unavailable,13.197446925212306,32.87565470605489,True,False,False,False,,preliminary_footprint_review,88384b29cbfffff,10,19.0,31.60984554071804,375.8503893082801,116063.46666290116,gis_v2_density_circles_geodesic_20260922,Unavailable
49,13ae579dbc8aa06be2ec,libya_122012230.csv.gz,299567,1306.3972898483169,,False,unavailable,13.206811832695132,32.87355624561025,True,False,False,False,,preliminary_footprint_review,88384b29cbfffff,10,17.0,345.0380802041808,350.11654522672916,119273.96215881212,gis_v2_density_circles_geodesic_20260922,Unavailable
50,ab8d3f14b06c7f79d27d,libya_122012230.csv.gz,299834,4139.102429367576,,False,unavailable,13.216104167004906,32.87278638108458,True,False,False,False,,preliminary_footprint_review,88384b29ddfffff,11,19.0,415.9440432962106,292.92366596620826,122704.69754808286,gis_v2_density_circles_geodesic_20260922,Unavailable
51,86b69e56a171432e65af,libya_122012230.csv.gz,103453,2663.955565045685,,False,unavailable,13.208701051729028,32.87481065142421,True,False,False,False,,preliminary_footprint_review,88384b29ddfffff,11,22.0,191.4464605172374,215.69322422928263,119274.25702618383,gis_v2_density_circles_geodesic_20260922,Unavailable
52,1f97a1ac9db425e80d3b,libya_122012230.csv.gz,244373,1957.687394846873,,False,unavailable,13.209100662358022,32.87076111657404,True,False,False,False,,preliminary_footprint_review,88384b29ddfffff,11,16.0,640.5265936554566,400.63486014951104,120337.36295800084,gis_v2_density_circles_geodesic_20260922,Unavailable
53,3bdfc9f0ef3e8be83b2d,libya_122012230.csv.gz,649443,1921.0508520801068,,False,unavailable,13.210935053129427,32.8679593445498,True,False,False,False,,preliminary_footprint_review,88384b29ddfffff,11,20.0,804.2864643415419,446.78653645557233,120631.89568907653,gis_v2_density_circles_geodesic_20260922,Unavailable
54,dba680318f84a7a7d55f,libya_122012230.csv.gz,656848,1890.5931140327132,,False,unavailable,13.208848983321353,32.87342911228733,True,False,False,False,,preliminary_footprint_review,88384b29ddfffff,11,17.0,344.65474043258814,365.1929773146211,119907.94906177878,gis_v2_density_circles_geodesic_20260922,Unavailable
55,3be155f2ab7ed62d5e07,libya_122012230.csv.gz,23186,2503.3563881955183,,False,unavailable,13.243072710171617,32.86377354588821,True,False,False,False,,preliminary_footprint_review,88384b28a5fffff,12,17.0,887.5334810519306,398.79961619830385,113597.4053088446,gis_v2_density_circles_geodesic_20260922,Unavailable
56,7d646d3c9ccdeb023b7b,libya_122012230.csv.gz,329335,2069.8585759808107,,False,unavailable,13.239395546854027,32.862372396721085,True,False,False,False,,preliminary_footprint_review,88384b28a5fffff,12,11.0,622.5917781081372,281.717194822093,114190.58953821416,gis_v2_density_circles_geodesic_20260922,Unavailable
57,0e342b6e622f89b51f74,libya_122012230.csv.gz,376791,1465.973366937218,,False,unavailable,13.247618745948232,32.866596397350435,True,False,False,False,,preliminary_footprint_review,88384b28a5fffff,12,11.0,1177.3924586022497,51.65901681172127,114446.36506705165,gis_v2_density_circles_geodesic_20260922,Unavailable
58,79b98c2b124879dc9287,libya_122012230.csv.gz,144032,1272.6622150790176,,False,unavailable,13.237254009483653,32.863548976164104,True,False,False,False,,preliminary_footprint_review,88384b28a5fffff,12,15.0,388.5943367966081,426.6323219943191,116547.50818895854,gis_v2_density_circles_geodesic_20260922,Unavailable
59,827fabde342bff255409,libya_122012230.csv.gz,623266,1190.0955681348069,,False,unavailable,13.247424732232943,32.86522301843255,True,False,False,False,,preliminary_footprint_review,88384b28a5fffff,12,19.0,1209.4340068647598,187.18098128798258,113050.46999991943,gis_v2_density_circles_geodesic_20260922,Unavailable
60,23b7ae7fb6b7d3131009,libya_122012230.csv.gz,204649,1792.752661290793,,False,unavailable,13.21076443299277,32.88465033426989,True,False,False,False,,preliminary_footprint_review,88384b2837fffff,13,14.0,506.1168522661643,823.2280684925133,,gis_v2_density_circles_geodesic_20260922,Unavailable
61,dfd00fd6acdeb56d5b70,libya_122012230.csv.gz,121830,1491.485867581347,,False,unavailable,13.21413976482472,32.879385160717014,True,False,False,False,,preliminary_footprint_review,88384b2837fffff,13,19.0,315.8335099418226,352.14981488005293,118358.35936955614,gis_v2_density_circles_geodesic_20260922,Unavailable
62,fe9abf80e333eaebe46b,libya_122012230.csv.gz,668239,1374.7081217506998,,False,unavailable,13.21234274432913,32.88035816385461,True,False,False,False,,preliminary_footprint_review,88384b2837fffff,13,17.0,423.7383309473968,499.17362129423253,116773.95160073513,gis_v2_density_circles_geodesic_20260922,Unavailable
63,1792571dea11901f864f,libya_122012230.csv.gz,638150,1361.043014985383,,False,unavailable,13.212143931241918,32.88457652095685,True,False,False,False,,preliminary_footprint_review,88384b2837fffff,13,12.0,536.2702228814856,796.2379568848545,,gis_v2_density_circles_geodesic_20260922,Unavailable
64,482cd70ec5c0f359dedb,libya_122012230.csv.gz,461316,1348.9384611197536,,False,unavailable,13.211725503627678,32.877443279378,True,False,False,False,,preliminary_footprint_review,88384b2837fffff,13,16.0,100.49020898557026,171.45100500529347,118803.12283512576,gis_v2_density_circles_geodesic_20260922,Unavailable
65,bc35740b988644eb6477,libya_122012230.csv.gz,316528,3458.142608161727,,False,unavailable,13.173754566954672,32.84910492832385,True,False,False,False,,preliminary_footprint_review,88384b29edfffff,14,24.0,20.870661997985486,385.89661046486805,111028.16133366479,gis_v2_density_circles_geodesic_20260922,Unavailable
66,bb359067348c615bbb90,libya_122012230.csv.gz,153449,3438.24514243817,,False,unavailable,13.170671676750864,32.84926417770696,True,False,False,False,,preliminary_footprint_review,88384b29edfffff,14,21.0,299.6661023607341,446.90931838393874,110992.28412465384,gis_v2_density_circles_geodesic_20260922,Unavailable
67,0ab9fade546e45c854b1,libya_122012230.csv.gz,289590,3367.4795387215945,,False,unavailable,13.174919973979824,32.850292869267605,True,False,False,False,,preliminary_footprint_review,88384b29edfffff,14,16.0,39.76709936914287,306.9560148077755,112090.34976557503,gis_v2_density_circles_geodesic_20260922,Unavailable
68,719ad829bc4867cbb707,libya_122012230.csv.gz,147622,3018.0537550069216,,False,unavailable,13.1733733730077,32.84680138747689,True,False,False,False,,preliminary_footprint_review,88384b29edfffff,14,25.0,27.95489506723805,129.8306243176583,108958.81874405094,gis_v2_density_circles_geodesic_20260922,Unavailable
69,4640564ba09e2e34a982,libya_122012230.csv.gz,34762,2477.2154893928814,,False,unavailable,13.171918529377892,32.8493480202108,True,False,False,False,,preliminary_footprint_review,88384b29edfffff,14,21.0,192.2242343304982,414.8139323851911,111166.64001037773,gis_v2_density_circles_geodesic_20260922,Unavailable
70,0c18aa0ffed95be65160,libya_122012230.csv.gz,237745,6022.652543402563,,False,unavailable,13.190797642582137,32.87307729211763,True,False,False,False,,preliminary_footprint_review,88384b29c9fffff,15,21.0,156.08928538599332,200.6604774336641,116903.42845554955,gis_v2_density_circles_geodesic_20260922,Unavailable
71,3e3a5a4a0942cab45803,libya_122012230.csv.gz,690420,3331.5081879218656,,False,unavailable,13.193130512521426,32.88151561418894,True,False,False,False,,preliminary_footprint_review,88384b29c9fffff,15,17.0,311.57704733596205,202.0344302350377,109223.11257481221,gis_v2_density_circles_geodesic_20260922,Unavailable
72,3264dc9bb4a05082b247,libya_122012230.csv.gz,64422,2965.8234945537124,,False,unavailable,13.192149902910348,32.877661834068846,True,False,False,False,,preliminary_footprint_review,88384b29c9fffff,15,17.0,520.9103810833867,425.22183988018617,113105.4622460409,gis_v2_density_circles_geodesic_20260922,Unavailable
73,4070729ffd5e5744fcc3,libya_122012230.csv.gz,136633,2594.536816681585,,False,unavailable,13.191760637737808,32.87836565588425,True,False,False,False,,preliminary_footprint_review,88384b29c9fffff,15,18.0,596.2400158659186,350.0933249274819,112297.8092955367,gis_v2_density_circles_geodesic_20260922,Unavailable
74,10a8a2f3a51798fe58c9,libya_122012230.csv.gz,222813,2549.0739166438207,,False,unavailable,13.195165412261971,32.87499467240397,True,False,False,False,,preliminary_footprint_review,88384b29c9fffff,15,20.0,120.69848321490893,190.87714268184763,116108.20350498096,gis_v2_density_circles_geodesic_20260922,Unavailable
75,8e2f90017514d515ae7b,libya_122012230.csv.gz,649736,3646.527423663933,,False,unavailable,13.245100398492045,32.8540729656261,True,False,False,False,,preliminary_footprint_review,88384b299bfffff,16,15.0,614.5962649742893,238.19344267914713,102336.24663597769,gis_v2_density_circles_geodesic_20260922,Unavailable
76,47482648c0b1141114cc,libya_122012230.csv.gz,560,3335.3223935565356,,False,unavailable,13.244537857098702,32.85928797799463,True,False,False,False,,preliminary_footprint_review,88384b299bfffff,16,14.0,1185.003863342598,177.0787992845326,107889.43988578132,gis_v2_density_circles_geodesic_20260922,Unavailable
77,c2b910655e25e69b1406,libya_122012230.csv.gz,233984,1709.5730850586535,,False,unavailable,13.244215146586171,32.85992670293321,True,False,False,False,,preliminary_footprint_review,88384b299bfffff,16,14.0,1141.1330948490124,172.1819848916674,108770.86910266621,gis_v2_density_circles_geodesic_20260922,Unavailable
78,e3ff0efcb7e439ba6b69,libya_122012230.csv.gz,611894,1617.491977174305,,False,unavailable,13.247351153827632,32.86058491588577,True,False,False,False,,preliminary_footprint_review,88384b299bfffff,16,16.0,1353.8605555837294,130.28967985082957,107828.57770521498,gis_v2_density_circles_geodesic_20260922,Unavailable
79,f5c372c8ad6c79d2487b,libya_122012230.csv.gz,67415,1510.778558374644,,False,unavailable,13.24643864432678,32.860558205205734,True,False,False,False,,preliminary_footprint_review,88384b299bfffff,16,16.0,1309.9668302725174,49.97391035403106,108208.37499230706,gis_v2_density_circles_geodesic_20260922,Unavailable
80,aab888a5dc4d4dcc7397,libya_122012230.csv.gz,211484,3839.0980742235583,,False,unavailable,13.235364697239334,32.853882706457476,True,False,False,False,,preliminary_footprint_review,88384b2991fffff,17,21.0,367.82865036971856,174.98327306261845,108404.12408099543,gis_v2_density_circles_geodesic_20260922,Unavailable
81,b75a89f533ab5c8d0e33,libya_122012230.csv.gz,600688,2072.8013553376563,,False,unavailable,13.236245987167278,32.84494675820709,True,False,False,False,,preliminary_footprint_review,88384b2991fffff,17,24.0,536.470291705675,361.6402704612419,99323.03734554483,gis_v2_density_circles_geodesic_20260922,Unavailable
82,963b6d7d3c9e0b79f463,libya_122012230.csv.gz,199988,2023.167561507795,,False,unavailable,13.232961368193035,32.850360672183534,True,False,False,False,,preliminary_footprint_review,88384b2991fffff,17,29.0,75.88026993830061,342.52407690474354,105870.6500383362,gis_v2_density_circles_geodesic_20260922,Unavailable
83,ea2af2da79bfd4fc42aa,libya_122012230.csv.gz,261466,1666.8381858438393,,False,unavailable,13.236457506036148,32.849490033985745,True,False,False,False,,preliminary_footprint_review,88384b2991fffff,17,30.0,55.7701415931714,305.0588505996975,103341.82541318642,gis_v2_density_circles_geodesic_20260922,Unavailable
84,2ed7f8997e81fd6783f3,libya_122012230.csv.gz,205261,1377.3570580283072,,False,unavailable,13.234705413941327,32.84934659095376,True,False,False,False,,preliminary_footprint_review,88384b2991fffff,17,33.0,126.33552944739664,335.67187074532774,104124.28148001575,gis_v2_density_circles_geodesic_20260922,Unavailable
85,671bf0c60a5f796aa082,libya_122012230.csv.gz,33359,3122.068428432818,,False,unavailable,13.217723018793395,32.8808322191864,True,False,False,False,,preliminary_footprint_review,88384b29d9fffff,18,20.0,476.3101116896905,129.9066146591784,118600.74039905255,gis_v2_density_circles_geodesic_20260922,Unavailable
86,5e1d86f34b31bd0f34b1,libya_122012230.csv.gz,188441,3072.667896862468,,False,unavailable,13.216305308584747,32.877909882577214,True,False,False,False,,preliminary_footprint_review,88384b29d9fffff,18,17.0,152.23187878582394,102.23360451032013,120362.75208188414,gis_v2_density_circles_geodesic_20260922,Unavailable
87,7d8d4b11ddecf8586b75,libya_122012230.csv.gz,22733,3069.8995584225154,,False,unavailable,13.223780395693948,32.87827501920243,True,False,False,False,,preliminary_footprint_review,88384b29d9fffff,18,15.0,146.32350786378024,495.17652387026965,122283.84825017852,gis_v2_density_circles_geodesic_20260922,Unavailable
88,8c3a0283d74e062e3407,libya_122012230.csv.gz,506554,2066.5511156264806,,False,unavailable,13.224927088070537,32.878680840866046,True,False,False,False,,preliminary_footprint_review,88384b29d9fffff,18,15.0,174.12158451655702,564.3465134150151,122238.1046936001,gis_v2_density_circles_geodesic_20260922,Unavailable
89,633190b44fc726c30c9a,libya_122012230.csv.gz,148777,2013.3619768521567,,False,unavailable,13.215472912443577,32.87885364823042,True,False,False,False,,preliminary_footprint_review,88384b29d9fffff,18,17.0,256.89089220008015,214.91461012234006,119326.6061414409,gis_v2_density_circles_geodesic_20260922,Unavailable
90,0e170c132853edfd426b,libya_122012230.csv.gz,637532,3283.6994681164583,,False,unavailable,13.13069904433917,32.84398554034108,True,False,False,False,,preliminary_footprint_review,88384b2921fffff,19,21.0,843.5656047468005,463.0572613898919,96723.12786007133,gis_v2_density_circles_geodesic_20260922,Unavailable
91,46594688e93190676cd6,libya_122012230.csv.gz,571872,1820.5149419452787,,False,unavailable,13.130226386916917,32.84550279034016,True,False,False,False,,preliminary_footprint_review,88384b2921fffff,19,21.0,959.1718742788755,580.5800210484264,97711.52007280044,gis_v2_density_circles_geodesic_20260922,Unavailable
92,1dccd4d974cb3f8030ab,libya_122012230.csv.gz,219965,1768.3266912694437,,False,unavailable,13.124876609786757,32.847114652822,True,False,False,False,,preliminary_footprint_review,88384b2921fffff,19,19.0,1486.6582307140714,733.2096718978845,96499.32721655285,gis_v2_density_circles_geodesic_20260922,Unavailable
93,d89e53af1d8caec7a2c6,libya_122012230.csv.gz,97946,1561.7693368054174,,False,unavailable,13.1307297050121,32.844999325293365,True,False,False,False,,preliminary_footprint_review,88384b2921fffff,19,21.0,891.8872169942382,555.1751524933018,97510.98339799193,gis_v2_density_circles_geodesic_20260922,Unavailable
94,7db408cb1d6ba9745460,libya_122012230.csv.gz,697742,1451.9788022830005,,False,unavailable,13.130689901898144,32.84642937788814,True,False,False,False,,preliminary_footprint_review,88384b2921fffff,19,19.0,966.9831347913959,642.5518783469079,98509.94865374216,gis_v2_density_circles_geodesic_20260922,Unavailable
95,f7254b92d8b14569bc6d,libya_122012230.csv.gz,379112,5773.467451074226,,False,unavailable,13.20257890005254,32.85095685658263,True,False,False,False,,preliminary_footprint_review,88384b298dfffff,20,18.0,267.332639970418,300.8842238928489,108203.6794593312,gis_v2_density_circles_geodesic_20260922,Unavailable
96,a0aaf325b96aaa0174eb,libya_122012230.csv.gz,267996,3043.3354258331897,,False,unavailable,13.203156524249668,32.84904809042477,True,False,False,False,,preliminary_footprint_review,88384b298dfffff,20,20.0,277.42373457913374,170.7999073786432,106214.45606434153,gis_v2_density_circles_geodesic_20260922,Unavailable
97,a192bcc29af702bacb68,libya_122012230.csv.gz,656808,2947.898867634188,,False,unavailable,13.20357730912178,32.85129035041364,True,False,False,False,,preliminary_footprint_review,88384b298dfffff,20,18.0,169.33644387930866,374.7867944174846,108605.03815058866,gis_v2_density_circles_geodesic_20260922,Unavailable
98,a87c9a393d78a493f997,libya_122012230.csv.gz,121154,2256.5890480096227,,False,unavailable,13.204141220250388,32.848880203991214,True,False,False,False,,preliminary_footprint_review,88384b298dfffff,20,20.0,198.76657709564313,252.81927251869513,106050.53681615343,gis_v2_density_circles_geodesic_20260922,Unavailable
99,362946534244450124f9,libya_122012230.csv.gz,256602,2242.453179972027,,False,unavailable,13.19822133238715,32.85052411425045,True,False,False,False,,preliminary_footprint_review,88384b298dfffff,20,21.0,677.7766758609887,386.90387962964104,108212.47947858545,gis_v2_density_circles_geodesic_20260922,Unavailable
