expansion_rank,h3_index,canonical_latitude,canonical_longitude,planning_priority_score,expansion_need_score,experimental_site_pattern_score,population_within_5km,population_valid_fraction_5km,population_hex,feature_version,building_height_status,review_status
1,88384b28e7fffff,32.88206600219593,13.237826393333028,95.21788123350811,76.36,0.9939204094685204,,0.9370185331195193,4171.112690724024,gis_v2_density_circles_geodesic_20260922,Unavailable,Engineering review required; RF benefit unverified
2,88384b29e5fffff,32.84088104886941,13.173935409583654,94.89683423539886,76.03,0.9962997299855018,272331.29121553444,1.0,3526.53907327033,gis_v2_density_circles_geodesic_20260922,Unavailable,Engineering review required; RF benefit unverified
3,88384b2999fffff,32.85844954849515,13.23505414820263,94.66066819952445,75.91,0.99402366485376,290022.2482051489,1.0,4045.896214341961,gis_v2_density_circles_geodesic_20260922,Unavailable,Engineering review required; RF benefit unverified
4,88384b2987fffff,32.83974867279047,13.212014277774905,94.16838139775048,75.43,0.9968416120310347,272976.7571810199,0.9999999999999983,3473.2706045074174,gis_v2_density_circles_geodesic_20260922,Unavailable,Engineering review required; RF benefit unverified
5,88384b28e3fffff,32.88829879376173,13.245510855349112,93.70589578631036,75.0,0.998823887634943,,0.8757222726298775,4096.608822372714,gis_v2_density_circles_geodesic_20260922,Unavailable,Engineering review required; RF benefit unverified
6,88384b28a9fffff,32.87960707234229,13.247965697887082,93.33115570035127,74.73,0.9978229814091067,,0.9498303144174208,4035.556911751014,gis_v2_density_circles_geodesic_20260922,Unavailable,Engineering review required; RF benefit unverified
7,88384b29e1fffff,32.84711682578569,13.181610564918339,93.07456361992264,74.89,0.9856339596721229,283499.0544920269,1.0,3947.6112845774123,gis_v2_density_circles_geodesic_20260922,Unavailable,Engineering review required; RF benefit unverified
8,88384b2835fffff,32.88320252822271,13.1997273778792,92.73353190385306,74.62,0.9854873198566886,,0.8869091292592379,3860.374447452861,gis_v2_density_circles_geodesic_20260922,Unavailable,Engineering review required; RF benefit unverified
9,88384b2981fffff,32.848440130311545,13.209557693786913,92.38233737737896,74.63,0.9757426605220143,291589.8496518745,1.0,3581.0270616682583,gis_v2_density_circles_geodesic_20260922,Unavailable,Engineering review required; RF benefit unverified
10,88384b29cbfffff,32.87451244442672,13.202185554024826,91.68024542722536,73.36,0.9994614347662312,,0.9700332986553154,4004.7214431318184,gis_v2_density_circles_geodesic_20260922,Unavailable,Engineering review required; RF benefit unverified
11,88384b29ddfffff,32.8720563651368,13.212323354764264,91.58006799715845,74.47,0.959515724376486,297242.7222470572,0.9906378259731454,3760.782791524653,gis_v2_density_circles_geodesic_20260922,Unavailable,Engineering review required; RF benefit unverified
12,88384b28a5fffff,32.86468245731232,13.24273653730105,91.42326670715775,73.43,0.9900794418400586,287869.42870040494,1.0,4142.178950183801,gis_v2_density_circles_geodesic_20260922,Unavailable,Engineering review required; RF benefit unverified
13,88384b2837fffff,32.880746914463934,13.209866004170882,91.20751811604634,74.03,0.9640691102538521,,0.9483324006179484,4205.146190008892,gis_v2_density_circles_geodesic_20260922,Unavailable,Engineering review required; RF benefit unverified
14,88384b29edfffff,32.84957098819358,13.171475924628924,91.15277622109878,74.33,0.9526510485967654,279844.04101481574,0.9931994544667142,3881.2250853296764,gis_v2_density_circles_geodesic_20260922,Unavailable,Engineering review required; RF benefit unverified
15,88384b29c9fffff,32.87696757855307,13.19204771772943,91.11924721137534,72.94,0.9984712698485151,,0.9048060132631226,3987.814133764246,gis_v2_density_circles_geodesic_20260922,Unavailable,Engineering review required; RF benefit unverified
16,88384b299bfffff,32.855990169847466,13.24519101256829,90.65301722588771,72.76,0.9918366472206627,281421.74769091926,0.999999999999999,3862.950700098364,gis_v2_density_circles_geodesic_20260922,Unavailable,Engineering review required; RF benefit unverified
17,88384b2991fffff,32.84975738251872,13.237509051576689,90.6198667094671,72.57,0.997447063785782,275304.3194945643,1.0,3544.1322247905073,gis_v2_density_circles_geodesic_20260922,Unavailable,Engineering review required; RF benefit unverified
18,88384b29d9fffff,32.87829035536726,13.22000459442003,90.17135538803961,73.41,0.956650466912944,,0.9738477713014247,4307.8631915767555,gis_v2_density_circles_geodesic_20260922,Unavailable,Engineering review required; RF benefit unverified
19,88384b2921fffff,32.844452072526046,13.125729043275493,90.12609218018144,72.55,0.9845235611352572,,0.9477276180245885,3130.7957454894,gis_v2_density_circles_geodesic_20260922,Unavailable,Engineering review required; RF benefit unverified
20,88384b298dfffff,32.850896660561716,13.199422333121449,89.92715948482301,72.53,0.9797231348358747,296057.31074162,1.0,3700.128089725755,gis_v2_density_circles_geodesic_20260922,Unavailable,Engineering review required; RF benefit unverified
