Category (الفئة),Package (الباقة),Price (السعر),Validity (الصلاحية),Data (الانترنت),Minutes (دقائق),Upload Speed (سرعة الرفع),Download Speed (سرعة التحميل),Members (أعضاء),Time Condition (شرط الوقت)
باقات الساعة,نت ساعة 1_5G,5 د.ل.,ساعة,,,,,,
باقات الساعة,نت ساعتين 2_5G,10 د.ل.,ساعتين,,,,,,
الباقات الشهرية,نت 100_5G,120 د.ل.,30 يوم,,,,,,
الباقات الشهرية,نت 200_5G,180 د.ل.,30 يوم,,,,,,
الباقات الشهرية,نت 600_5G,400 د.ل.,30 يوم,,,,,,
عروض إيليت,نت 120,100 د.ل.,شهر,,,,,,
عروض إيليت,نت 200,150 د.ل.,شهران,,,,,,
عروض إيليت,نت 300,200 د.ل.,شهران,,,,,,
عروض شهرية,نت 6,20 د.ل.,30 يوم,,,,,,
عروض شهرية,نت 10,30 د.ل.,30 يوم,,,,,,
عروض شهرية,نت 20,35 د.ل.,30 يوم,,,,,,
عروض شهرية,نت 40,50 د.ل.,30 يوم,,,,,,
عروض شهرية,نت 80,80 د.ل.,30 يوم,,,,,,
عروض يومية,نت 50MB,½ د.ل.,يوم,,,,,,
عروض يومية,نت 100MB,1 د.ل.,يوم,,,,,,
عروض يومية,نت 1/4,2 د.ل.,3 أيام,,,,,,
عروض يومية,نت 1/2,3 د.ل.,3 أيام,,,,,,
الباقات الذهبية,ذهبي 1,10 د.ل.,1 يوم,لامحدودة,,,,,
الباقات الذهبية,ذهبي 3,25 د.ل.,3 يوم,لامحدودة,,,,,
الباقات الذهبية,ذهبي 7,50 د.ل.,7 يوم,لامحدودة,,,,,
الباقات الذهبية,ذهبي 30,160 د.ل.,30 يوم,لامحدودة,,,,,
الباقات الفضية,فضي 1,8 د.ل.,1 يوم,,,,8mbps,,
الباقات الفضية,فضي 3,20 د.ل.,3 يوم,,,,8mbps,,
الباقات الفضية,فضي 7,40 د.ل.,7 يوم,,,,8mbps,,
الباقات الفضية,فضي 30,130 د.ل.,30 يوم,,,,8mbps,,
عروض Social,سوشيال يومي,1 د.ل.,يومي,,,,,,
عروض Social,سوشيال اسبوعي,5 د.ل.,اسبوعي,,,,,,
عروض Social,سوشيال شهري,20 د.ل.,شهري,,,,,,
عروض باقات الساعة,ميكياتو ساعة,2 د.ل.,ساعة,غير محدودة,,,,,
عروض باقات الساعة,ميكياتو ساعتين,3 د.ل.,ساعتين,غير محدودة,,,,,
عروض اسبوعية,نت 1,5 د.ل.,أسبوع,,,,,,
عروض اسبوعية,نت 2,8 د.ل.,أسبوع,,,,,,
باقة مكس الماسية,مكس 1,3 دينار,1 يوم,3GB,40 دقيقة,تصل الي 8mbps,تصل الي 16mbps,,
باقة مكس الماسية,مكس 2,7 دينار,3 ايام,7GB,100 دقيقة,تصل الي 8mbps,تصل الي 16mbps,,
باقة مكس الماسية,مكس 3,20 دينار,7 ايام,20GB,500 دقيقة,تصل الي 8mbps,تصل الي 16mbps,,
باقة مكس الماسية,مكس 4,75 دينار,30 يوم,80GB,1500 دقيقة,تصل الي 8mbps,تصل الي 16mbps,,
باقة مكس البلاتينية,مكس 1,2 دينار,1 يوم,2GB,30 دقيقة,تصل الي 8mbps,تصل الي 16mbps,,
باقة مكس البلاتينية,مكس 2,6 دينار,3 ايام,6GB,80 دقيقة,تصل الي 8mbps,تصل الي 16mbps,,
باقة مكس البلاتينية,مكس 3,15 دينار,7 ايام,15GB,300 دقيقة,تصل الي 8mbps,تصل الي 16mbps,,
باقة مكس البلاتينية,مكس 4,55 دينار,30 يوم,60GB,900 دقيقة,تصل الي 8mbps,تصل الي 16mbps,,
باقة مكس البرونزية,مكس 1,1 دينار,1 يوم,1GB,10 دقيقة,تصل الي 8mbps,تصل الي 16mbps,,
باقة مكس البرونزية,مكس 2,2 دينار,3 ايام,3GB,30 دقيقة,تصل الي 8mbps,تصل الي 16mbps,,
باقة مكس البرونزية,مكس 3,5 دينار,7 ايام,5GB,100 دقيقة,تصل الي 8mbps,تصل الي 16mbps,,
باقة مكس البرونزية,مكس 4,20 دينار,30 يوم,20GB,200 دقيقة,تصل الي 8mbps,تصل الي 16mbps,,
باقة مكس الفضية,مكس 1,1 دينار,1 يوم,1GB,10 دقيقة,تصل الي 8mbps,تصل الي 16mbps,,
باقة مكس الفضية,مكس 2,3 دينار,3 ايام,4GB,40 دقيقة,تصل الي 8mbps,تصل الي 16mbps,,
باقة مكس الفضية,مكس 3,7 دينار,7 ايام,8GB,200 دقيقة,تصل الي 8mbps,تصل الي 16mbps,,
باقة مكس الفضية,مكس 4,30 دينار,30 يوم,30GB,500 دقيقة,تصل الي 8mbps,تصل الي 16mbps,,
باقة مكس الذهبية,مكس 1,2 دينار,1 يوم,2GB,20 دقيقة,تصل الي 8mbps,تصل الي 16mbps,,
باقة مكس الذهبية,مكس 2,5 دينار,3 ايام,5GB,60 دقيقة,تصل الي 8mbps,تصل الي 16mbps,,
باقة مكس الذهبية,مكس 3,10 دينار,7 ايام,10GB,250 دقيقة,تصل الي 8mbps,تصل الي 16mbps,,
باقة مكس الذهبية,مكس 4,35 دينار,30 يوم,40GB,800 دقيقة,تصل الي 8mbps,تصل الي 16mbps,,
باقات حصتي معاك,فاميلي 70,90 د.ل.,30 يوم,70 قيقا,300 دقيقة,,,3 أعضاء,
باقات حصتي معاك,فاميلي 100,120 د.ل.,30 يوم,100 قيقا,400 دقيقة,,,4 أعضاء,
باقات حصتي معاك,فاميلي 140,160 د.ل.,30 يوم,140 قيقا,600 دقيقة,,,5 أعضاء,
باقات حصتي معاك,فاميلي 250,250 د.ل.,30 يوم,250 قيقا,1000 دقيقة,,,5 أعضاء,
عروض الصبح,الصبح,1 د.ل.,صلاحية 1 يوم,لا محدودة,لا محدودة,,,,من 6:00 صباحاً إلى 11:00 صباحاً
