canonical_longitude,canonical_latitude,feature_version,population_density_1km,dist_to_nearest_road_m,municipality_name,population_sum_3km,population_observed_3km,population_valid_fraction_3km,population_sum_5km,population_observed_5km,population_valid_fraction_5km,elevation_m,elevation_prominence_3km,terrain_slope_deg,dist_to_nearest_site_m,site_density_1km,site_density_3km,site_density_5km,site_density_10km,dist_to_libyana_site_m,dist_to_almadar_site_m,dist_to_nearest_settlement_m,inside_libya,population_data_available,terrain_data_available,population_units,population_radius_m,population_source_units,operator_scope,source_lock_sha256,h3_r7,h3_r6,h3_index,h3_resolution,building_height_m,building_height_status,worldcover_class_code,worldcover_class_name,worldcover_data_available,worldcover_is_water,candidate_source,candidate_id,rejection_reasons,eligible,demand_component,known_site_gap_component,road_access_component,terrain_component,planning_priority_score,score_version,reason_codes,candidate_status,recommendation_rank
13.0335236,32.7372644,gis_v2_density_circles_geodesic_20260922,428.1604309082031,159.33376307241022,Aljfara,11785.520694528972,11785.520694528972,1.0,38824.45616245726,38824.45616245726,1.0,52.0,-1.0793069159691555,0.5762546269485594,3794.2902634576453,0,0,7,97,4507.1526679637855,3794.2902634576453,4186.245958406923,True,True,True,people,5000,people_per_km2,all,3e5d6f9afadaac1f4d1aebe6539fcd69540c23446b0631b0e10c0cb4f9e74d10,87384b654ffffff,86384b657ffffff,87384b654ffffff,7,,Unavailable,30,Grassland,True,False,h3_r7_centre,candidate-1a99e55bcebb,,True,0.9178,0.0467,0.9602,0.7254,64.5719,explainable-gis-v2-20260923,high_population_catchment;good_road_access,engineering_review,1
13.3944291,32.7953614,gis_v2_density_circles_geodesic_20260922,914.6947021484375,1023.4623917207729,Tripoli,21699.32454601566,21699.32454601566,0.9999999999999979,68449.51178957062,68449.51178957062,1.0,92.0,6.253254551738593,1.2483983687916769,4072.3766250430185,0,0,6,88,4281.778761000167,4072.3766250430185,10526.13989847952,True,True,True,people,5000,people_per_km2,all,3e5d6f9afadaac1f4d1aebe6539fcd69540c23446b0631b0e10c0cb4f9e74d10,873fa5976ffffff,863fa5977ffffff,873fa5976ffffff,7,,Unavailable,50,Built-up,True,False,h3_r7_centre,candidate-fc49f59f918d,,True,0.9671,0.0631,0.7441,0.7397,62.8546,explainable-gis-v2-20260923,high_population_catchment,engineering_review,2
13.0485761,32.7174422,gis_v2_density_circles_geodesic_20260922,388.7558288574219,880.2525797236368,Aljfara,14508.057152360718,14508.057152360718,0.9999999999999984,38257.754279502595,38257.754279502595,1.0,59.0,-0.6316386475029532,0.12399490513399147,4303.592296952075,0,0,3,81,4303.592296952075,6182.208462612613,1833.9487237774479,True,True,True,people,5000,people_per_km2,all,3e5d6f9afadaac1f4d1aebe6539fcd69540c23446b0631b0e10c0cb4f9e74d10,87384b650ffffff,86384b657ffffff,87384b650ffffff,7,,Unavailable,40,Cropland,True,False,h3_r7_centre,candidate-2fe97ad5a644,,True,0.9165,0.0767,0.7799,0.7427,61.9881,explainable-gis-v2-20260923,high_population_catchment;good_road_access,engineering_review,3
13.0614195,32.7386136,gis_v2_density_circles_geodesic_20260922,559.9291381835938,1618.0987116962008,Aljfara,18582.000333171527,18582.000333171527,1.0,48392.18343003302,48392.18343003302,0.9999999999999994,67.0,13.988128298167865,1.2310384344508283,3886.7927167744456,0,0,11,116,4461.114614557931,3886.7927167744456,2944.4434137299404,True,True,True,people,5000,people_per_km2,all,3e5d6f9afadaac1f4d1aebe6539fcd69540c23446b0631b0e10c0cb4f9e74d10,87384b655ffffff,86384b657ffffff,87384b655ffffff,7,,Unavailable,30,Grassland,True,False,h3_r7_centre,candidate-ebad1c9a9117,,True,0.937,0.0522,0.5955,0.7789,58.7417,explainable-gis-v2-20260923,high_population_catchment,engineering_review,4
13.0251259,32.6340953,gis_v2_density_circles_geodesic_20260922,119.99105834960938,1460.8211568213426,Aljfara,6263.342370116491,6263.342370116491,1.0,17366.381476493414,17366.381476493414,1.0,90.0,1.0060742735899453,0.5171681203981587,3715.4705512838405,0,0,3,8,3715.4705512838405,10552.39243767766,9553.21405867806,True,True,True,people,5000,people_per_km2,all,3e5d6f9afadaac1f4d1aebe6539fcd69540c23446b0631b0e10c0cb4f9e74d10,87384b6c5ffffff,86384b6c7ffffff,87384b6c5ffffff,7,,Unavailable,30,Grassland,True,False,h3_r7_centre,candidate-b1ca45c89a89,,True,0.8479,0.0421,0.6348,0.7378,55.2542,explainable-gis-v2-20260923,high_population_catchment,engineering_review,5
13.6411255,32.6212245,gis_v2_density_circles_geodesic_20260922,49.98908233642578,411.7594972915872,Almargeb,1696.6303472451725,1696.6303472451725,0.9999999999999964,4651.160808274477,4651.160808274477,1.0,174.0,-11.816627049489654,2.1868455758688854,3449.8099531836483,0,0,1,17,3449.8099531836483,5424.2993534834295,15058.041382941992,True,True,True,people,5000,people_per_km2,all,3e5d6f9afadaac1f4d1aebe6539fcd69540c23446b0631b0e10c0cb4f9e74d10,873fa584effffff,863fa584fffffff,873fa584effffff,7,,Unavailable,30,Grassland,True,False,h3_r7_centre,candidate-ff5e12aa67c8,,True,0.7335,0.0265,0.8971,0.618,54.2564,explainable-gis-v2-20260923,good_road_access,engineering_review,6
12.9566013,32.6102088,gis_v2_density_circles_geodesic_20260922,169.87940979003906,2843.98769617267,Aljfara,3828.3836261326073,3828.3836261326073,1.0,10825.181208038995,10825.181208038995,1.0,84.0,-6.6750559690961495,0.9132583333508466,7217.987115973933,0,0,0,8,7217.987115973933,8642.177030528723,10897.477921300855,True,True,True,people,5000,people_per_km2,all,3e5d6f9afadaac1f4d1aebe6539fcd69540c23446b0631b0e10c0cb4f9e74d10,87384b6f3ffffff,86384b6f7ffffff,87384b6f3ffffff,7,,Unavailable,30,Grassland,True,False,h3_r7_centre,candidate-5f5c895a4075,,True,0.8069,0.2481,0.289,0.6862,52.3612,explainable-gis-v2-20260923,high_population_catchment,engineering_review,7
13.0056319,32.7359092,gis_v2_density_circles_geodesic_20260922,257.23870849609375,2435.789306667799,Aljfara,8347.528546621146,8347.528546621146,1.0,27638.682977477183,27638.682977477183,1.0,65.0,7.7133235621886485,0.38417081482968746,3383.9642328844507,0,0,7,88,4912.095320099099,3383.9642328844507,6331.944198127404,True,True,True,people,5000,people_per_km2,all,3e5d6f9afadaac1f4d1aebe6539fcd69540c23446b0631b0e10c0cb4f9e74d10,87384b609ffffff,86384b60fffffff,87384b609ffffff,7,,Unavailable,30,Grassland,True,False,h3_r7_centre,candidate-74344984bf89,,True,0.8883,0.0226,0.3911,0.7758,51.7885,explainable-gis-v2-20260923,high_population_catchment,engineering_review,8
13.3664714,32.7940818,gis_v2_density_circles_geodesic_20260922,606.6563110351562,3255.8006402581195,Tripoli,28320.929956906228,28320.929956906228,1.0,81503.91267144482,81503.91267144482,0.9999999999999987,86.0,5.141862735988042,1.432971836923225,3521.232159945587,0,0,5,104,3521.232159945587,4311.93643446697,9309.628096372755,True,True,True,people,5000,people_per_km2,all,3e5d6f9afadaac1f4d1aebe6539fcd69540c23446b0631b0e10c0cb4f9e74d10,873fa592bffffff,863fa592fffffff,873fa592bffffff,7,,Unavailable,30,Grassland,True,False,h3_r7_centre,candidate-e59316e969c1,,True,0.9822,0.0307,0.186,0.7279,51.2097,explainable-gis-v2-20260923,high_population_catchment,engineering_review,9
13.0206878,32.7160915,gis_v2_density_circles_geodesic_20260922,199.808837890625,2763.2214229061697,Aljfara,7701.405619120885,7701.405619120885,1.0,27199.835129522857,27199.835129522857,0.9999999999999984,63.0,-0.43322013776987944,0.2933450727657386,4191.8493433880885,0,0,1,45,4191.8493433880885,5634.405128340582,4383.510522605073,True,True,True,people,5000,people_per_km2,all,3e5d6f9afadaac1f4d1aebe6539fcd69540c23446b0631b0e10c0cb4f9e74d10,87384b656ffffff,86384b657ffffff,87384b656ffffff,7,,Unavailable,30,Grassland,True,False,h3_r7_centre,candidate-efdc662a22f0,,True,0.8869,0.0701,0.3092,0.7381,51.1443,explainable-gis-v2-20260923,high_population_catchment,engineering_review,10
13.068027,32.6156061,gis_v2_density_circles_geodesic_20260922,131.66160583496094,2373.64430978707,Aljfara,4660.350758387583,4660.350758387583,1.0,14251.966795637933,14251.966795637933,0.9999999999999984,96.0,3.250522403000474,0.8640516020011552,3733.3826751328934,0,0,1,19,3733.3826751328934,6119.445021789848,10748.40056881853,True,True,True,people,5000,people_per_km2,all,3e5d6f9afadaac1f4d1aebe6539fcd69540c23446b0631b0e10c0cb4f9e74d10,87384b6ccffffff,86384b6cfffffff,87384b6ccffffff,7,,Unavailable,50,Built-up,True,False,h3_r7_centre,candidate-3b36d97999f8,,True,0.8308,0.0431,0.4066,0.7375,50.0317,explainable-gis-v2-20260923,high_population_catchment,engineering_review,11
13.3814892,32.7742098,gis_v2_density_circles_geodesic_20260922,613.0798950195312,3417.7998437382976,Tripoli,19420.541040149594,19420.541040149594,1.0,59402.53412109704,59402.53412109704,1.0,72.0,-5.928809621097756,0.6949700888128238,3139.5370355658906,0,0,8,69,3190.0400979557144,3139.5370355658906,11332.700910350895,True,True,True,people,5000,people_per_km2,all,3e5d6f9afadaac1f4d1aebe6539fcd69540c23446b0631b0e10c0cb4f9e74d10,873fa590dffffff,863fa590fffffff,873fa590dffffff,7,,Unavailable,40,Cropland,True,False,h3_r7_centre,candidate-45e81b7178f1,,True,0.9548,0.0082,0.1456,0.6972,48.3196,explainable-gis-v2-20260923,high_population_catchment,engineering_review,12
12.9543565,32.6512042,gis_v2_density_circles_geodesic_20260922,147.41641235351562,2738.573516922127,Aljfara,5160.595845843294,5160.595845843294,1.0,15709.666388434862,15709.666388434862,1.0,91.0,5.278178482352942,0.9471308212909207,3437.1693808865,0,0,3,17,3437.1693808865,4818.485679275321,8234.652289887284,True,True,True,people,5000,people_per_km2,all,3e5d6f9afadaac1f4d1aebe6539fcd69540c23446b0631b0e10c0cb4f9e74d10,87384b6f5ffffff,86384b6f7ffffff,87384b6f5ffffff,7,,Unavailable,40,Cropland,True,False,h3_r7_centre,candidate-a3dc5274eb87,,True,0.8392,0.0257,0.3154,0.7448,48.0963,explainable-gis-v2-20260923,high_population_catchment,engineering_review,13
13.0808626,32.6367789,gis_v2_density_circles_geodesic_20260922,202.87669372558594,2966.0691922925466,Aljfara,5002.921870541289,5002.921870541289,1.0,16693.116854919634,16693.116854919634,0.9999999999999997,80.0,-4.419625194748932,0.28805316773000506,3946.963147094916,0,0,1,40,3946.963147094916,6857.747208804303,8496.576328614294,True,True,True,people,5000,people_per_km2,all,3e5d6f9afadaac1f4d1aebe6539fcd69540c23446b0631b0e10c0cb4f9e74d10,87384b6ebffffff,86384b6efffffff,87384b6ebffffff,7,,Unavailable,40,Cropland,True,False,h3_r7_centre,candidate-5bfedf589e38,,True,0.8445,0.0557,0.2585,0.7183,47.8042,explainable-gis-v2-20260923,high_population_catchment,engineering_review,14
13.1366164,32.6394386,gis_v2_density_circles_geodesic_20260922,225.07093811035156,3140.4115893303447,Aljfara,6831.757773796965,6831.757773796965,0.9999999999999992,23773.42161564668,23773.42161564668,0.9999999999999994,83.0,-2.0117345416217773,0.24799169987240857,3115.546039821772,0,0,15,62,3115.546039821772,3138.4683714388007,6386.758522154695,True,True,True,people,5000,people_per_km2,all,3e5d6f9afadaac1f4d1aebe6539fcd69540c23446b0631b0e10c0cb4f9e74d10,873fa59b0ffffff,863fa59b7ffffff,873fa59b0ffffff,7,,Unavailable,40,Cropland,True,False,h3_r7_centre,candidate-0e6cbe78e498,,True,0.8752,0.0068,0.2149,0.7317,46.8274,explainable-gis-v2-20260923,high_population_catchment,engineering_review,15
13.6281423,32.6000824,gis_v2_density_circles_geodesic_20260922,37.21527862548828,2165.779191298867,Almargeb,931.9102440277834,931.9102440277834,1.0,3113.6326129636,3113.6326129636,1.0,259.0,30.648123857427237,6.03401666064876,4413.879075478579,0,0,3,16,4910.0652561792085,4413.879075478579,17700.10636667876,True,True,True,people,5000,people_per_km2,all,3e5d6f9afadaac1f4d1aebe6539fcd69540c23446b0631b0e10c0cb4f9e74d10,873fa585dffffff,863fa585fffffff,873fa585dffffff,7,,Unavailable,20,Shrubland,True,False,h3_r7_centre,candidate-9397afcef075,,True,0.6987,0.0832,0.4586,0.7021,46.6345,explainable-gis-v2-20260923,terrain_advantage,engineering_review,16
13.6261648,32.6411513,gis_v2_density_circles_geodesic_20260922,63.33029556274414,2108.4939343910505,Almargeb,2168.370615868011,2168.370615868011,0.9999999999999994,5427.4074975214235,5427.4074975214235,1.0,140.0,-2.8113770879076583,1.5116362160544137,3236.286033873528,0,0,8,21,3360.7617073850206,3236.286033873528,13888.547490114865,True,True,True,people,5000,people_per_km2,all,3e5d6f9afadaac1f4d1aebe6539fcd69540c23446b0631b0e10c0cb4f9e74d10,873fa5841ffffff,863fa5847ffffff,873fa5841ffffff,7,,Unavailable,30,Grassland,True,False,h3_r7_centre,candidate-a2e9ca43536d,,True,0.7469,0.0139,0.4729,0.6856,46.6074,explainable-gis-v2-20260923,meets_minimum_planning_constraints,engineering_review,17
13.0937044,32.6579506,gis_v2_density_circles_geodesic_20260922,245.20489501953125,3648.895051870744,Aljfara,6355.606437977332,6355.606437977332,1.0,23119.893900687817,23119.893900687817,1.0,76.0,-0.8620337270429559,0.12399610098471983,4156.442329475265,0,0,4,51,4156.442329475265,4826.5100280351735,6540.909382854792,True,True,True,people,5000,people_per_km2,all,3e5d6f9afadaac1f4d1aebe6539fcd69540c23446b0631b0e10c0cb4f9e74d10,87384b6e9ffffff,86384b6efffffff,87384b6e9ffffff,7,,Unavailable,40,Cropland,True,False,h3_r7_centre,candidate-8928cb021482,,True,0.8728,0.068,0.0878,0.7416,46.1239,explainable-gis-v2-20260923,high_population_catchment,engineering_review,18
12.997264,32.6327445,gis_v2_density_circles_geodesic_20260922,95.34465026855469,3943.947919907659,Aljfara,4307.83580954345,4307.83580954345,0.9999999999999992,15158.905676078504,15158.905676078504,0.9999999999999976,85.0,-4.387164055075019,0.6627396147543377,4893.326798112524,0,0,1,9,4893.326798112524,9255.970706770862,11017.022631056721,True,True,True,people,5000,people_per_km2,all,3e5d6f9afadaac1f4d1aebe6539fcd69540c23446b0631b0e10c0cb4f9e74d10,87384b6c4ffffff,86384b6c7ffffff,87384b6c4ffffff,7,,Unavailable,60,Bare / sparse vegetation,True,False,h3_r7_centre,candidate-cfa0b3cbfd65,,True,0.8361,0.1114,0.014,0.706,44.1267,explainable-gis-v2-20260923,high_population_catchment,engineering_review,19
13.3468884,32.6286796,gis_v2_density_circles_geodesic_20260922,53.256141662597656,3246.4266748182094,Aljfara,2026.541418427731,2026.541418427731,0.999999999999998,6850.95970564899,6850.95970564899,0.9999999999999997,100.0,-5.231155171933622,0.8846818473651626,3055.4884327612513,0,0,5,35,3055.4884327612513,4820.86056650537,11525.080880557041,True,True,True,people,5000,people_per_km2,all,3e5d6f9afadaac1f4d1aebe6539fcd69540c23446b0631b0e10c0cb4f9e74d10,873fa5833ffffff,863fa5837ffffff,873fa5833ffffff,7,,Unavailable,60,Bare / sparse vegetation,True,False,h3_r7_centre,candidate-59314f88c2a7,,True,0.7672,0.0033,0.1884,0.6944,41.4958,explainable-gis-v2-20260923,meets_minimum_planning_constraints,engineering_review,20
