record_id,source_file,owner_confirmed_almadar,status,operator
sqlite:604,Libyan_cells_dataset/cells.sqlite3,True,invalid_or_outside_boundary,Al-Madar
sqlite:690,Libyan_cells_dataset/cells.sqlite3,True,invalid_or_outside_boundary,Al-Madar
sqlite:746,Libyan_cells_dataset/cells.sqlite3,False,invalid_or_outside_boundary,Unknown
sqlite:767,Libyan_cells_dataset/cells.sqlite3,False,invalid_or_outside_boundary,Unknown
sqlite:1142,Libyan_cells_dataset/cells.sqlite3,False,invalid_or_outside_boundary,Unknown
sqlite:1148,Libyan_cells_dataset/cells.sqlite3,False,invalid_or_outside_boundary,Unknown
sqlite:1149,Libyan_cells_dataset/cells.sqlite3,False,invalid_or_outside_boundary,Unknown
sqlite:1285,Libyan_cells_dataset/cells.sqlite3,False,invalid_or_outside_boundary,Unknown
sqlite:1403,Libyan_cells_dataset/cells.sqlite3,False,invalid_or_outside_boundary,Unknown
sqlite:1454,Libyan_cells_dataset/cells.sqlite3,False,invalid_or_outside_boundary,Unknown
sqlite:1457,Libyan_cells_dataset/cells.sqlite3,False,invalid_or_outside_boundary,Unknown
sqlite:1516,Libyan_cells_dataset/cells.sqlite3,False,invalid_or_outside_boundary,Unknown
sqlite:1789,Libyan_cells_dataset/cells.sqlite3,False,invalid_or_outside_boundary,Unknown
sqlite:1839,Libyan_cells_dataset/cells.sqlite3,False,invalid_or_outside_boundary,Unknown
sqlite:1921,Libyan_cells_dataset/cells.sqlite3,False,invalid_or_outside_boundary,Unknown
sqlite:1961,Libyan_cells_dataset/cells.sqlite3,False,invalid_or_outside_boundary,Unknown
sqlite:2034,Libyan_cells_dataset/cells.sqlite3,False,invalid_or_outside_boundary,Unknown
sqlite:2039,Libyan_cells_dataset/cells.sqlite3,False,invalid_or_outside_boundary,Unknown
sqlite:2137,Libyan_cells_dataset/cells.sqlite3,False,invalid_or_outside_boundary,Unknown
sqlite:2139,Libyan_cells_dataset/cells.sqlite3,False,invalid_or_outside_boundary,Unknown
sqlite:2730,Libyan_cells_dataset/cells.sqlite3,False,invalid_or_outside_boundary,Unknown
sqlite:2776,Libyan_cells_dataset/cells.sqlite3,False,invalid_or_outside_boundary,Unknown
sqlite:2869,Libyan_cells_dataset/cells.sqlite3,False,invalid_or_outside_boundary,Unknown
sqlite:3079,Libyan_cells_dataset/cells.sqlite3,False,invalid_or_outside_boundary,Unknown
sqlite:4142,Libyan_cells_dataset/cells.sqlite3,False,invalid_or_outside_boundary,Unknown
sqlite:4197,Libyan_cells_dataset/cells.sqlite3,False,invalid_or_outside_boundary,Unknown
